patient_id,age,gender,bmi,heart_rate,systolic_bp,diastolic_bp,respiratory_rate,oxygen_saturation,glucose,creatinine,wbc_count,severity_score,ventilation_required,chronic_conditions,survived_icu
ICU_00301,51,1,20.0,78.6,128.3,67.1,13.7,92.4,40.0,2.98,1.45,14,0,1,1
ICU_05027,54,0,25.5,124.2,146.4,91.9,19.4,83.9,129.6,0.31,4.67,14,1,1,0
ICU_00475,57,0,27.6,124.7,127.6,78.3,10.4,100.0,274.0,4.37,10.32,24,1,1,0
ICU_04732,43,1,24.8,89.9,123.3,67.3,17.8,92.5,218.4,1.94,24.55,15,1,4,0
ICU_01889,61,0,21.4,96.1,187.0,71.6,25.1,86.2,126.5,0.37,8.47,3,0,1,1
ICU_02045,82,0,23.5,89.4,122.8,64.7,34.2,100.0,220.5,1.83,1.0,6,0,3,0
ICU_04097,51,1,,57.1,143.2,53.8,,,90.2,,,3,0,0,0
ICU_05817,65,1,28.6,54.1,114.3,61.0,20.8,97.9,221.8,0.49,7.63,19,0,5,1
ICU_00734,80,0,24.1,62.6,123.0,76.4,15.6,100.0,135.4,0.42,6.69,3,1,1,0
ICU_03391,47,1,12.1,77.5,158.0,69.0,27.8,100.0,185.9,0.3,13.7,20,0,1,1
ICU_03021,53,1,32.0,94.1,97.7,50.0,27.1,96.2,69.2,3.04,1.0,23,0,0,1
ICU_00780,65,1,29.2,88.6,92.8,70.6,17.1,94.7,154.9,0.83,15.48,2,1,1,0
ICU_03249,28,0,37.2,89.8,95.9,115.5,24.3,94.9,159.3,3.86,8.72,4,0,1,0
ICU_03997,56,1,16.5,83.0,68.7,80.4,13.7,94.5,157.1,1.12,7.0,13,0,0,1
ICU_05847,44,1,10.7,82.6,101.9,60.9,15.0,100.0,139.3,2.67,19.76,11,1,3,1
ICU_05084,79,1,34.9,79.1,179.5,81.4,22.6,96.6,184.9,1.16,1.0,13,0,0,1
ICU_04357,56,1,31.4,80.5,117.3,88.9,17.8,89.6,81.2,2.51,4.9,18,0,3,1
ICU_03155,32,0,,91.1,123.6,83.9,,,163.4,,,15,1,0,0
ICU_04483,71,0,31.5,108.4,111.5,106.7,22.6,91.8,107.5,1.35,27.94,14,0,1,0
ICU_03499,55,1,19.1,75.7,102.1,78.8,27.4,98.2,40.0,1.5,1.42,2,1,1,1
ICU_04227,69,0,,77.4,149.2,91.3,,,133.6,,,4,1,5,1
ICU_02534,54,1,,126.6,172.4,56.1,,,75.4,,,11,1,2,1
ICU_00433,74,0,,105.8,130.5,61.5,,,157.5,,,17,1,4,1
ICU_02454,74,1,24.9,86.7,181.7,111.9,19.9,86.9,199.6,0.97,,7,1,2,0
ICU_04054,43,1,24.4,131.6,107.2,35.6,21.6,90.1,202.1,1.06,7.69,1,0,1,1
ICU_01783,75,1,20.7,51.1,93.3,58.9,19.9,89.0,113.7,0.3,3.07,20,1,1,0
ICU_02657,78,0,33.4,32.2,135.1,54.5,16.4,88.0,150.2,1.26,11.53,7,1,1,1
ICU_04588,53,1,25.3,112.8,144.7,65.9,22.2,92.0,248.0,2.12,2.14,7,1,1,1
ICU_04704,72,0,,103.7,100.4,75.3,19.4,92.9,266.6,,,22,0,1,1
ICU_03486,89,1,19.3,73.1,160.4,99.7,15.8,95.0,97.1,1.74,1.45,14,1,1,1
ICU_04369,66,1,29.9,70.9,133.8,126.0,9.1,92.8,173.9,3.69,17.46,17,1,2,0
ICU_01850,50,1,,70.7,101.9,48.4,,,145.8,,,0,1,4,0
ICU_01944,73,1,32.7,96.7,127.9,69.1,25.2,93.8,294.8,1.05,14.04,0,0,1,1
ICU_01879,47,0,28.7,81.9,180.4,112.5,14.2,100.0,163.5,1.41,5.09,8,0,2,1
ICU_DUP_0018,43,1,21.4,87.3,139.4,98.1,11.2,85.5,262.5,0.36,1.08,10,0,1,1
ICU_04582,61,1,29.6,57.6,220.0,107.3,12.1,94.0,214.2,0.3,7.15,9,1,0,0
ICU_02768,52,0,28.2,48.1,152.8,93.3,12.8,95.4,227.3,3.14,7.24,7,0,1,1
ICU_03581,85,1,29.0,106.1,120.1,75.9,21.8,96.7,78.3,0.3,6.4,22,1,1,1
ICU_01500,76,0,34.8,45.1,132.5,79.9,27.0,92.2,144.3,0.3,,23,1,3,0
ICU_04557,68,1,25.3,78.1,117.5,57.4,13.9,90.9,154.2,1.67,6.04,16,1,3,1
ICU_02547,51,0,25.8,128.0,124.4,66.4,19.2,98.0,110.8,0.3,4.62,24,0,0,1
ICU_02726,80,0,,98.8,134.3,76.6,,,102.8,,,2,0,1,1
ICU_03344,44,0,41.4,79.8,143.3,80.7,24.1,100.0,199.8,2.21,8.62,6,0,3,1
ICU_04148,52,1,25.0,77.1,161.1,76.3,27.2,92.0,158.9,2.23,8.43,7,0,0,1
ICU_00173,68,0,32.6,92.7,150.0,100.0,10.3,92.1,140.1,0.3,9.13,9,0,0,1
ICU_00605,95,1,25.2,78.7,87.3,85.5,27.7,100.0,119.8,0.3,12.46,3,0,1,0
ICU_03714,80,0,26.2,102.3,95.7,71.0,26.5,93.4,124.9,0.95,9.19,1,0,0,1
ICU_05276,35,0,37.1,88.4,133.6,64.3,24.2,96.9,91.0,0.3,1.0,13,1,1,0
ICU_04293,58,1,18.2,118.1,147.5,58.1,20.1,95.4,170.9,0.3,9.2,4,1,1,0
ICU_05109,63,1,36.3,102.1,113.9,103.7,25.5,92.8,118.6,0.61,10.74,9,0,1,1
ICU_01245,39,1,26.8,83.7,111.5,76.2,26.3,91.1,129.9,2.8,2.09,15,1,2,1
ICU_02180,58,1,28.5,78.1,127.4,56.0,17.9,90.8,40.0,0.63,6.88,20,1,0,0
ICU_02219,57,1,33.6,59.4,130.9,63.5,17.3,100.0,296.0,0.93,2.88,9,0,2,1
ICU_02283,44,0,32.2,67.2,69.5,67.6,17.9,94.5,259.3,1.99,20.55,1,0,4,1
ICU_DUP_0061,53,1,32.0,94.1,97.7,50.0,27.1,96.2,69.2,3.04,1.0,23,0,0,1
ICU_05952,49,0,22.9,36.2,169.0,47.2,17.1,95.6,143.8,5.38,3.02,17,0,5,0
ICU_02229,80,0,21.0,102.6,115.9,50.4,20.6,88.0,165.0,1.27,7.09,1,0,3,1
ICU_03759,61,1,,71.0,128.4,80.9,,,87.1,,,8,0,1,0
ICU_05802,54,0,22.6,89.6,85.7,68.6,29.3,92.0,79.7,1.07,3.72,0,1,0,0
ICU_01601,86,1,31.1,53.6,154.5,66.2,11.8,84.4,247.9,0.62,7.76,16,0,1,1
ICU_03472,62,1,24.4,70.8,151.7,50.6,16.1,100.0,259.5,2.85,5.63,13,0,1,1
ICU_01941,54,1,29.3,92.9,105.6,93.0,22.7,97.7,201.9,0.69,1.65,12,0,1,1
ICU_00937,74,1,23.5,64.1,129.4,54.5,7.5,95.3,124.4,0.3,15.36,13,1,0,0
ICU_01566,63,0,22.9,99.2,90.5,48.4,24.8,100.0,100.4,0.88,7.04,8,0,3,0
ICU_04081,49,1,24.4,38.9,78.5,64.3,12.6,93.7,41.7,3.35,4.24,16,0,0,1
ICU_04279,68,0,24.0,52.6,60.1,72.7,20.1,100.0,131.0,1.2,5.72,16,0,2,0
ICU_00627,59,1,32.7,80.9,100.9,63.8,26.0,93.5,146.0,2.53,1.08,21,1,3,0
ICU_03341,57,1,31.6,103.0,144.5,34.1,21.8,91.1,94.8,3.7,6.37,1,0,3,1
ICU_05053,57,1,15.8,98.2,92.1,75.9,12.3,100.0,178.7,2.58,5.91,5,1,3,1
ICU_03302,65,0,22.2,92.2,151.1,68.1,20.2,100.0,135.9,3.2,1.0,6,0,3,1
ICU_04778,42,1,19.6,80.9,115.9,58.6,17.1,92.1,187.7,0.3,2.67,11,0,0,1
ICU_04038,61,0,,91.8,83.3,99.0,,,192.5,,,7,0,2,0
ICU_01518,43,0,32.5,87.7,122.5,58.1,19.6,90.8,180.5,0.65,,23,0,1,1
ICU_05686,84,0,31.9,100.2,112.4,98.0,14.0,96.5,59.7,0.57,3.76,15,1,2,0
ICU_05553,73,1,22.6,94.4,161.0,109.2,20.0,94.6,238.4,1.36,32.72,3,1,3,1
ICU_03862,61,0,44.0,88.7,144.0,65.4,21.4,95.7,70.1,1.14,1.6,13,0,1,1
ICU_03576,47,1,29.2,124.7,99.8,64.7,8.8,89.7,202.4,1.49,5.47,14,1,0,1
ICU_04035,79,1,25.7,91.9,162.0,66.1,10.2,87.6,138.2,0.3,10.14,24,1,0,0
ICU_05656,80,1,26.8,60.9,60.0,55.4,14.6,98.0,172.0,1.31,4.46,17,1,1,0
ICU_03108,70,0,29.9,121.2,143.6,54.7,19.3,100.0,91.3,0.97,1.0,15,0,0,1
ICU_00952,39,0,19.8,63.1,177.7,71.8,17.1,91.1,144.3,0.3,2.07,5,1,1,1
ICU_00693,73,0,23.0,108.6,168.2,79.4,16.5,91.9,194.1,0.3,16.83,3,1,4,1
ICU_DUP_0043,58,1,23.2,116.6,129.2,82.1,8.3,90.9,92.5,0.31,11.28,23,1,1,0
ICU_01293,77,1,24.9,76.4,138.0,79.9,13.7,100.0,218.4,1.74,16.85,9,0,0,0
ICU_04873,66,1,21.1,102.4,136.6,64.8,16.6,95.9,173.7,0.3,43.16,23,1,2,1
ICU_01646,58,1,23.6,104.8,81.5,50.6,6.0,100.0,141.3,1.45,1.4,6,0,5,0
ICU_01155,80,1,,78.0,173.3,90.9,,,95.3,,,10,1,0,0
ICU_00024,52,0,25.4,71.0,116.4,62.6,17.7,96.7,167.3,0.3,1.0,22,0,3,1
ICU_03893,27,1,20.3,103.5,116.5,76.1,14.2,100.0,41.1,1.52,7.93,18,0,2,1
ICU_00771,51,0,28.6,100.3,113.9,88.8,16.6,96.4,61.6,0.3,4.7,13,1,4,1
ICU_05178,59,0,16.9,109.5,177.7,59.5,7.2,100.0,73.9,0.38,1.74,11,0,1,0
ICU_04518,68,0,32.2,73.9,88.0,79.7,12.6,95.9,139.9,0.91,6.86,22,1,2,1
ICU_03956,60,1,33.1,36.5,122.1,50.2,14.6,97.3,235.0,2.02,20.55,16,1,5,0
ICU_01857,57,1,20.4,87.5,112.6,83.0,17.7,97.0,40.0,0.54,1.02,21,1,0,1
ICU_01701,70,0,,87.7,139.1,80.3,,,154.4,,,0,0,1,1
ICU_05066,62,0,22.5,102.6,86.4,66.6,13.5,100.0,162.0,0.3,8.11,2,0,4,1
ICU_02616,48,0,28.0,86.2,142.5,86.6,13.5,93.1,139.1,0.75,1.69,19,0,0,0
ICU_02256,77,1,36.1,99.6,93.1,99.7,21.3,97.9,166.7,0.3,6.63,13,0,0,1
ICU_04809,54,1,23.8,71.5,120.6,90.3,14.9,100.0,196.3,0.36,4.11,5,0,3,1
ICU_01175,56,1,22.1,96.9,132.5,88.0,17.0,98.4,129.2,0.3,5.65,8,0,1,1
ICU_04299,47,1,18.5,119.2,161.6,62.0,21.6,92.2,164.2,1.06,16.07,0,0,3,0
ICU_03611,64,0,19.1,86.6,114.5,70.0,16.9,99.0,47.2,1.57,50.0,8,0,0,1
ICU_00902,62,0,25.1,94.1,114.1,73.2,17.4,100.0,163.5,2.24,39.68,8,0,2,1
ICU_03146,49,0,36.9,98.7,158.8,79.6,19.7,95.7,67.9,0.99,7.81,8,1,3,1
ICU_00764,82,0,24.6,84.9,81.0,89.3,17.0,88.6,151.7,1.68,1.0,18,0,4,1
ICU_02274,42,0,19.5,104.0,150.4,90.1,8.5,100.0,251.7,0.3,42.41,24,0,1,1
ICU_02176,33,1,24.3,93.9,191.2,61.3,20.4,100.0,174.8,0.3,9.28,6,0,3,1
ICU_02845,42,1,30.9,84.8,80.7,73.3,25.6,100.0,168.0,0.3,3.85,5,0,2,1
ICU_02526,69,0,36.7,98.5,156.1,73.1,18.1,92.5,60.4,1.88,5.69,0,1,5,0
ICU_03938,55,1,26.1,126.4,84.9,70.1,16.8,88.7,40.0,0.41,5.61,17,0,0,1
ICU_02272,49,0,42.0,75.6,76.5,64.7,24.3,86.8,137.4,0.88,19.22,18,0,1,0
ICU_00913,90,0,,112.3,128.9,95.2,,,213.8,,,11,0,1,1
ICU_02785,55,1,19.2,108.4,143.7,80.6,7.2,91.6,58.3,0.77,7.45,7,0,2,1
ICU_05004,75,0,24.5,84.6,64.4,56.7,19.4,94.7,176.5,1.1,4.32,12,1,0,1
ICU_02202,74,0,26.3,112.6,93.1,30.0,9.2,97.7,198.1,0.6,1.0,18,0,0,0
ICU_04173,44,1,,58.3,103.8,42.3,,,40.0,,,13,1,0,0
ICU_02754,60,1,25.0,81.6,116.7,116.7,18.5,90.4,237.6,2.86,5.67,12,0,1,1
ICU_03561,48,0,36.8,79.5,69.5,42.6,16.6,93.7,108.7,1.26,8.15,20,0,1,0
ICU_05584,83,0,28.6,80.5,69.6,73.8,15.6,100.0,182.8,2.46,2.95,22,1,0,1
ICU_02566,44,0,13.1,57.1,60.0,88.8,17.5,89.6,98.0,0.3,22.21,24,0,1,1
ICU_02914,74,1,32.9,91.7,116.4,88.2,22.4,94.6,168.2,1.03,30.19,20,0,5,0
ICU_01430,67,1,20.9,101.9,107.7,69.7,17.6,97.0,236.1,1.93,2.33,12,0,0,1
ICU_01605,44,0,26.3,94.4,122.2,83.6,7.9,90.2,155.0,1.66,38.03,7,1,2,0
ICU_04592,71,0,17.8,108.6,109.1,78.1,8.8,100.0,123.7,1.08,7.49,16,1,3,1
ICU_00884,74,1,20.7,51.6,146.7,85.6,15.4,100.0,149.7,0.35,2.33,21,1,1,1
ICU_00240,47,0,,115.3,93.5,54.7,,,111.9,,,5,1,2,1
ICU_05892,36,0,27.6,104.0,119.8,105.2,23.3,100.0,118.2,0.99,9.23,6,1,3,1
ICU_05863,29,1,23.7,87.0,98.4,76.0,21.0,85.8,53.2,0.92,2.19,20,1,1,1
ICU_05930,44,1,25.1,100.7,78.5,57.3,23.0,86.6,186.7,1.09,25.36,20,0,1,0
ICU_03437,39,1,21.8,57.1,108.4,86.9,14.0,91.7,101.3,1.33,18.47,4,0,0,1
ICU_01724,45,0,22.0,92.4,120.4,72.5,18.3,88.5,170.7,0.93,3.33,0,1,2,1
ICU_00674,36,1,35.6,69.3,168.7,60.2,13.8,87.6,112.1,1.94,11.76,1,0,0,1
ICU_04516,54,0,28.8,86.6,128.0,57.0,18.5,90.8,40.0,3.34,8.56,24,0,1,1
ICU_00587,46,0,32.7,107.4,76.6,103.4,17.7,92.4,223.3,0.68,8.75,21,0,3,1
ICU_05341,69,0,,98.9,103.0,74.4,8.5,,269.1,,,23,1,0,0
ICU_03118,80,0,21.1,84.1,122.1,52.6,14.8,92.8,114.5,0.3,26.62,6,0,1,0
ICU_05247,33,0,27.4,136.8,130.0,43.1,6.3,92.3,170.7,3.22,1.95,10,0,0,0
ICU_03156,39,1,25.1,103.7,115.3,87.1,23.7,98.8,190.3,1.54,3.69,12,0,3,1
ICU_04060,75,1,17.1,50.4,90.1,89.5,20.1,99.4,153.0,0.84,4.25,15,0,0,1
ICU_03818,54,0,17.2,73.6,139.1,76.9,12.2,100.0,180.8,0.3,5.46,9,1,1,1
ICU_05586,50,1,23.7,143.1,139.6,79.8,8.5,97.1,75.9,0.86,14.61,14,0,0,1
ICU_02289,87,1,25.5,88.3,75.4,65.4,12.6,84.0,55.7,0.47,1.35,16,1,1,0
ICU_00290,58,0,30.3,63.6,76.7,94.3,11.8,89.6,79.8,0.3,11.37,17,0,2,1
ICU_03774,30,1,18.0,74.6,127.7,121.4,18.6,100.0,230.0,0.43,10.58,20,0,1,0
ICU_04583,76,0,28.1,70.0,139.6,82.5,23.5,100.0,93.0,0.64,2.57,12,0,1,0
ICU_04169,49,1,31.3,88.7,114.7,71.5,13.1,100.0,54.7,0.33,2.88,0,0,1,1
ICU_04082,92,0,18.1,80.1,218.9,119.2,23.9,98.7,216.9,2.27,8.66,11,1,2,0
ICU_01751,74,1,34.7,82.2,77.4,51.1,16.9,98.6,176.2,3.0,29.79,2,0,0,1
ICU_01142,59,1,26.6,592.4904822154317,1175.36125344954,45.9,25.5,88.7,1138.4459275562278,3.895128206315652,4.58,12,1,0,1
ICU_05368,53,0,25.2,102.0,101.4,51.7,15.6,92.3,150.2,1.01,,18,0,5,0
ICU_02348,74,1,33.6,81.5,126.9,130.0,17.9,97.9,152.3,0.3,1.63,20,0,3,1
ICU_04005,72,1,,72.7,128.6,68.3,,,111.5,,,22,1,0,0
ICU_05792,67,1,35.2,102.9,124.0,85.9,16.3,93.5,264.2,0.54,10.5,14,0,0,1
ICU_05904,45,1,28.8,133.2,81.3,64.7,17.4,100.0,161.9,1.71,18.1,5,0,0,1
ICU_03047,55,1,24.9,58.9,87.9,35.9,18.1,94.9,63.3,0.5,4.59,4,1,2,1
ICU_01212,49,0,29.7,46.8,135.6,56.6,16.0,89.8,197.9,1.47,38.35,0,0,0,1
ICU_03137,43,1,20.2,81.6,154.9,84.4,26.5,94.3,172.0,1.89,5.29,11,1,0,1
ICU_02554,46,1,,69.0,114.9,91.4,,,40.0,,,18,1,0,1
ICU_04000,46,0,18.2,113.1,116.7,75.6,10.4,94.6,100.4,0.89,17.79,17,1,2,1
ICU_03493,52,1,30.7,111.0,136.5,53.0,20.9,94.5,121.1,0.3,35.54,10,0,0,1
ICU_01076,33,0,,56.7,111.1,93.4,,,201.4,,,24,1,1,1
ICU_02249,78,1,16.0,91.8,150.7,63.4,11.8,92.1,109.4,0.92,16.23,13,0,3,0
ICU_04623,75,1,29.3,86.7,122.7,71.6,24.4,96.4,153.2,0.3,15.76,1,0,4,1
ICU_03079,57,0,20.0,72.4,97.7,88.8,23.3,93.8,127.2,1.69,2.25,4,0,3,0
ICU_00109,60,1,33.5,90.5,152.4,50.5,19.9,92.0,132.3,1.55,26.38,6,0,3,1
ICU_03008,81,1,14.1,94.2,150.4,70.9,18.0,90.3,201.6,1.47,1.0,3,0,0,0
ICU_03740,49,0,30.1,118.1,121.2,90.4,16.3,96.1,135.7,2.51,5.17,7,0,4,1
ICU_00872,37,0,36.0,77.3,174.8,85.4,14.4,92.0,173.5,0.3,1.0,8,1,5,1
ICU_01499,72,1,17.1,61.3,103.2,63.7,34.0,94.5,89.6,0.8,1.0,1,0,2,1
ICU_01657,85,0,22.7,67.7,148.7,51.6,16.4,89.5,131.0,0.72,5.57,14,0,2,0
ICU_04133,84,0,28.9,95.7,119.4,110.8,14.4,94.4,97.2,5.59,1.0,19,1,1,1
ICU_05116,92,1,20.7,73.6,139.6,65.4,21.8,96.5,163.7,0.3,4.14,5,0,0,0
ICU_04383,65,0,33.3,99.5,143.5,89.8,22.9,94.8,253.4,2.4,3.11,21,1,1,0
ICU_03043,66,1,,124.8,98.2,53.2,,,89.8,,,9,0,2,1
ICU_00967,94,0,28.4,72.6,81.7,48.8,16.3,100.0,175.7,0.68,1.95,11,1,1,0
ICU_01602,50,1,,77.0,75.2,87.6,,,257.8,,,3,0,1,1
ICU_00871,47,1,21.1,114.8,91.9,57.4,13.5,90.7,40.0,1.24,2.42,21,1,4,0
ICU_00665,63,1,20.4,97.5,63.4,75.2,18.2,100.0,183.7,1.35,1.79,22,0,5,0
ICU_03558,59,0,20.9,86.6,110.3,72.9,28.9,90.5,81.6,1.71,14.23,8,1,3,1
ICU_04165,76,0,30.0,92.3,131.3,68.0,23.2,96.8,40.0,0.81,4.06,3,0,3,0
ICU_05882,74,1,18.5,91.3,104.8,85.2,26.4,94.3,212.3,1.46,6.17,20,1,1,0
ICU_04547,60,0,17.4,69.9,175.8,116.6,23.0,100.0,213.0,0.73,4.05,5,0,0,1
ICU_01017,53,1,44.8,75.2,125.4,87.0,20.9,95.0,129.3,0.63,10.56,9,1,5,1
ICU_04042,32,0,29.1,109.7,60.0,83.5,21.8,96.7,161.8,1.54,6.79,4,1,2,1
ICU_00391,70,0,,99.4,75.2,93.9,,,163.9,,,13,1,5,0
ICU_04178,94,1,34.6,85.3,108.8,105.1,6.0,99.2,40.0,0.3,6.91,9,0,1,0
ICU_04306,50,1,33.1,83.3,85.1,53.8,14.4,87.5,159.1,0.3,4.81,6,0,3,1
ICU_01747,71,1,23.2,93.0,139.5,67.5,20.5,94.1,112.7,1.87,11.68,22,1,2,0
ICU_02746,66,0,19.9,96.5,111.0,84.0,17.3,92.2,113.9,0.87,5.19,17,0,0,0
ICU_01398,83,0,29.2,100.9,97.6,75.9,23.9,99.9,87.4,0.3,1.85,13,1,1,0
ICU_04466,77,0,32.1,105.0,80.4,97.1,17.9,97.0,91.8,0.58,25.21,8,0,3,1
ICU_00554,68,0,32.0,97.7,157.2,55.3,18.4,94.6,105.4,1.07,26.25,1,0,2,1
ICU_03904,91,1,,134.7,163.8,98.3,,,147.3,,,3,0,1,0
ICU_00229,74,1,17.4,58.0,92.6,81.0,11.5,87.6,186.5,0.98,9.21,12,1,1,1
ICU_05475,91,1,47.2,93.1,60.0,72.8,11.3,93.3,171.8,0.3,5.71,0,0,2,1
ICU_05076,62,1,,99.2,107.9,95.8,,,76.5,,,9,0,1,1
ICU_02823,36,0,28.8,71.0,93.1,54.6,7.4,100.0,140.6,1.18,11.33,14,0,2,1
ICU_04174,58,1,49.1,63.4,130.1,56.2,17.9,92.0,125.4,4.08,4.24,6,0,2,1
ICU_02490,61,0,,75.5,105.3,74.9,,,98.7,,,5,1,0,1
ICU_05187,65,1,,77.0,84.3,75.7,,,40.0,,,23,0,1,1
ICU_05571,52,1,20.4,83.3,111.5,83.3,21.4,97.0,138.2,1.51,25.6,9,0,2,0
ICU_02309,77,0,25.6,127.4,90.5,41.9,9.8,95.4,40.0,1.31,8.33,10,1,1,0
ICU_03807,26,0,,53.4,123.2,68.3,21.0,100.0,142.3,,,19,1,1,1
ICU_04147,60,1,,69.0,131.4,86.8,,,40.0,,,16,0,5,0
ICU_02942,73,0,13.7,100.6,138.9,86.0,20.5,91.4,106.8,1.18,7.94,22,1,1,0
ICU_03519,22,0,,81.7,130.3,117.0,,,104.2,,,16,1,3,1
ICU_04142,68,1,28.1,81.6,118.4,73.8,18.6,100.0,231.3,0.34,5.7,5,1,3,1
ICU_01842,52,0,26.7,105.8,106.2,64.7,19.8,91.0,261.3,1.87,1.0,24,0,0,1
ICU_00840,61,0,40.2,72.2,151.3,47.8,19.1,94.2,161.3,0.91,1.0,21,1,0,1
ICU_01290,68,0,18.2,112.3,120.8,98.6,17.4,100.0,206.9,0.75,13.84,22,1,0,1
ICU_05997,40,0,27.7,78.1,97.9,62.0,29.1,95.9,99.0,0.48,17.5,21,1,0,0
ICU_01154,91,1,21.4,110.1,60.6,54.1,15.9,100.0,247.2,0.75,16.37,23,0,0,0
ICU_05976,91,0,21.6,67.0,109.4,85.8,22.0,92.1,57.9,1.5,3.07,18,1,1,0
ICU_00889,81,1,,92.2,142.9,75.3,,,43.3,,,10,1,1,1
ICU_02831,45,0,12.8,52.5,149.4,92.3,26.1,92.9,96.3,5.11,12.45,15,0,0,1
ICU_00515,75,1,29.4,87.5,146.2,54.6,16.0,98.9,71.3,0.58,39.57,7,1,0,1
ICU_01196,61,1,22.6,77.4,105.6,71.2,17.1,100.0,143.5,0.3,7.35,1,1,1,1
ICU_03235,65,0,26.1,92.5,122.8,77.3,23.0,88.4,198.3,1.3,18.75,3,1,2,1
ICU_04893,59,0,26.0,106.9,129.4,69.8,10.2,99.1,192.9,2.33,1.34,15,0,1,0
ICU_02524,78,1,25.6,124.2,116.9,49.4,21.5,89.7,108.8,0.94,1.0,24,1,1,0
ICU_03131,61,0,33.7,105.2,127.7,55.8,17.3,94.6,234.4,1.53,21.33,1,1,3,1
ICU_00928,90,0,27.1,96.0,145.5,43.5,17.5,94.3,115.5,0.91,4.33,11,1,2,0
ICU_00060,53,1,24.3,102.2,139.7,87.5,31.8,96.6,211.2,0.88,14.68,15,0,2,1
ICU_03512,92,1,41.5,68.6,128.7,52.6,14.0,98.2,159.6,1.26,1.85,18,0,1,0
ICU_01715,60,0,19.1,64.6,135.1,57.8,19.5,100.0,108.1,2.37,1.0,14,0,1,0
ICU_02420,80,1,21.1,95.4,140.5,79.1,20.6,97.3,182.0,2.09,3.11,9,0,0,1
ICU_01163,32,0,,103.7,108.0,82.0,,,230.7,,,5,0,2,1
ICU_04744,90,0,14.6,1207.8399798824319,615.1526120083854,69.8,18.3,97.0,712.3995220968471,2.275540089738249,2.06,16,0,3,0
ICU_04258,60,0,,90.5,128.1,50.4,,,184.9,,,3,0,1,1
ICU_00622,95,0,40.5,95.9,146.0,74.4,19.5,98.7,257.7,1.33,8.73,6,0,1,1
ICU_01217,67,0,22.1,94.8,93.2,81.6,10.5,93.4,193.6,0.3,22.83,24,1,1,0
ICU_00211,82,1,40.5,115.3,159.1,99.4,15.4,93.9,153.3,0.46,8.83,16,1,1,0
ICU_05635,74,1,,72.4,88.9,59.7,,,134.6,,,18,1,3,0
ICU_00999,72,0,37.3,80.0,153.9,83.9,30.7,98.3,109.3,0.57,1.0,10,0,0,1
ICU_01423,46,1,33.8,75.3,143.1,67.0,25.9,90.2,146.7,0.79,1.65,0,0,1,0
ICU_04478,36,1,17.2,114.4,161.6,81.7,18.3,94.9,143.7,0.32,6.99,1,0,1,1
ICU_03595,82,1,,75.9,152.6,70.0,,,100.6,,,19,0,5,0
ICU_04666,50,0,31.3,81.0,131.9,83.7,20.3,100.0,169.0,0.49,3.45,16,1,2,0
ICU_02250,59,0,20.6,70.7,92.8,71.1,22.5,88.0,113.2,0.3,30.54,23,1,2,1
ICU_04924,70,0,23.3,70.9,135.7,77.9,15.1,96.5,183.2,0.53,4.02,22,0,1,0
ICU_00198,63,1,,58.0,104.5,79.6,,,171.5,,,22,0,0,1
ICU_04921,67,0,,35.5,103.3,94.0,,,154.7,,,2,1,2,1
ICU_04916,81,0,33.9,63.8,80.7,93.1,22.7,90.5,200.4,2.24,12.43,4,1,1,0
ICU_00818,63,0,,72.7,135.4,62.4,20.1,,194.8,,,6,0,2,1
ICU_02041,54,0,30.4,95.0,90.0,77.1,12.2,97.7,130.2,1.54,17.49,11,0,0,1
ICU_05445,58,1,20.8,112.5,127.7,64.0,15.2,97.3,209.1,0.83,8.16,23,0,3,1
ICU_00711,60,1,,113.0,136.3,71.0,,,151.1,,,16,0,1,1
ICU_01568,33,0,34.4,122.8,131.9,72.0,18.4,100.0,216.7,2.22,22.04,20,0,0,0
ICU_05986,47,1,33.1,109.1,118.8,43.6,19.3,94.6,267.3,1.39,1.13,4,0,0,1
ICU_05493,95,0,23.3,72.0,120.2,107.4,9.1,91.8,87.6,0.42,4.44,3,0,3,0
ICU_01847,46,0,31.8,71.3,154.3,46.7,6.4,96.3,122.3,0.3,1.96,13,1,3,1
ICU_02015,58,1,28.2,89.2,126.5,59.7,21.2,93.4,190.8,0.79,2.53,9,1,3,0
ICU_02661,45,1,34.4,70.4,162.3,67.7,19.5,97.8,40.0,2.19,11.74,1,1,2,1
ICU_00357,56,0,43.9,83.6,107.3,85.4,20.3,93.8,59.1,1.96,22.52,15,1,2,0
ICU_05819,57,1,15.1,86.0,172.4,97.0,7.9,88.8,116.5,0.3,11.79,12,1,5,0
ICU_02577,79,1,,61.2,130.4,31.6,,,40.0,,,8,0,5,1
ICU_05272,40,1,40.8,60.2,124.1,53.2,8.5,88.2,120.9,1.16,4.27,15,0,2,1
ICU_01034,53,0,38.5,93.9,110.9,82.3,20.9,93.3,131.2,1.57,11.26,21,1,0,0
ICU_03352,69,0,26.3,102.3,97.3,75.0,11.9,91.3,156.7,1.88,5.43,7,1,1,1
ICU_03720,79,1,34.8,130.5,102.3,60.9,22.5,92.1,109.2,0.3,12.34,0,1,0,1
ICU_05612,80,0,15.4,80.1,151.4,75.3,18.2,98.0,206.9,0.74,16.56,13,0,2,0
ICU_02277,41,1,,79.4,119.3,48.6,,,182.8,,,20,0,0,0
ICU_02372,64,0,35.1,108.9,105.9,61.1,8.6,100.0,165.5,0.3,2.84,14,0,3,1
ICU_00852,50,1,25.9,85.9,95.0,67.2,26.9,96.3,137.7,0.93,43.41,19,0,2,1
ICU_04668,46,1,25.1,78.8,124.0,62.8,14.8,95.3,144.6,3.49,1.03,22,0,2,0
ICU_01352,71,0,26.7,39.2,133.5,64.9,20.1,94.4,40.0,1.52,7.02,2,1,2,1
ICU_04126,46,0,36.2,88.6,71.8,73.0,23.3,91.9,88.6,0.64,1.0,21,0,1,1
ICU_04415,72,1,37.4,80.5,164.6,83.2,14.5,89.5,180.7,0.99,13.29,7,0,2,1
ICU_05709,95,1,25.4,98.7,93.5,70.9,20.8,99.5,115.7,0.3,12.71,19,0,1,0
ICU_01629,77,0,29.3,101.4,92.1,103.8,18.8,98.6,158.6,1.69,3.73,6,0,2,1
ICU_00469,51,1,20.4,152.7,93.6,79.5,15.2,96.7,136.9,0.85,15.89,2,0,2,1
ICU_01532,67,0,14.1,85.6,104.5,81.5,11.8,94.2,182.3,2.84,6.83,10,1,3,1
ICU_03058,40,0,,113.5,134.5,35.6,,,216.4,,,23,0,4,1
ICU_00542,71,1,,38.6,95.9,102.4,,,150.8,,,9,1,2,0
ICU_04556,43,0,12.5,71.2,90.2,85.3,19.8,98.9,189.1,3.17,3.48,12,1,2,1
ICU_05578,37,0,25.3,83.4,104.5,65.9,22.6,90.3,65.6,0.77,2.5,19,0,0,1
ICU_04517,68,1,25.9,61.3,115.1,53.0,20.6,95.4,260.6,1.33,2.23,11,1,5,1
ICU_00799,62,0,24.2,92.7,124.3,48.6,16.2,97.5,78.6,1.64,2.38,20,0,1,1
ICU_02346,53,0,28.8,91.3,110.3,78.2,19.8,96.4,190.5,0.3,,17,1,2,1
ICU_04226,95,1,24.0,78.4,123.6,57.5,23.2,95.9,165.1,0.3,8.32,20,1,3,1
ICU_00142,33,0,24.4,131.0,71.5,57.3,21.0,94.6,185.7,0.48,26.51,19,1,0,1
ICU_05466,67,1,30.6,111.1,112.5,72.1,10.0,97.7,110.0,0.3,8.7,15,1,1,1
ICU_00153,66,0,27.2,141.8,70.2,49.3,20.4,93.3,125.3,1.11,2.75,9,1,0,0
ICU_01618,54,0,18.8,77.2,193.5,78.7,17.4,92.7,228.2,3.17,13.18,17,0,3,1
ICU_01729,95,1,31.1,119.2,114.1,56.5,25.7,90.0,76.4,0.49,2.64,2,1,1,1
ICU_02434,66,0,,515.0960038075656,1406.8776871136338,54.3,,,1038.7561535544369,,,21,0,1,1
ICU_02203,38,1,31.0,100.5,86.6,56.8,8.7,93.3,145.8,1.38,19.17,9,0,0,0
ICU_01166,86,1,23.5,116.6,72.7,42.8,21.0,97.3,143.0,1.2,6.72,13,1,1,1
ICU_02018,73,1,25.1,103.3,98.1,46.8,23.4,95.1,211.5,1.19,11.25,6,1,2,1
ICU_01240,55,0,24.5,127.5,87.6,106.8,28.5,88.1,233.2,0.97,2.36,10,0,5,1
ICU_02286,76,1,31.1,85.0,117.0,79.5,14.1,100.0,176.6,0.3,6.87,20,0,3,0
ICU_01559,57,0,20.6,81.7,153.9,66.6,13.6,95.2,99.1,1.12,14.55,0,1,0,1
ICU_01328,40,0,25.8,124.6,149.0,68.1,15.0,100.0,195.4,0.3,4.95,4,0,2,1
ICU_03157,63,1,35.6,93.5,135.8,47.7,21.3,91.6,104.4,0.95,10.68,21,0,3,1
ICU_04386,49,1,22.9,67.4,113.7,43.1,13.1,94.3,133.5,1.96,13.89,3,1,0,0
ICU_01887,69,1,38.8,100.4,123.4,71.7,29.6,97.5,229.8,1.18,8.95,18,1,3,1
ICU_05238,65,1,33.3,107.3,110.6,64.8,20.0,92.9,40.0,0.3,2.2,5,1,1,1
ICU_04502,33,0,31.5,65.0,84.1,80.4,11.4,99.9,173.4,1.95,39.43,22,1,2,1
ICU_00531,32,0,33.4,105.2,108.1,94.5,16.1,87.6,222.9,5.01,1.0,2,1,3,1
ICU_05885,92,0,25.2,116.2,161.8,80.4,28.6,95.2,121.6,0.3,6.1,7,1,1,1
ICU_03278,63,0,39.7,122.7,67.8,75.3,6.0,95.0,40.0,0.71,1.0,11,0,0,1
ICU_04337,71,1,18.4,79.8,202.1,60.9,13.7,100.0,124.4,1.73,15.54,18,1,3,0
ICU_03583,39,0,20.9,127.3,122.2,61.2,15.4,100.0,94.8,3.07,11.41,2,1,0,1
ICU_00585,66,0,,109.1,83.7,41.0,,,184.7,,,1,0,1,1
ICU_02913,75,1,35.7,97.4,121.2,62.9,6.6,96.5,89.5,0.3,3.95,5,1,0,1
ICU_00606,48,0,28.5,75.2,97.2,61.9,19.7,99.7,92.1,1.55,5.85,10,1,1,1
ICU_02118,18,1,38.2,99.2,139.9,104.5,27.1,93.8,40.0,1.83,1.0,1,0,0,1
ICU_01678,79,1,18.4,66.2,101.6,82.9,22.2,92.4,131.6,0.56,12.31,20,1,2,0
ICU_05324,65,1,42.3,100.0,104.1,50.7,22.8,100.0,204.5,0.51,4.12,13,0,1,1
ICU_02986,59,1,22.9,68.1,98.1,60.3,12.4,96.8,57.9,1.06,10.74,1,1,3,1
ICU_04411,60,0,29.4,72.2,142.5,74.3,20.8,91.2,40.0,0.51,1.0,3,1,2,0
ICU_03171,72,0,40.5,64.6,68.3,30.3,22.4,95.0,252.0,0.33,9.68,13,0,0,0
ICU_05455,87,1,26.2,117.9,127.7,74.4,8.5,97.4,99.4,0.63,16.94,18,0,2,1
ICU_00847,95,0,25.6,103.3,145.2,88.0,14.6,100.0,166.6,0.3,10.14,0,0,1,1
ICU_02535,56,0,22.4,99.8,105.4,67.8,10.2,79.7,149.6,2.97,9.02,6,0,1,1
ICU_05596,69,1,30.0,74.1,153.0,40.9,17.7,97.2,69.7,1.41,25.74,7,0,3,1
ICU_04643,87,1,39.1,116.7,140.1,36.6,18.4,92.2,168.5,0.38,2.46,1,0,3,1
ICU_01449,62,0,23.0,681.154667066929,580.8200207515275,92.1,25.4,95.6,1455.7742318664682,21.95006576317301,,15,1,1,1
ICU_02185,89,0,15.6,60.5,130.1,90.4,19.6,95.8,112.5,0.45,3.46,24,1,3,1
ICU_00789,32,0,25.3,63.9,114.7,79.5,10.0,92.6,100.4,0.3,44.19,19,1,3,1
ICU_02682,56,1,25.1,71.5,187.2,80.9,16.0,87.8,163.7,1.17,1.0,5,0,3,1
ICU_02427,60,0,17.5,108.8,96.5,76.8,16.7,95.7,169.7,0.3,1.49,16,0,0,1
ICU_05554,60,1,,94.8,121.8,66.3,,,114.1,,,22,0,3,1
ICU_03031,50,0,26.6,111.9,120.4,78.9,9.9,83.7,151.1,1.96,4.17,13,0,1,0
ICU_00470,57,0,34.0,80.1,157.2,70.6,13.8,85.9,47.2,3.18,1.37,13,0,4,1
ICU_04412,42,0,,80.3,95.9,74.2,,,208.1,,,7,0,0,1
ICU_02705,80,0,25.5,75.6,155.0,80.5,10.8,98.2,168.6,0.7,5.45,22,0,4,0
ICU_00017,67,1,30.8,62.0,134.4,75.8,27.8,93.8,133.7,2.2,43.1,16,1,0,1
ICU_02707,62,1,,106.8,83.4,74.3,,,133.7,,,24,1,1,0
ICU_02591,53,0,31.5,64.8,121.2,80.8,16.4,92.3,159.9,1.59,9.48,22,0,1,1
ICU_01302,58,1,25.9,108.2,135.4,80.8,19.2,100.0,125.8,0.69,10.77,19,0,1,1
ICU_04862,49,1,,122.2,144.3,66.8,,,175.3,,,12,1,0,1
ICU_03514,69,0,19.9,122.2,104.6,88.5,18.4,96.6,82.9,1.13,14.42,7,1,4,0
ICU_04124,67,0,27.7,91.5,120.4,70.7,16.6,96.6,215.5,0.81,6.46,8,0,0,0
ICU_03084,58,1,,75.1,138.3,78.0,,,139.5,,,10,1,1,0
ICU_04950,66,1,31.7,86.9,137.0,75.8,14.3,93.5,185.8,0.3,24.89,0,0,0,1
ICU_03101,77,0,42.7,75.0,78.0,95.9,26.7,98.2,180.9,2.44,2.91,0,1,2,1
ICU_01976,82,1,27.1,60.9,89.6,76.2,21.5,90.1,40.0,1.65,12.27,4,0,4,1
ICU_00035,40,0,43.9,85.0,120.6,51.4,10.9,93.6,190.1,4.99,10.45,7,0,1,0
ICU_04901,43,1,17.6,102.8,156.0,53.1,24.2,87.6,161.3,0.3,2.2,10,0,2,0
ICU_04013,65,0,32.9,136.6,111.9,81.6,17.5,99.4,143.0,0.54,13.77,20,0,1,1
ICU_03010,60,0,52.7,107.0,155.1,80.9,15.3,94.3,166.3,1.64,1.0,20,0,3,1
ICU_04756,35,1,19.3,119.6,125.3,81.0,24.7,100.0,81.3,0.53,5.56,15,0,0,1
ICU_00706,38,0,16.3,134.8,101.8,46.7,16.1,100.0,96.1,0.3,4.14,2,0,3,1
ICU_05001,53,1,16.0,101.4,111.9,43.5,18.3,88.7,175.6,0.79,2.54,10,1,2,1
ICU_04265,70,1,35.2,87.5,108.8,48.2,17.6,100.0,205.0,0.3,3.74,5,1,1,1
ICU_05923,63,0,,87.3,96.9,110.9,,,81.2,,,23,1,1,0
ICU_04200,66,0,25.5,91.1,139.5,78.0,29.2,99.8,208.1,0.3,5.05,14,1,4,0
ICU_04895,61,1,21.7,96.7,144.7,65.8,6.0,92.6,137.1,0.39,3.19,15,1,1,1
ICU_05423,60,0,22.0,107.5,88.1,62.1,15.5,95.8,183.1,1.4,,24,0,3,1
ICU_05434,74,1,21.9,98.8,166.1,92.4,25.0,93.8,112.8,3.51,25.71,3,0,3,0
ICU_02265,83,0,22.5,87.9,146.4,63.5,21.9,99.6,52.7,0.42,14.76,22,1,0,1
ICU_04742,62,1,28.8,106.1,122.0,87.3,17.0,91.8,156.5,1.1,13.45,12,1,0,0
ICU_03050,37,0,45.8,108.2,136.5,67.5,19.1,94.4,160.7,1.84,23.84,15,0,2,1
ICU_01888,53,1,33.3,97.4,132.6,67.2,16.8,92.5,94.3,0.65,8.57,10,1,3,1
ICU_02488,62,1,28.0,117.1,155.2,71.2,17.3,99.4,120.6,0.3,18.09,12,1,1,1
ICU_05326,52,1,28.0,372.87315394669145,1028.9391864874658,68.2,22.9,96.3,730.8727812531455,48.737769808187494,4.96,14,0,3,1
ICU_05640,76,1,19.5,89.4,124.8,76.0,16.9,96.4,40.0,0.3,1.33,7,1,3,1
ICU_05522,75,1,34.3,56.7,86.3,51.7,19.5,90.5,156.2,1.85,1.0,13,1,0,1
ICU_00532,60,0,46.1,80.2,95.8,59.7,29.8,92.8,181.7,0.35,14.12,24,0,1,1
ICU_02721,52,1,21.8,82.7,139.0,50.3,19.2,93.0,99.4,2.19,22.72,18,1,1,1
ICU_01090,60,1,18.9,127.8,124.8,75.4,16.6,96.4,184.0,4.96,1.0,9,0,1,1
ICU_02559,78,0,35.2,93.8,111.0,88.7,6.4,97.6,133.9,1.7,11.14,11,1,5,0
ICU_01597,95,0,19.5,108.4,154.7,78.0,29.4,94.3,81.1,0.3,13.42,6,0,4,1
ICU_00112,63,1,16.7,109.3,113.2,53.0,21.8,98.2,199.4,0.3,3.3,0,0,4,1
ICU_00753,80,0,32.6,36.3,102.5,87.6,7.3,93.9,156.9,1.46,3.79,14,1,0,1
ICU_00197,64,0,23.3,84.8,131.6,78.5,20.7,90.6,40.0,0.42,2.44,7,0,0,1
ICU_00321,72,0,,71.5,145.0,51.4,,,139.5,,,1,0,4,1
ICU_01918,58,1,41.3,85.5,61.3,51.1,14.5,100.0,40.0,1.07,11.05,11,0,0,0
ICU_DUP_0042,18,1,35.3,97.5,149.0,34.1,24.4,92.9,155.6,0.3,3.49,21,0,5,1
ICU_03767,85,1,24.4,94.1,61.9,75.5,15.6,96.0,192.8,0.54,,13,1,3,0
ICU_02766,61,1,36.9,92.2,118.8,76.8,21.4,94.4,121.9,2.28,3.42,4,1,3,0
ICU_00649,74,1,27.2,63.8,89.1,60.9,14.3,95.3,95.4,0.83,19.53,1,0,2,0
ICU_03444,74,1,22.4,99.0,133.2,55.0,28.5,91.8,73.9,1.15,1.0,0,1,0,1
ICU_04759,74,0,28.1,39.2,120.7,51.1,25.8,100.0,40.0,0.3,16.65,17,1,3,1
ICU_02957,57,1,28.4,94.5,114.2,62.4,20.6,96.0,224.3,1.76,1.26,22,1,3,1
ICU_03290,87,0,31.7,104.4,108.9,66.7,17.0,97.0,40.0,0.3,20.46,7,0,0,1
ICU_02487,61,0,46.4,90.6,123.0,72.5,17.8,95.6,210.0,0.38,,14,1,4,1
ICU_00751,37,0,33.9,100.8,144.0,62.8,18.4,97.8,119.9,2.25,12.18,6,1,4,1
ICU_01456,75,1,,79.8,127.8,101.7,,,142.4,,,8,0,2,0
ICU_03513,30,0,23.4,80.0,91.2,93.5,17.3,88.1,111.6,0.3,18.76,12,1,0,1
ICU_04650,57,1,29.3,117.1,110.2,89.9,12.1,94.8,141.6,0.58,7.53,4,1,1,1
ICU_02049,64,0,,84.7,108.6,49.8,,,204.5,,,12,0,4,1
ICU_00879,83,1,28.4,127.5,85.8,55.2,17.1,95.4,134.0,0.3,1.86,16,0,0,0
ICU_05119,76,1,31.3,97.2,104.4,77.5,21.5,98.1,284.4,0.78,1.24,15,1,0,1
ICU_03429,81,0,33.7,67.0,94.9,70.4,9.8,98.1,246.7,1.5,10.21,4,1,1,1
ICU_02613,61,1,30.6,77.1,83.0,46.7,18.1,92.7,146.6,1.19,9.35,8,1,4,0
ICU_03863,58,0,,108.7,114.5,81.0,,,209.6,,,7,0,1,1
ICU_00103,47,0,,100.3,111.5,78.8,,,205.1,,,23,0,1,1
ICU_05399,67,1,22.4,81.7,89.6,62.6,13.6,93.7,118.9,0.66,1.0,8,0,3,0
ICU_05711,43,1,37.7,63.5,126.1,92.2,14.0,100.0,183.9,0.59,19.62,4,0,0,1
ICU_01140,56,0,36.6,84.4,103.9,92.2,10.0,98.8,209.2,3.53,2.19,4,0,0,1
ICU_04429,53,1,19.9,73.4,111.2,87.5,28.4,99.7,115.6,3.73,,18,0,1,0
ICU_00387,95,0,30.6,42.8,108.2,97.0,12.5,97.6,175.1,0.82,20.7,7,1,0,0
ICU_05323,65,1,31.6,98.5,118.2,77.0,11.9,94.3,130.7,0.3,6.71,6,1,3,0
ICU_01206,49,1,31.9,138.0,131.7,57.2,17.7,92.8,171.3,1.14,23.6,13,1,0,1
ICU_DUP_0028,71,0,26.4,95.8,155.4,89.7,18.4,89.8,122.7,0.32,4.09,8,0,3,0
ICU_00953,87,1,38.1,111.7,107.5,40.2,15.1,92.6,166.2,1.32,38.11,2,0,1,1
ICU_04522,70,1,25.8,70.2,124.8,58.1,13.8,96.8,163.2,2.77,9.76,12,1,2,1
ICU_04397,44,1,37.6,104.4,137.6,59.6,6.0,97.5,152.2,0.3,2.77,6,0,1,1
ICU_00617,75,1,45.2,157.0,71.0,52.1,25.2,98.0,176.3,0.8,2.67,16,1,3,0
ICU_00350,67,0,10.6,103.8,77.5,87.3,17.2,99.4,205.5,1.61,3.79,12,0,2,1
ICU_03868,64,1,24.4,102.4,73.9,57.9,23.1,97.6,162.3,1.3,23.26,5,1,2,1
ICU_03274,45,0,20.3,116.3,60.0,73.4,25.4,100.0,157.4,0.3,9.05,17,0,2,1
ICU_01611,33,0,20.2,54.2,130.7,51.9,19.0,93.7,40.0,0.51,,6,0,3,1
ICU_04450,53,0,29.8,112.1,114.3,79.3,26.5,99.7,139.0,0.87,20.87,17,0,1,1
ICU_02366,52,0,31.7,30.0,74.9,83.9,22.5,95.4,169.8,0.59,2.28,6,1,2,1
ICU_04287,65,0,,85.1,78.6,61.0,27.9,89.9,145.2,,,21,1,4,1
ICU_03855,59,0,24.7,72.0,140.6,81.0,15.3,91.4,94.2,0.38,8.71,20,1,1,1
ICU_03730,77,1,13.8,81.2,137.3,92.4,19.0,90.2,69.0,0.51,10.12,4,1,1,1
ICU_DUP_0047,79,0,22.7,105.1,112.2,87.7,12.7,100.0,222.2,0.33,10.89,7,0,0,0
ICU_00926,51,1,31.3,60.8,97.8,69.1,8.3,88.9,157.8,0.88,7.19,10,0,0,1
ICU_00915,67,0,45.6,60.5,130.2,104.2,23.5,99.4,134.9,3.35,12.67,22,1,2,0
ICU_03239,78,1,33.5,50.9,167.4,78.5,13.4,94.0,92.7,2.11,16.73,10,0,1,1
ICU_04136,60,1,24.1,73.2,122.2,67.6,15.7,98.6,128.6,0.67,1.06,6,0,2,0
ICU_04319,55,0,14.9,98.3,154.2,65.6,9.2,89.5,125.2,0.68,3.16,9,0,2,1
ICU_DUP_0074,80,1,28.4,102.1,189.0,130.0,21.7,95.0,96.2,0.3,6.14,14,0,1,1
ICU_01472,59,0,25.5,69.6,120.1,78.0,14.4,92.0,113.5,0.62,12.16,14,0,5,0
ICU_DUP_0020,51,0,,53.2,106.6,63.6,,,236.5,,,0,0,3,0
ICU_05900,60,0,23.7,74.6,113.3,69.6,22.3,94.6,132.1,1.0,1.0,7,0,4,1
ICU_05092,36,1,19.4,98.3,131.1,64.5,22.3,92.9,143.7,0.3,4.07,17,1,1,0
ICU_01160,18,0,17.4,75.8,97.6,47.3,31.5,99.0,147.5,1.04,3.15,7,1,0,1
ICU_05052,68,0,30.2,148.8,150.7,72.5,31.2,91.2,132.6,0.79,21.07,23,0,4,0
ICU_01786,56,0,19.9,58.3,158.4,55.6,23.9,93.6,115.2,1.66,2.75,2,0,2,1
ICU_03950,71,0,,100.7,176.1,103.5,,,40.0,,,21,0,5,0
ICU_03604,76,1,26.1,93.6,137.4,82.2,11.3,99.9,277.4,0.58,1.0,15,1,0,1
ICU_00014,30,0,13.6,83.7,107.3,85.6,6.0,100.0,216.4,1.9,8.99,7,0,1,1
ICU_02491,49,0,33.2,46.9,134.4,37.6,16.5,98.9,114.8,0.3,22.24,13,1,2,1
ICU_00327,76,0,21.4,93.4,108.0,69.0,18.2,95.4,135.3,0.3,14.95,18,0,1,0
ICU_00487,42,1,11.0,95.0,139.8,96.5,9.8,94.0,215.5,10.33,1.0,19,1,1,0
ICU_04170,34,1,36.1,88.0,145.6,57.4,18.5,90.8,171.7,1.55,2.98,11,0,4,0
ICU_05679,53,0,24.0,90.2,124.9,75.3,25.3,88.2,137.4,1.5,4.51,15,0,2,1
ICU_03470,60,0,29.3,73.9,91.3,53.6,17.5,100.0,40.3,3.11,3.92,23,0,1,1
ICU_03241,95,0,,85.6,105.3,75.6,,,151.5,,,7,1,2,0
ICU_02335,72,1,,82.8,78.6,65.5,,,165.9,,,8,0,1,1
ICU_00264,57,1,28.0,82.9,211.9,78.2,16.0,98.7,40.0,0.5,10.22,3,1,1,1
ICU_01124,91,0,34.1,85.4,162.2,91.1,15.9,91.0,48.7,1.36,7.67,20,0,1,1
ICU_01066,38,0,29.8,99.3,153.4,78.5,12.8,90.3,149.7,,,6,1,1,1
ICU_05191,61,0,19.7,97.6,128.7,70.0,21.7,98.5,144.8,3.04,19.45,22,0,1,0
ICU_01876,51,1,,97.1,86.6,90.2,,,144.7,,,12,1,2,1
ICU_02910,52,1,16.3,95.3,137.2,76.8,21.3,99.2,124.2,0.81,18.34,8,1,1,1
ICU_05528,58,1,,81.3,106.9,81.1,,,115.9,,,15,0,0,0
ICU_04151,82,1,20.8,108.4,145.1,61.3,18.6,96.4,270.4,1.52,9.94,20,0,1,1
ICU_05110,53,1,32.5,61.7,85.0,70.5,15.6,99.4,138.2,0.61,8.04,5,0,3,1
ICU_03066,93,0,27.8,74.4,146.5,78.6,30.5,93.7,150.9,1.19,1.28,21,0,3,0
ICU_01538,40,0,,69.2,121.4,81.2,,,191.9,,,24,1,5,0
ICU_01791,64,0,32.4,128.2,109.1,90.1,14.3,91.2,166.4,0.3,26.18,6,0,3,1
ICU_02598,83,1,31.0,93.0,146.6,77.7,22.9,99.3,109.3,5.0,1.0,13,0,0,0
ICU_05964,86,1,26.8,94.0,110.3,59.5,28.9,93.7,160.1,2.22,11.85,23,1,2,0
ICU_01232,60,1,27.8,101.6,136.5,73.9,25.9,89.3,115.5,0.3,9.1,17,0,3,0
ICU_04979,22,1,26.3,137.0,93.3,50.8,15.6,85.3,114.5,0.75,35.47,19,0,2,1
ICU_01544,51,0,,99.1,140.4,83.3,,,154.0,,,14,1,3,1
ICU_00592,70,0,28.3,133.6,133.3,52.2,10.4,95.2,226.0,0.98,21.02,4,1,1,1
ICU_03744,44,0,20.3,73.3,109.6,64.7,12.0,94.8,212.6,2.03,10.23,7,0,1,1
ICU_03324,81,0,,64.6,134.8,65.0,,,83.5,,,9,0,1,1
ICU_00176,62,1,20.7,102.2,85.7,65.0,26.6,93.9,201.2,0.39,18.21,5,1,4,0
ICU_01510,41,1,,119.9,116.1,93.6,,,259.4,,,24,1,1,1
ICU_03172,38,1,22.9,90.1,138.8,84.8,8.0,100.0,40.0,1.59,1.0,15,0,1,1
ICU_03674,60,1,25.0,92.1,139.3,89.6,15.0,92.5,100.6,0.3,,18,1,2,1
ICU_00888,72,1,17.9,93.7,163.1,90.8,23.0,100.0,230.4,0.3,1.04,2,1,2,1
ICU_04817,46,1,,72.2,132.1,58.7,,,206.7,,,11,1,0,1
ICU_01358,35,1,32.4,96.9,60.0,109.5,21.0,99.7,184.4,0.3,19.88,24,1,0,1
ICU_03263,83,1,24.2,62.0,72.9,91.1,26.4,94.7,191.4,4.25,11.81,3,1,2,1
ICU_DUP_0079,57,0,,78.8,91.4,48.0,24.7,95.5,75.9,,,16,0,3,1
ICU_05660,61,1,34.5,79.3,129.0,86.8,20.3,98.3,196.9,0.53,17.41,17,1,0,1
ICU_05768,65,1,31.1,79.7,116.6,39.5,27.3,92.7,174.6,0.3,7.5,15,1,0,1
ICU_04046,74,1,26.4,98.9,131.6,80.5,11.0,97.1,183.7,0.3,1.28,7,0,0,1
ICU_02486,55,1,37.0,65.0,169.0,65.1,25.6,97.0,143.8,1.5,26.13,3,1,2,0
ICU_04493,53,0,28.7,94.5,67.5,71.3,11.0,91.7,63.5,0.73,10.24,11,0,4,1
ICU_05905,55,1,,127.9,140.8,38.5,,,168.7,,,11,0,2,1
ICU_01927,56,0,29.4,70.9,108.2,63.0,10.1,88.2,190.9,1.25,1.0,18,1,5,0
ICU_05933,20,1,,77.0,147.0,94.9,,,134.1,,,8,1,1,1
ICU_00588,76,1,29.8,56.6,102.6,70.9,15.5,94.6,182.0,0.93,4.48,7,0,0,1
ICU_03531,95,1,22.0,79.2,140.1,63.8,22.7,100.0,106.7,4.12,4.76,17,0,4,0
ICU_DUP_0013,39,0,21.0,104.0,105.8,67.2,23.0,99.3,119.6,0.3,1.0,23,0,0,1
ICU_03675,63,0,28.3,82.6,114.6,86.8,18.8,99.9,130.3,0.55,8.92,17,0,0,1
ICU_02029,53,0,24.3,87.7,93.2,77.8,26.5,95.7,120.1,0.3,7.48,21,0,3,0
ICU_05909,45,1,33.4,53.9,198.1,83.1,26.9,81.8,89.9,1.8,10.5,13,1,1,1
ICU_02174,46,1,39.0,83.1,119.0,85.6,20.8,94.0,148.3,0.3,,2,0,0,1
ICU_DUP_0059,65,0,19.3,95.9,116.0,44.8,15.2,92.4,50.5,2.85,13.21,8,1,3,0
ICU_03793,57,1,28.2,77.4,104.0,102.2,9.8,88.5,134.9,0.49,1.0,14,1,2,0
ICU_04869,52,0,30.5,125.2,102.2,96.0,14.7,93.1,176.0,0.3,1.28,8,1,0,1
ICU_02600,28,0,23.5,99.1,88.5,96.9,26.4,97.8,154.4,4.0,9.32,6,0,3,1
ICU_00277,51,1,23.1,57.3,92.4,83.6,27.6,97.7,163.8,0.3,29.79,9,1,3,0
ICU_02994,44,1,36.9,84.4,113.0,32.1,6.0,94.7,54.9,3.84,5.08,16,0,0,1
ICU_03158,85,1,33.0,96.3,139.2,91.8,19.9,97.4,123.2,0.92,12.55,18,0,1,0
ICU_00534,50,1,,67.0,87.0,75.2,,,161.0,,,4,1,2,1
ICU_02430,72,1,22.0,88.6,156.9,72.4,17.2,98.1,140.2,3.02,3.11,23,0,3,1
ICU_03827,70,1,25.8,88.4,93.5,81.3,19.8,92.6,151.4,3.57,20.3,4,0,3,1
ICU_00716,64,0,44.1,74.7,135.9,55.4,19.2,87.5,126.6,2.22,19.55,6,0,1,1
ICU_02164,90,0,,119.2,103.4,73.0,,,107.0,,,15,0,0,0
ICU_05537,55,1,23.3,129.8,115.6,92.6,13.4,91.5,117.4,0.74,6.56,6,1,3,0
ICU_00262,18,1,20.0,136.4,134.7,88.5,14.6,89.7,220.6,1.3,13.69,6,0,1,0
ICU_04890,47,1,16.7,92.1,61.0,36.3,16.9,94.3,178.5,0.3,5.62,22,0,0,1
ICU_02407,76,0,27.0,88.9,134.1,41.9,22.4,100.0,131.4,2.25,2.34,13,0,0,0
ICU_00965,87,0,32.0,122.5,110.9,30.0,32.5,92.2,147.5,3.48,,1,0,0,0
ICU_04281,34,0,21.8,111.6,170.0,76.8,20.5,90.3,152.6,0.7,1.05,20,0,0,1
ICU_03584,63,0,39.9,113.0,92.9,65.4,23.7,88.6,40.0,0.62,22.26,0,0,0,1
ICU_02777,57,0,,70.2,112.7,69.6,,,76.9,,,23,0,4,0
ICU_02980,66,1,20.7,75.0,99.1,89.8,15.2,93.0,99.5,0.76,3.31,12,0,2,1
ICU_01630,70,1,33.8,51.2,129.5,97.5,20.1,94.3,262.1,0.55,19.02,5,0,0,1
ICU_04452,82,1,20.3,91.5,68.7,81.3,16.4,100.0,279.0,0.83,6.92,15,1,2,0
ICU_00270,87,1,28.8,96.7,144.8,88.6,23.7,96.5,204.4,0.37,17.85,4,1,3,1
ICU_04959,71,0,19.8,74.2,163.8,103.1,17.7,95.3,159.5,0.87,1.52,3,1,2,0
ICU_02693,59,1,33.2,92.5,137.9,79.0,12.6,100.0,192.9,0.44,1.72,3,0,2,1
ICU_00732,69,1,37.5,109.2,122.6,82.9,13.7,90.3,114.1,0.49,26.52,3,0,1,1
ICU_01894,60,1,25.3,113.6,183.7,69.2,20.1,98.8,243.6,0.3,5.69,2,1,1,1
ICU_03874,48,1,35.8,89.4,209.4,79.4,12.8,88.6,122.5,5.99,5.32,1,0,4,0
ICU_04792,59,1,41.2,106.7,121.2,70.0,6.0,99.6,179.6,0.32,2.99,0,1,2,1
ICU_00492,63,1,,128.1,95.3,67.6,,,133.2,,,8,0,3,1
ICU_03833,36,1,19.1,130.4,85.9,76.7,15.5,93.9,73.9,0.3,15.91,9,1,1,1
ICU_05675,62,0,17.7,115.0,90.9,70.9,18.4,100.0,186.6,2.96,9.39,11,0,1,1
ICU_05252,53,0,20.3,99.4,68.3,104.9,17.6,100.0,162.6,0.3,14.39,10,0,2,1
ICU_00845,70,0,28.6,89.0,105.8,100.1,10.6,93.4,171.3,0.33,7.97,5,1,0,1
ICU_02379,66,0,26.0,99.1,103.4,68.5,15.1,94.1,136.4,1.66,9.91,15,0,2,0
ICU_00027,68,0,31.6,60.4,107.0,52.1,12.4,100.0,128.4,0.76,22.09,10,0,0,1
ICU_01589,63,1,11.4,84.5,114.0,63.7,9.5,96.5,181.0,0.75,17.19,5,0,1,1
ICU_02064,66,0,30.2,77.7,134.9,81.1,16.9,86.6,246.4,0.3,20.58,3,0,2,1
ICU_03384,81,1,25.6,118.1,119.9,59.8,18.7,95.0,137.1,0.35,7.23,1,0,1,1
ICU_04800,71,1,,102.8,147.5,63.1,,,151.6,,,9,1,5,1
ICU_02750,93,0,33.2,131.1,84.3,77.1,16.1,93.8,76.4,0.99,14.15,15,0,0,0
ICU_01908,40,1,,70.0,180.1,81.0,,,56.9,,,2,0,0,1
ICU_00537,55,0,35.3,89.3,138.9,38.9,20.6,91.3,304.9,0.35,22.99,2,0,1,1
ICU_05133,70,1,30.9,86.3,71.4,49.7,18.7,89.7,40.4,0.3,10.81,14,1,2,1
ICU_01983,77,0,27.0,83.9,111.8,79.0,18.5,81.9,40.0,0.52,4.71,11,1,0,0
ICU_05239,77,1,28.5,71.1,146.9,78.2,12.1,100.0,133.7,2.92,1.93,13,0,3,1
ICU_05955,77,1,23.1,58.3,113.6,107.6,9.3,100.0,98.7,0.3,4.5,1,1,4,1
ICU_01866,80,1,42.3,766.8891269855783,816.5317881217873,61.3,26.8,90.4,1261.1745866348003,2.8932547174542966,16.06,9,1,2,0
ICU_00995,56,0,,89.2,98.2,72.5,,,163.1,,,0,0,0,1
ICU_02562,45,1,,69.8,136.3,80.9,,,204.7,,,3,0,2,1
ICU_04001,61,0,24.4,61.3,111.7,71.3,18.6,87.1,134.4,0.3,7.58,18,0,2,1
ICU_00096,67,0,,80.8,101.9,71.0,,,210.1,,,17,0,1,1
ICU_05275,76,1,20.1,40.2,105.5,72.1,14.8,100.0,40.0,3.54,22.34,4,0,2,1
ICU_01672,54,0,,108.5,103.4,48.9,,,165.8,,,1,1,2,0
ICU_05069,67,1,,106.6,128.9,93.6,,,40.0,,,0,1,2,1
ICU_05977,73,0,23.0,126.1,89.9,46.8,18.3,95.1,126.3,1.19,14.88,2,1,5,0
ICU_01787,48,0,,92.5,60.0,86.0,,,144.9,,,19,0,1,0
ICU_05742,62,1,14.7,80.6,109.1,60.6,19.8,100.0,175.0,1.82,4.49,16,1,4,0
ICU_03856,36,1,,100.1,130.5,59.7,,,185.4,,,9,1,0,1
ICU_05849,51,0,14.0,71.5,100.3,84.7,18.1,93.6,135.1,2.29,4.19,19,0,4,1
ICU_03928,40,1,29.8,59.4,115.5,38.9,23.3,95.2,83.6,1.47,19.45,0,1,1,1
ICU_04825,66,1,13.0,82.0,111.3,86.2,10.6,91.7,152.6,2.11,28.58,18,0,2,0
ICU_03272,77,0,20.8,110.1,82.8,68.5,19.3,93.8,151.1,0.64,,20,0,3,0
ICU_02647,36,0,40.1,67.2,137.9,84.5,12.1,98.6,131.2,1.02,24.33,13,0,3,0
ICU_04138,78,0,33.5,91.5,111.0,88.6,16.4,95.2,40.0,0.3,11.99,16,0,0,0
ICU_05259,95,0,29.9,102.1,99.2,83.1,14.4,94.0,129.1,3.11,6.9,1,0,1,0
ICU_01765,46,1,15.8,71.4,104.4,93.6,13.4,99.5,160.7,1.54,11.31,3,1,1,1
ICU_04362,66,0,39.8,77.7,96.8,75.4,12.2,93.8,145.3,3.81,3.93,9,1,4,0
ICU_DUP_0036,61,0,20.7,75.5,105.3,74.9,10.3,91.6,98.7,2.21,1.07,5,1,0,1
ICU_05696,54,1,17.3,115.8,95.0,75.3,26.3,96.0,183.5,0.51,5.4,3,0,0,1
ICU_04549,57,0,39.5,75.5,174.9,60.6,18.6,98.6,166.0,0.95,1.06,22,0,3,1
ICU_00246,53,1,36.9,96.3,140.1,68.1,21.3,100.0,171.4,0.32,24.88,1,0,2,1
ICU_04815,57,1,27.4,110.2,106.8,73.9,15.0,87.7,206.9,0.48,1.0,16,0,1,1
ICU_04463,82,0,36.9,64.4,113.8,50.9,6.9,93.1,127.5,2.05,1.95,16,1,1,0
ICU_01959,66,1,22.9,77.7,191.7,92.6,16.2,100.0,87.1,0.97,8.48,3,1,0,1
ICU_05527,62,1,33.4,109.8,126.7,81.6,21.5,93.7,109.2,0.3,46.15,15,0,0,1
ICU_04041,75,1,19.4,62.0,93.6,73.1,12.0,96.8,83.4,0.3,4.77,21,0,1,1
ICU_04864,60,0,,67.9,189.2,52.2,,,197.8,,,10,1,3,0
ICU_02888,55,1,28.7,99.5,153.6,49.8,20.9,93.1,105.0,0.6,5.44,4,0,0,1
ICU_01071,70,0,30.6,86.6,105.0,66.5,13.3,93.5,108.2,0.51,6.12,16,1,3,0
ICU_05470,89,1,39.8,108.0,112.6,76.2,24.8,99.4,98.9,1.23,9.74,22,1,2,0
ICU_04914,39,1,29.0,101.3,153.0,64.2,24.1,90.2,121.6,0.9,9.46,20,0,0,0
ICU_03637,68,1,31.3,99.7,94.4,75.7,25.6,85.5,211.1,1.2,6.73,19,1,1,0
ICU_01702,73,0,,431.93085818488794,602.0329954058022,62.8,,,1500.1965708623475,,,14,0,2,0
ICU_02065,51,0,23.4,782.3400946003484,706.9038317680239,117.1,13.7,81.6,752.9883427382042,7.456701921058162,1.0,9,0,0,1
ICU_01062,82,1,22.6,83.7,141.9,87.1,20.4,99.7,148.8,3.45,9.75,3,1,0,0
ICU_00897,64,1,26.5,85.2,91.0,73.0,18.1,99.5,55.3,0.3,13.76,16,0,2,0
ICU_03717,95,0,10.2,129.5,140.9,67.5,26.5,97.2,116.3,0.85,9.41,19,1,1,1
ICU_01673,45,1,20.2,102.2,145.2,52.3,17.5,93.8,176.5,1.13,6.23,7,0,1,1
ICU_00121,45,1,,86.1,129.5,71.8,,,40.0,,,21,0,1,0
ICU_05913,69,0,37.7,81.2,93.6,59.3,27.8,85.3,124.1,1.24,19.07,6,0,0,1
ICU_03599,57,0,19.2,50.6,150.9,72.0,23.3,96.4,207.9,0.66,2.31,23,1,4,0
ICU_02436,59,1,35.6,80.5,115.9,65.1,14.9,95.1,87.7,0.62,3.36,24,1,0,1
ICU_02636,65,0,21.0,86.3,100.9,94.3,11.1,95.9,252.1,0.3,1.73,17,0,0,1
ICU_00529,45,1,30.9,103.9,98.6,42.7,14.4,94.0,130.2,0.63,5.89,1,0,0,1
ICU_02154,39,1,,74.4,135.2,91.1,,,85.6,,,18,1,4,1
ICU_05540,92,1,48.1,93.3,100.9,82.5,22.5,93.5,165.7,1.41,16.61,23,1,0,1
ICU_03536,74,0,,60.5,146.0,87.2,,,173.6,,,6,1,0,0
ICU_00612,67,1,22.1,127.0,96.3,42.8,11.5,100.0,67.8,1.27,11.47,7,0,1,1
ICU_05549,85,0,22.5,76.4,130.1,78.2,21.9,86.0,172.5,0.3,2.94,13,0,1,1
ICU_05509,59,1,18.0,47.6,108.7,81.3,17.6,96.7,108.7,0.57,1.0,5,1,4,0
ICU_00410,74,1,18.2,61.3,136.4,50.3,12.8,99.8,215.3,1.05,10.6,5,0,0,1
ICU_03245,75,1,25.8,122.3,114.9,39.9,10.4,95.7,79.6,0.66,23.81,6,1,1,1
ICU_03979,43,0,28.0,95.5,79.7,64.8,20.9,100.0,172.7,0.87,45.99,23,0,1,1
ICU_01023,95,0,31.7,86.5,105.5,67.4,13.6,88.3,133.3,0.3,24.42,22,1,2,0
ICU_03160,51,1,23.1,63.9,91.1,53.6,25.2,100.0,176.8,0.97,6.13,9,1,1,1
ICU_03620,37,0,20.3,70.0,123.1,68.6,21.3,97.5,150.0,2.08,18.2,15,0,3,1
ICU_00739,80,0,28.1,104.6,123.1,73.3,14.9,86.1,83.3,0.3,8.12,18,0,4,1
ICU_01974,61,0,28.0,115.6,60.0,69.5,22.9,100.0,114.4,1.36,7.55,1,0,3,1
ICU_02452,60,0,18.9,64.5,69.1,67.6,17.7,100.0,218.6,0.3,5.61,2,0,3,1
ICU_02625,46,1,,83.9,99.0,91.8,20.0,,219.4,,,13,0,2,1
ICU_04490,69,1,,48.9,117.7,54.4,,,120.5,,,14,1,0,0
ICU_00934,69,1,17.2,97.6,109.3,86.2,26.4,94.2,189.3,0.3,6.35,19,0,0,1
ICU_05738,50,1,42.1,105.5,106.8,68.8,19.3,99.1,102.2,3.9,2.09,14,1,0,1
ICU_01169,77,0,14.6,51.6,111.6,65.1,23.6,96.2,40.0,1.16,26.2,14,1,0,0
ICU_00689,69,1,18.6,89.9,173.9,88.4,16.2,91.4,69.9,0.3,1.3,3,0,3,1
ICU_04863,37,1,24.4,70.3,96.0,83.7,16.3,94.9,129.2,2.62,40.19,17,1,1,0
ICU_02300,80,0,30.8,107.5,127.8,53.5,24.2,95.2,148.3,0.42,8.32,7,1,0,1
ICU_00099,57,1,24.5,124.0,97.3,81.3,9.4,89.3,97.6,1.19,8.72,6,0,2,0
ICU_00702,49,1,26.0,113.0,147.3,73.3,24.3,93.9,175.0,1.61,26.71,20,0,3,1
ICU_02900,61,1,37.1,67.9,108.3,75.2,16.2,97.0,104.9,1.34,13.58,24,1,1,1
ICU_01422,55,0,,92.0,100.9,93.5,,,94.2,,,19,1,2,0
ICU_03303,43,1,23.1,85.5,89.6,62.3,21.0,88.5,94.8,0.48,1.61,4,1,4,0
ICU_04393,52,0,,90.5,135.7,74.6,,,221.6,,,21,0,2,1
ICU_00128,63,1,20.1,105.9,63.2,58.3,31.2,88.1,68.5,2.96,50.0,1,0,1,1
ICU_04824,60,1,33.5,82.1,88.5,74.8,16.1,100.0,178.8,0.3,2.63,19,1,1,0
ICU_05665,36,1,48.2,80.1,134.9,80.9,17.1,95.3,295.1,0.55,10.78,10,0,2,1
ICU_01050,50,0,43.8,84.6,67.6,81.0,22.9,90.6,191.0,0.45,31.26,21,0,4,1
ICU_04791,54,0,27.6,96.7,63.2,61.0,18.2,100.0,105.4,2.32,1.57,11,0,3,1
ICU_02669,73,1,24.7,111.9,158.3,60.7,24.1,93.4,143.3,2.1,3.74,2,0,1,1
ICU_00084,47,0,22.5,105.7,68.9,95.4,25.2,92.1,98.5,2.04,22.5,4,0,1,1
ICU_02284,53,1,26.1,105.1,129.3,99.5,25.9,93.3,86.9,3.44,23.54,20,1,5,0
ICU_04621,93,0,24.1,80.6,149.6,75.0,29.5,95.6,136.9,2.18,2.82,7,1,0,1
ICU_05993,71,0,30.1,59.4,111.7,82.5,15.4,89.7,127.1,0.3,2.52,18,0,1,0
ICU_04882,46,1,20.3,86.6,79.6,105.8,22.7,93.1,108.9,0.3,13.87,4,1,1,1
ICU_04743,69,1,26.5,82.9,168.2,64.3,23.0,100.0,173.0,0.31,22.44,12,1,1,1
ICU_03749,35,1,40.3,78.4,134.2,76.3,26.7,100.0,99.4,4.03,2.09,11,0,2,0
ICU_02832,90,1,,53.9,151.6,60.1,,,148.7,,,16,0,1,0
ICU_01849,69,1,31.6,90.5,94.6,67.5,24.4,100.0,219.6,0.78,16.24,10,1,0,1
ICU_DUP_0001,53,0,23.3,70.0,78.2,66.2,16.5,86.7,45.8,0.79,6.31,22,0,1,1
ICU_05397,75,1,29.7,77.2,132.1,90.0,26.4,94.9,140.3,1.14,9.23,16,1,0,1
ICU_02852,42,1,20.6,88.9,108.4,49.7,20.8,95.7,94.3,0.91,3.82,10,0,0,1
ICU_01011,65,0,15.0,112.1,124.3,77.7,15.9,93.3,64.0,0.3,11.77,2,0,1,0
ICU_04929,59,1,13.6,36.3,60.0,53.7,21.1,97.6,181.9,0.39,7.83,9,1,1,1
ICU_03484,43,0,29.0,100.0,80.6,55.2,21.0,87.5,195.3,2.56,15.4,21,1,1,1
ICU_01569,52,1,,80.5,115.9,97.4,,,165.9,,,23,1,3,1
ICU_02891,23,0,,67.3,158.7,71.7,,,150.6,,,15,1,1,1
ICU_01972,73,0,23.1,53.8,158.6,94.1,25.1,87.3,261.9,0.81,4.18,6,0,4,0
ICU_05835,54,1,21.7,125.2,123.7,60.5,14.1,97.1,90.0,1.9,15.31,10,0,0,1
ICU_00624,90,1,19.8,101.5,98.9,52.1,14.4,85.9,89.5,3.2,4.21,5,0,1,0
ICU_02685,67,1,24.2,64.4,123.7,64.0,21.1,94.9,182.2,0.51,2.48,5,0,1,0
ICU_05851,53,0,32.2,89.7,116.2,76.2,9.7,93.5,147.6,0.56,1.0,4,0,3,1
ICU_01614,58,1,11.5,55.9,141.2,60.0,20.3,97.8,263.3,3.77,46.35,0,0,2,1
ICU_01916,47,0,30.1,58.1,148.3,76.1,25.2,97.9,201.2,4.7,1.0,5,0,1,1
ICU_02702,95,1,26.6,108.4,99.3,51.0,18.5,100.0,133.5,1.87,17.55,13,1,1,0
ICU_04365,95,1,19.8,112.2,111.3,95.1,22.7,98.8,136.2,2.9,6.16,9,0,1,1
ICU_05973,23,0,29.8,82.9,195.2,56.3,14.3,94.0,110.4,0.3,3.52,16,0,2,1
ICU_04092,59,0,27.9,63.5,103.7,109.8,11.8,97.0,63.7,1.16,17.13,2,1,1,1
ICU_04769,76,1,22.9,70.5,133.1,70.1,26.4,90.9,97.7,0.68,9.65,14,1,4,1
ICU_05292,35,1,39.8,120.4,70.5,104.4,13.8,100.0,149.1,0.45,13.2,12,1,0,1
ICU_00080,58,0,35.7,135.5,112.9,85.0,18.2,93.3,199.2,2.69,6.04,13,1,2,0
ICU_02632,65,1,,79.1,129.8,95.9,,,121.2,,,9,0,2,1
ICU_05012,62,1,34.4,127.2,117.6,82.3,22.4,96.0,154.1,1.75,9.42,13,1,0,1
ICU_01273,56,0,25.4,95.3,69.8,62.4,21.7,100.0,92.7,0.73,29.33,23,0,2,1
ICU_05922,73,1,16.9,102.9,109.9,76.9,18.1,91.0,127.2,2.2,1.0,23,0,1,1
ICU_01725,81,1,26.4,91.6,141.5,44.8,20.7,95.5,55.7,1.2,26.43,1,0,1,0
ICU_04538,58,0,16.5,81.3,160.3,102.0,13.8,96.4,86.6,0.46,1.51,16,1,0,0
ICU_04026,47,0,34.5,92.8,107.5,79.2,10.4,92.7,115.4,0.94,10.34,1,1,1,1
ICU_00957,70,1,22.3,78.2,132.8,82.4,13.4,94.5,222.1,1.09,2.79,0,1,1,1
ICU_04168,79,0,28.9,120.6,113.3,81.7,24.9,88.3,89.5,0.71,19.54,4,0,2,1
ICU_DUP_0071,36,0,27.6,108.1,116.6,86.8,21.6,92.8,185.0,0.88,6.1,0,0,0,0
ICU_02424,34,1,26.7,117.2,73.5,94.3,13.6,90.6,70.8,2.79,37.55,0,1,3,1
ICU_04201,42,0,21.4,102.4,153.4,82.8,20.3,100.0,275.3,1.01,14.22,4,0,2,1
ICU_00326,82,0,42.3,124.0,74.1,69.7,10.8,91.7,153.4,0.76,7.39,12,1,2,1
ICU_03758,66,0,19.2,105.6,128.9,69.1,19.4,100.0,89.1,4.09,3.94,22,0,1,1
ICU_03669,68,1,21.4,97.2,118.4,50.7,18.4,94.1,138.3,0.45,22.31,17,1,2,0
ICU_05297,75,1,33.0,82.5,145.4,59.3,9.7,100.0,67.1,0.36,1.82,17,0,0,0
ICU_01667,52,0,39.2,91.3,145.0,84.2,20.8,100.0,223.2,0.3,4.26,20,0,0,1
ICU_00296,78,0,20.9,61.0,143.3,71.4,24.9,93.2,157.6,2.25,3.12,17,0,2,1
ICU_01940,67,1,34.7,83.6,110.6,82.3,15.4,89.8,197.5,0.47,8.05,23,0,1,0
ICU_01412,70,0,,87.5,117.7,76.4,,,122.2,,,13,1,2,1
ICU_00873,48,0,48.7,64.8,121.2,88.2,15.6,100.0,192.0,1.02,1.81,7,0,0,1
ICU_03765,62,0,31.0,90.2,90.6,108.6,21.0,93.2,160.8,0.85,4.0,2,0,1,1
ICU_05300,58,1,20.4,87.3,150.4,70.7,15.6,84.7,126.9,0.36,3.54,16,1,3,0
ICU_03073,91,1,19.6,80.1,119.2,69.0,13.5,93.0,89.0,1.77,1.0,6,0,0,1
ICU_04250,81,1,34.3,84.3,64.2,61.8,16.0,89.8,121.4,0.9,1.16,1,0,2,0
ICU_01223,69,0,29.4,87.8,74.5,80.4,25.5,84.8,188.8,0.67,,10,0,0,1
ICU_03046,82,0,23.6,75.1,137.2,56.6,18.2,95.5,111.6,0.5,3.09,19,1,1,1
ICU_04470,67,0,,118.2,125.5,73.2,,,117.2,,,14,0,0,0
ICU_02906,54,1,28.1,91.3,97.8,87.9,6.6,95.8,40.0,0.63,10.5,17,1,0,1
ICU_05196,80,1,28.1,79.1,110.5,59.6,7.4,93.4,86.9,1.05,7.23,11,0,2,0
ICU_01788,67,0,,97.9,123.0,86.9,,,137.9,,,20,1,1,0
ICU_03907,36,1,35.4,67.4,93.4,98.8,26.1,96.3,169.1,0.3,3.85,2,0,0,1
ICU_00698,78,0,17.0,93.5,143.1,71.0,25.5,100.0,89.8,0.8,1.62,22,0,2,1
ICU_04566,77,1,35.0,42.3,67.7,77.0,22.0,95.1,163.0,0.3,6.33,3,1,2,1
ICU_01946,68,1,20.8,112.0,119.8,91.3,17.0,94.1,156.4,6.86,9.55,24,0,5,0
ICU_05270,85,1,23.2,115.6,103.1,94.6,11.3,96.7,207.4,0.3,4.26,3,0,1,1
ICU_05029,62,1,22.6,93.3,153.6,97.2,16.1,99.6,175.7,3.59,6.48,23,0,1,0
ICU_05877,68,1,14.1,81.0,114.1,77.3,18.4,99.6,225.5,0.3,33.58,20,0,1,1
ICU_03569,78,1,33.9,108.3,129.0,99.8,14.5,98.9,199.6,1.52,4.51,8,0,1,1
ICU_01833,67,0,22.5,123.0,130.7,67.1,12.6,92.9,90.1,0.46,2.27,20,0,0,1
ICU_03477,24,0,27.2,130.4,146.1,78.9,21.2,97.3,65.0,0.38,1.0,5,0,3,1
ICU_04902,43,0,23.8,85.2,134.1,65.3,20.8,96.4,90.6,0.3,25.18,13,1,1,1
ICU_00976,53,1,31.8,42.8,137.9,102.7,9.8,85.0,194.3,0.42,2.05,1,0,2,1
ICU_03654,64,1,26.1,110.1,143.9,80.2,12.6,86.9,158.5,0.93,7.39,17,1,2,0
ICU_04896,31,0,,451.4742295511037,693.828732958436,69.4,,,747.3649629232547,,,2,1,2,1
ICU_01277,69,1,24.7,115.2,135.9,95.3,19.8,98.5,225.4,0.96,2.85,12,0,0,1
ICU_04622,46,1,21.6,88.5,121.7,74.1,15.7,94.1,112.8,2.15,22.68,14,0,0,1
ICU_DUP_0072,28,0,19.8,73.0,171.9,86.5,13.8,88.1,96.6,0.6,13.13,10,0,2,0
ICU_03664,83,1,24.6,121.8,121.0,89.4,9.4,98.2,134.3,0.3,4.25,3,0,0,0
ICU_05096,78,0,26.2,78.4,89.1,90.0,18.5,92.5,142.3,3.15,1.39,3,1,0,0
ICU_01096,63,0,16.5,93.2,153.3,52.5,22.2,100.0,84.1,0.55,7.55,0,1,1,0
ICU_00177,88,1,28.3,113.8,142.2,56.1,21.3,100.0,257.6,1.13,11.46,0,1,1,1
ICU_03448,55,1,26.6,76.7,179.8,81.5,10.2,100.0,181.7,0.3,7.62,1,1,0,0
ICU_02077,83,1,16.0,108.2,146.0,59.4,16.2,93.7,135.1,0.45,1.3,6,1,3,0
ICU_03337,59,1,20.8,70.3,89.2,70.4,11.8,86.9,178.3,0.3,1.86,19,1,0,0
ICU_05810,81,1,,75.5,118.1,45.8,,,169.6,,,4,0,2,0
ICU_03642,44,1,30.8,54.8,116.7,55.6,25.5,99.9,252.3,0.3,8.71,0,1,2,1
ICU_00643,34,1,37.0,77.5,177.2,63.6,10.8,95.0,103.7,0.93,2.1,4,1,1,1
ICU_04456,41,1,24.0,49.0,82.9,55.6,10.9,96.5,166.8,1.46,6.97,1,0,0,1
ICU_02710,47,1,23.4,53.6,132.7,64.4,18.1,98.3,113.2,0.77,5.05,18,0,2,1
ICU_04191,66,0,24.0,98.3,109.3,74.5,18.1,95.4,207.7,0.3,22.97,0,0,1,0
ICU_05442,46,1,32.2,68.1,77.7,73.5,6.2,100.0,184.1,0.3,12.69,21,1,1,1
ICU_02220,55,1,28.4,62.0,162.7,65.0,14.9,91.5,175.8,2.22,17.26,16,1,1,1
ICU_04406,59,0,20.6,98.7,154.0,90.3,18.1,99.0,120.7,0.3,24.2,13,0,4,1
ICU_01215,84,0,11.5,39.8,66.5,37.9,14.3,90.7,130.5,1.61,11.41,6,1,3,0
ICU_03605,47,0,27.5,93.0,87.1,54.7,16.8,92.4,123.1,2.58,12.63,8,0,3,1
ICU_04990,24,1,18.9,109.8,141.8,70.8,14.4,96.2,189.3,0.4,13.3,17,0,1,1
ICU_04484,61,0,23.9,95.6,137.6,69.9,21.3,93.6,126.5,0.3,10.29,10,1,0,1
ICU_00978,33,1,24.7,113.9,159.6,83.7,19.1,98.6,53.0,3.09,45.9,15,1,1,1
ICU_00033,42,0,47.9,93.8,127.7,44.8,12.3,89.3,146.5,0.3,27.91,12,1,3,1
ICU_00188,46,1,24.3,104.7,124.2,97.0,20.1,100.0,128.9,0.84,17.43,5,0,2,1
ICU_03357,23,0,19.5,112.5,95.7,59.4,9.6,100.0,199.8,1.68,5.43,19,1,0,0
ICU_05572,55,0,24.4,98.0,60.0,71.5,18.2,99.3,225.1,0.3,10.54,4,0,1,1
ICU_04243,74,1,20.8,129.6,137.1,82.0,16.5,87.7,136.7,0.3,1.75,20,0,0,0
ICU_02797,29,0,34.3,95.3,104.9,68.9,19.2,100.0,40.0,0.89,1.67,22,0,1,0
ICU_00590,63,1,15.2,131.2,117.6,98.6,10.0,88.0,129.2,2.07,5.77,17,0,0,0
ICU_05429,30,0,16.8,35.3,90.8,51.6,11.6,100.0,72.1,0.58,8.57,2,1,0,1
ICU_05464,26,0,20.0,45.9,138.9,56.3,15.8,92.1,152.1,0.54,,11,1,4,1
ICU_05474,58,1,,53.5,166.9,81.7,,,182.3,,,2,1,5,1
ICU_00164,79,0,16.9,68.6,116.5,64.7,13.2,96.8,85.3,0.72,4.9,5,1,0,0
ICU_04569,62,1,36.9,62.3,190.6,51.6,9.9,94.5,179.4,1.99,2.95,12,1,4,0
ICU_01252,26,1,20.4,128.7,111.9,77.0,22.6,88.4,200.2,0.3,7.18,10,0,2,1
ICU_04123,65,0,23.9,101.0,110.8,73.1,12.1,88.1,190.8,1.57,5.08,23,0,2,0
ICU_04096,72,0,,66.4,111.1,56.8,,,119.6,,,16,0,0,0
ICU_05098,48,0,,89.2,134.3,88.2,,,119.2,,,2,0,2,1
ICU_03331,34,0,23.6,57.8,104.0,67.6,29.5,100.0,40.0,0.64,3.18,20,0,4,1
ICU_04166,56,1,16.2,104.9,180.5,52.1,9.3,85.9,123.2,0.58,6.84,16,0,2,1
ICU_02251,89,0,36.4,133.7,121.6,96.5,13.9,92.0,63.8,1.73,20.37,13,0,2,1
ICU_04879,79,0,27.9,76.0,144.1,46.2,12.1,86.9,135.7,0.86,13.08,11,0,1,1
ICU_04952,76,1,27.6,98.6,126.9,88.1,18.2,93.3,86.0,0.57,21.38,16,0,2,1
ICU_05940,38,1,28.6,78.4,109.6,70.6,18.0,91.4,67.5,2.21,,16,1,3,1
ICU_03622,26,1,34.8,80.6,103.8,74.9,22.7,97.0,129.7,1.38,1.0,4,0,4,0
ICU_00776,48,0,30.6,84.9,133.6,84.4,28.2,88.0,134.4,1.11,7.17,15,1,1,1
ICU_02865,56,0,38.1,112.2,136.1,60.0,14.7,93.9,185.2,0.3,2.48,9,0,2,1
ICU_04236,87,1,33.6,85.6,167.2,80.8,25.6,87.9,164.4,0.3,13.19,10,1,0,1
ICU_02157,56,0,34.0,98.7,106.5,35.6,12.1,93.3,212.9,0.3,12.84,11,1,2,1
ICU_03819,40,1,33.5,69.0,87.2,79.8,14.8,92.3,49.5,2.51,,15,0,2,1
ICU_04688,36,1,29.0,129.9,106.6,95.3,18.5,100.0,100.0,2.38,,14,0,3,0
ICU_03427,86,1,,82.6,97.4,84.7,,,114.2,,,13,0,3,1
ICU_03220,43,1,28.8,99.7,88.5,71.2,19.0,94.0,130.9,0.46,12.39,15,1,1,0
ICU_01937,70,0,28.6,127.3,178.2,65.9,17.3,93.4,118.4,,,0,1,1,0
ICU_03301,45,0,37.8,97.4,124.1,57.3,18.7,99.1,132.5,0.73,3.94,24,0,2,1
ICU_03892,47,0,,73.0,130.8,63.9,,,134.3,,,13,0,3,1
ICU_03628,34,1,23.7,53.5,103.3,70.6,15.9,93.0,142.9,0.3,8.03,9,1,1,1
ICU_03483,60,1,33.6,70.7,105.4,71.0,15.3,91.5,63.1,0.44,3.55,7,0,0,1
ICU_02024,18,0,27.2,89.6,124.6,46.3,17.5,93.4,87.8,1.68,5.04,7,1,3,1
ICU_03515,70,1,29.6,127.0,118.6,80.1,21.0,100.0,78.1,0.3,4.0,4,1,4,0
ICU_04314,54,0,18.8,79.6,127.2,59.8,20.4,89.4,111.4,0.84,4.39,0,0,1,1
ICU_03880,67,1,,82.6,114.8,79.7,,,160.4,,,5,0,2,0
ICU_04849,70,1,30.7,87.9,139.4,76.9,20.5,94.5,198.9,3.05,10.72,14,0,2,0
ICU_03537,47,1,,56.5,160.6,47.8,,,164.9,,,10,1,2,0
ICU_02850,52,0,16.3,119.8,157.9,83.5,15.3,100.0,210.5,0.3,7.98,2,1,4,1
ICU_04595,64,1,24.3,114.2,79.0,89.7,17.6,95.3,125.9,2.82,3.26,20,1,2,0
ICU_04146,68,0,43.8,91.1,169.6,91.0,23.0,91.2,120.9,2.05,22.95,22,1,2,0
ICU_01637,69,1,36.8,99.8,139.0,53.3,18.8,93.0,111.0,5.1,8.16,2,1,2,0
ICU_01694,64,1,12.9,109.2,103.5,87.4,25.2,91.8,40.0,0.69,10.31,0,1,1,0
ICU_04031,36,0,23.2,110.7,103.3,61.6,19.2,89.1,180.0,0.3,12.3,8,0,4,1
ICU_00670,84,0,35.4,559.2757981041094,765.7464099304023,67.7,14.6,90.9,1228.0760492081736,7.0468685061621,19.72,23,0,1,1
ICU_00255,53,1,22.8,100.0,153.2,109.3,17.4,90.0,162.3,0.43,9.95,0,1,2,0
ICU_00129,52,0,22.6,92.5,126.2,85.2,21.3,99.4,144.6,1.63,11.16,20,0,1,1
ICU_05360,61,1,15.0,85.5,119.7,53.8,13.7,95.6,93.2,1.1,21.62,18,0,4,0
ICU_05244,79,1,36.9,96.9,135.6,70.9,14.6,92.1,195.8,0.3,2.29,12,0,0,0
ICU_02628,54,1,20.6,85.1,131.2,65.4,17.7,100.0,215.2,1.29,15.74,23,0,1,0
ICU_01677,89,1,29.3,41.9,142.7,63.5,16.9,82.6,106.7,0.51,10.05,18,0,1,1
ICU_03362,29,0,17.2,79.7,180.7,102.5,13.2,93.6,127.5,0.4,9.48,1,0,4,1
ICU_DUP_0015,95,1,32.9,64.5,195.2,69.6,19.6,85.7,250.1,0.96,43.03,15,1,1,0
ICU_00579,82,1,28.8,80.5,146.0,94.2,22.5,100.0,58.2,4.03,28.0,23,1,3,1
ICU_02948,58,0,33.0,72.3,133.0,84.6,11.8,91.3,181.8,1.58,1.12,22,1,1,0
ICU_04332,75,0,19.0,53.0,153.5,75.5,16.0,92.1,190.0,0.3,3.21,8,0,3,1
ICU_05352,65,0,28.6,116.9,77.1,67.9,13.4,88.7,79.0,0.3,16.55,12,1,2,1
ICU_03719,60,0,38.2,106.2,170.5,51.2,17.3,91.6,129.0,1.81,24.09,3,0,0,0
ICU_00223,32,0,17.4,85.3,172.1,72.9,24.0,92.6,103.1,0.3,6.87,22,0,3,1
ICU_02985,44,0,34.2,66.7,121.8,52.3,28.1,91.6,179.0,0.66,36.63,23,1,4,1
ICU_01585,74,1,28.0,63.5,139.1,54.3,12.0,99.5,142.5,1.5,4.96,7,1,1,0
ICU_00423,79,1,15.7,73.7,110.9,71.5,9.3,98.2,40.0,0.3,15.36,15,0,1,1
ICU_02709,90,0,24.0,142.8,108.0,69.2,18.4,95.5,98.9,1.42,4.83,12,0,2,0
ICU_02578,67,1,44.8,80.0,108.1,48.4,23.1,86.4,105.6,0.38,19.39,23,1,3,0
ICU_03426,66,1,20.9,91.5,134.8,76.4,21.8,89.9,174.2,0.3,25.14,15,1,1,0
ICU_02826,84,1,,118.0,119.5,76.2,,,58.2,,,5,1,2,1
ICU_03958,82,0,38.9,69.2,146.3,52.5,13.2,93.7,210.9,0.43,2.93,0,0,1,0
ICU_03106,38,1,,104.6,118.8,56.4,,,103.3,,,0,0,0,1
ICU_01736,43,0,25.8,57.8,106.6,78.6,23.4,87.8,47.1,1.13,5.55,20,1,2,1
ICU_03177,52,0,24.1,106.7,134.3,44.5,12.9,99.5,142.1,0.3,15.81,20,1,1,1
ICU_03772,47,0,19.2,92.7,124.9,93.4,16.4,93.1,151.4,0.39,13.52,18,0,1,0
ICU_02075,56,1,33.1,87.8,122.2,67.6,32.1,88.0,201.7,2.69,6.45,23,0,2,0
ICU_03781,56,0,41.4,50.7,140.4,85.4,8.1,95.6,167.8,1.21,2.35,2,0,0,1
ICU_04995,61,0,25.0,105.4,123.2,92.1,30.4,96.0,121.8,0.3,1.0,23,0,1,1
ICU_02665,37,0,22.4,78.5,117.1,57.3,16.9,92.4,40.0,0.41,1.0,3,0,1,1
ICU_00248,93,0,36.2,714.2960843225424,844.778465727612,67.1,17.2,93.1,1353.6239118837168,3.5449062327553538,2.36,1,0,0,0
ICU_03094,46,0,21.1,92.6,116.0,86.8,15.0,96.0,128.3,1.55,16.64,7,1,2,0
ICU_05454,79,0,17.2,92.5,110.1,114.8,23.3,86.8,40.0,2.23,4.46,24,0,4,0
ICU_03135,69,1,25.7,75.6,191.5,71.1,14.5,83.0,181.0,0.96,15.05,0,0,0,1
ICU_DUP_0034,92,1,35.0,64.1,81.3,75.3,24.1,100.0,169.6,0.3,15.62,4,1,0,0
ICU_03378,71,0,28.8,84.5,129.5,60.7,13.8,95.1,90.4,2.15,1.73,13,1,2,1
ICU_03816,55,1,24.1,50.9,74.6,105.7,17.1,100.0,119.8,0.46,14.65,10,0,1,1
ICU_00547,58,0,21.0,98.0,140.4,71.6,17.8,94.4,147.7,2.6,,22,1,2,0
ICU_03560,66,1,36.6,78.0,120.4,78.2,17.0,97.2,106.9,0.93,12.47,8,0,2,1
ICU_02686,70,1,31.6,50.4,96.9,72.0,8.4,95.0,240.2,1.33,10.44,22,0,2,0
ICU_00530,73,1,30.0,49.2,125.0,68.3,13.7,89.8,102.1,0.98,25.17,12,0,1,0
ICU_04627,48,1,23.8,57.4,97.3,97.8,20.5,89.9,102.5,0.67,,11,1,2,1
ICU_01488,34,0,20.0,64.3,125.8,40.8,29.6,92.2,79.9,0.38,1.0,13,0,5,1
ICU_01369,46,1,45.0,105.4,114.0,85.7,9.7,95.3,135.3,4.56,8.3,20,0,1,1
ICU_01596,73,1,12.9,78.3,109.9,89.6,9.7,91.3,135.6,0.39,2.97,5,0,0,0
ICU_03673,76,0,24.0,132.3,140.9,78.1,22.8,86.2,180.8,1.31,5.84,7,0,5,1
ICU_04745,56,0,22.0,129.8,98.8,48.8,9.8,92.4,84.6,0.93,1.0,15,1,1,0
ICU_03468,53,0,19.0,81.2,135.7,75.5,18.7,100.0,161.7,0.3,11.76,15,0,2,1
ICU_05344,56,1,25.6,52.5,91.9,53.1,27.7,90.6,93.3,0.31,7.87,18,0,2,1
ICU_04980,40,1,,126.0,128.6,79.4,,,70.5,,,13,0,2,1
ICU_00095,35,0,28.1,89.6,118.0,60.9,26.6,91.5,93.0,0.58,26.07,3,1,1,1
ICU_02876,45,0,37.5,113.2,108.2,49.3,15.8,94.6,176.1,0.4,,10,1,0,1
ICU_05277,39,0,27.5,114.1,104.2,53.4,14.7,93.0,166.2,0.32,,11,0,1,1
ICU_04561,92,0,28.9,96.6,118.1,93.7,12.4,100.0,50.7,0.3,17.3,4,1,2,0
ICU_00994,43,1,31.7,92.4,88.2,70.9,22.8,96.1,130.4,0.3,12.84,16,1,4,1
ICU_02572,56,1,26.7,66.3,133.7,74.3,22.6,99.3,68.4,0.3,1.95,2,1,0,1
ICU_02119,58,0,25.7,91.1,115.2,69.6,26.0,100.0,192.1,2.4,2.52,15,0,1,0
ICU_00861,34,0,23.2,81.4,93.5,84.2,8.0,85.8,112.1,0.84,3.42,13,0,1,1
ICU_03550,52,1,28.8,104.6,150.5,63.2,19.5,93.8,241.9,0.92,22.69,19,0,0,1
ICU_04418,55,1,26.8,69.5,82.6,82.8,17.2,97.0,102.0,0.72,,24,0,1,0
ICU_DUP_0076,82,1,27.1,60.9,89.6,76.2,21.5,90.1,40.0,1.65,12.27,4,0,4,1
ICU_03381,83,1,,116.6,145.8,85.9,,,252.9,,,4,0,1,1
ICU_05153,52,1,,76.7,73.2,62.3,,,180.7,,,0,0,0,1
ICU_01047,33,0,27.4,49.1,117.5,80.0,23.4,84.5,122.0,0.92,38.53,16,0,1,1
ICU_04498,22,1,36.7,94.9,133.6,95.6,17.9,86.4,40.0,0.72,8.66,4,0,5,1
ICU_DUP_0019,47,1,20.7,96.9,131.2,64.4,25.6,98.6,118.1,0.37,13.33,9,0,1,1
ICU_01535,33,1,21.7,62.0,81.5,39.8,17.9,90.1,201.6,0.33,3.76,21,1,1,1
ICU_03349,59,1,18.8,60.0,91.9,78.9,15.6,94.9,93.3,0.3,3.1,20,1,1,0
ICU_00371,70,1,25.2,112.3,66.8,57.0,19.9,96.7,170.6,0.3,4.63,0,1,1,1
ICU_03174,43,1,30.6,109.8,107.6,68.2,23.0,100.0,131.9,0.3,22.48,21,0,2,1
ICU_03706,52,1,29.0,54.9,156.1,64.4,17.5,96.0,116.6,0.33,1.41,13,1,3,1
ICU_00828,54,1,22.8,76.5,114.6,117.0,24.3,100.0,152.9,0.7,5.93,17,0,3,1
ICU_02443,74,1,24.5,103.4,144.5,65.0,17.9,86.9,40.0,0.3,6.66,7,0,3,0
ICU_00314,85,0,21.1,100.0,79.0,73.8,11.3,91.9,139.9,0.3,13.01,16,0,3,0
ICU_02933,79,1,31.1,119.5,139.1,57.1,18.0,100.0,144.3,0.72,4.47,8,1,3,0
ICU_01173,60,1,20.6,38.3,110.3,111.0,33.6,98.8,188.5,0.3,12.02,13,1,3,1
ICU_00938,66,1,,71.6,107.4,83.1,,,116.5,,,22,1,1,0
ICU_01824,65,1,,122.6,119.9,84.1,,,134.4,,,10,1,0,1
ICU_DUP_0038,45,0,28.8,73.3,137.4,65.6,12.6,95.7,101.6,0.79,1.97,7,0,1,1
ICU_03692,83,0,,124.4,113.7,52.3,,,179.3,,,22,1,3,0
ICU_02198,50,1,29.0,117.9,88.9,75.9,26.8,91.0,185.9,1.36,17.45,1,0,2,1
ICU_02153,66,0,22.7,124.2,136.5,111.9,12.2,94.8,151.5,1.42,14.56,12,0,1,0
ICU_00398,59,1,18.7,100.3,91.5,62.1,14.2,95.7,178.9,0.35,,18,1,0,1
ICU_05898,62,1,42.5,113.8,72.9,67.9,15.0,100.0,104.0,1.05,10.79,21,1,1,1
ICU_03065,67,0,23.8,100.0,129.0,38.0,22.8,92.6,121.8,0.3,3.03,0,0,5,1
ICU_00597,44,0,20.1,71.6,134.4,66.6,22.2,100.0,110.0,0.6,1.0,20,0,1,0
ICU_05994,77,1,16.1,84.2,163.6,86.2,19.9,100.0,134.8,1.16,4.74,11,1,4,1
ICU_02261,69,0,19.0,88.3,142.0,54.0,15.6,86.4,145.3,1.49,2.34,6,0,5,1
ICU_05134,33,1,26.9,90.1,109.1,80.9,20.9,97.0,152.4,0.64,25.01,14,0,4,1
ICU_01565,56,0,,94.8,108.8,60.1,,,87.3,,,7,0,0,1
ICU_03147,49,1,20.8,86.8,102.7,88.7,23.6,93.3,143.3,1.58,,14,0,4,1
ICU_05889,55,0,,66.0,119.9,75.0,,,40.0,,,5,0,1,0
ICU_03648,76,0,19.8,95.5,78.7,72.7,24.4,98.3,100.3,0.4,9.74,18,0,0,1
ICU_00448,52,0,,115.4,185.2,63.3,,,147.1,,,19,0,1,1
ICU_04994,50,1,31.0,92.5,117.7,95.2,20.7,94.6,116.5,2.1,23.02,16,1,3,0
ICU_04616,82,1,29.0,66.2,159.9,36.9,28.0,95.6,58.1,0.3,40.3,10,1,3,0
ICU_03269,73,1,14.6,132.3,111.4,46.7,17.2,95.6,219.8,0.3,9.91,7,0,2,1
ICU_02037,52,1,26.7,65.9,140.9,86.0,6.5,83.7,76.8,2.09,22.74,12,1,1,1
ICU_00182,42,1,31.7,62.1,91.8,48.7,27.3,94.5,48.9,0.3,1.0,18,1,3,0
ICU_00834,61,1,24.5,72.1,117.2,74.0,6.0,92.4,150.5,2.5,21.77,10,0,2,1
ICU_03116,58,1,31.7,57.6,140.6,52.7,20.0,90.2,177.1,0.35,6.36,6,1,1,1
ICU_DUP_0000,77,0,20.6,91.4,99.5,75.1,11.6,92.1,230.0,0.42,1.0,12,0,0,0
ICU_01636,44,1,18.7,44.8,135.6,68.2,13.1,92.5,128.3,0.3,4.78,1,0,0,0
ICU_05581,80,1,37.5,122.2,122.4,75.1,25.8,83.9,144.3,0.3,34.12,14,0,2,1
ICU_02368,41,1,19.7,49.7,108.2,57.5,16.2,82.6,89.7,0.3,9.24,18,1,0,0
ICU_02792,54,0,32.6,94.9,146.2,39.9,12.5,99.5,164.7,1.32,3.63,19,0,0,0
ICU_00242,71,0,12.3,79.4,81.4,101.9,12.9,100.0,71.8,0.3,12.04,23,1,2,0
ICU_02883,70,0,22.0,75.9,114.7,88.1,9.7,97.2,109.0,0.81,28.37,3,0,1,1
ICU_04532,71,1,22.6,67.6,134.7,60.5,17.9,90.6,147.1,0.3,1.78,22,1,2,0
ICU_05568,66,1,24.6,110.5,113.3,51.3,12.4,94.0,40.0,0.3,2.54,16,0,0,1
ICU_01714,52,1,,105.3,96.4,85.5,17.1,,42.8,,,6,0,3,0
ICU_05054,40,1,13.0,99.8,77.5,58.5,21.2,91.5,209.5,3.35,13.58,14,0,1,1
ICU_01744,45,1,21.0,85.1,206.4,78.8,6.0,98.9,129.8,0.46,2.38,2,0,1,1
ICU_00501,95,1,21.5,124.1,129.4,63.9,13.1,89.1,235.4,0.3,4.26,24,0,1,1
ICU_01024,93,0,,75.5,137.3,73.2,,,101.8,,,21,1,0,0
ICU_00082,88,0,24.6,118.8,76.2,92.5,24.1,95.0,77.8,1.68,3.2,6,0,3,1
ICU_01143,64,0,24.2,130.0,129.2,71.1,12.3,93.0,78.6,0.3,13.99,5,1,0,0
ICU_00175,76,0,,34.6,174.7,85.3,,,203.1,,,16,1,0,0
ICU_00497,58,1,30.2,54.3,143.6,30.0,21.9,86.4,87.1,2.43,22.22,12,1,3,1
ICU_05106,43,0,32.4,92.5,115.0,95.5,29.3,87.9,65.6,1.37,1.04,9,0,5,1
ICU_04374,79,1,,84.7,109.2,89.4,,,67.0,,,15,0,0,1
ICU_02725,62,1,17.9,134.1,175.6,96.9,20.1,96.5,61.2,1.03,,17,1,0,1
ICU_02755,53,1,25.5,69.7,154.4,84.1,25.3,98.9,168.5,0.51,4.26,10,0,2,0
ICU_01037,35,0,19.8,111.3,135.0,73.2,24.1,92.2,138.5,0.55,1.7,18,0,0,1
ICU_03568,66,1,21.6,77.4,169.3,40.7,21.8,94.2,141.1,0.81,3.79,15,0,3,0
ICU_05362,63,1,27.9,87.1,120.6,75.3,18.9,100.0,80.0,0.67,,15,1,2,0
ICU_01042,81,0,26.0,83.3,68.8,69.8,33.1,99.0,96.3,2.85,1.0,2,0,2,0
ICU_03882,28,1,39.9,113.1,95.6,34.4,20.7,100.0,40.0,0.48,1.46,17,1,2,1
ICU_05279,63,0,29.6,543.9946867884128,635.5043634903459,89.5,10.8,94.2,354.3915923998193,8.667762359321365,6.57,13,0,2,1
ICU_00361,89,1,25.2,77.5,111.2,64.5,12.6,90.1,150.5,3.6,5.37,3,0,1,1
ICU_01153,38,1,46.4,86.8,175.5,46.3,8.8,99.5,132.3,0.33,46.04,3,0,2,1
ICU_05984,90,1,21.5,86.2,140.6,59.3,28.1,88.7,193.1,0.3,2.16,9,0,4,0
ICU_04192,85,0,43.4,80.8,132.5,88.2,17.0,100.0,146.5,0.3,8.93,15,0,5,1
ICU_05610,73,1,26.0,124.3,138.3,60.7,6.6,94.6,118.6,1.87,3.98,15,0,0,0
ICU_02561,63,1,18.7,115.2,116.8,73.0,10.5,100.0,195.0,0.43,8.57,14,0,1,0
ICU_04202,44,1,23.4,98.5,117.4,50.5,19.5,97.3,83.4,7.53,2.35,15,1,2,1
ICU_00340,47,1,19.9,61.7,120.8,66.4,26.9,99.8,171.0,0.3,19.51,22,0,1,1
ICU_03613,69,0,30.2,90.1,130.4,63.4,23.3,97.0,40.0,1.5,1.0,8,1,1,1
ICU_02086,52,0,20.8,109.9,94.9,95.0,14.7,94.9,292.2,2.45,4.05,10,0,1,1
ICU_04859,59,0,,112.5,121.6,84.3,,,165.2,,,7,1,2,1
ICU_01622,78,1,30.7,68.9,140.5,49.9,21.1,95.4,222.3,1.28,1.0,19,0,5,1
ICU_00761,64,0,22.4,90.1,168.9,64.7,13.8,92.8,64.7,2.04,16.19,18,0,0,1
ICU_02467,62,0,19.1,68.5,130.4,93.1,24.2,96.4,133.3,1.15,5.87,8,0,0,1
ICU_05216,67,1,29.0,88.0,146.1,30.0,31.4,99.0,82.8,0.3,,16,0,2,0
ICU_05043,47,0,30.4,67.4,164.1,62.1,15.2,82.1,107.9,0.3,2.05,22,0,3,0
ICU_03353,63,1,,82.2,95.2,68.9,,,181.6,,,6,1,4,1
ICU_03049,83,1,29.0,108.3,144.3,70.8,26.9,88.1,82.0,0.37,20.27,9,1,3,1
ICU_03701,88,0,22.4,90.4,118.8,71.8,13.5,94.5,125.2,0.77,4.91,9,0,0,1
ICU_04049,69,1,26.0,104.5,115.3,56.8,17.0,100.0,144.2,1.16,16.13,16,0,0,1
ICU_02921,75,0,,91.7,87.3,58.0,,,64.8,,,22,0,1,1
ICU_04506,74,1,32.6,111.4,122.7,71.7,20.3,94.5,154.9,0.3,24.07,23,0,2,1
ICU_01517,73,1,16.4,79.0,118.0,81.0,24.8,100.0,166.7,2.05,2.43,23,0,4,0
ICU_DUP_0003,61,1,,82.4,115.2,80.4,,,103.1,,,9,0,1,1
ICU_00820,52,0,25.4,83.0,81.8,77.4,14.0,89.0,230.4,0.3,16.97,8,0,1,0
ICU_02703,80,0,26.8,92.4,133.4,87.2,17.7,84.9,214.5,1.29,1.0,11,1,4,0
ICU_05018,64,0,26.5,73.6,64.1,102.7,9.1,91.7,151.0,0.3,,21,1,0,0
ICU_04833,73,1,,121.0,128.3,73.8,,,159.2,,,9,0,1,1
ICU_05806,20,1,18.3,114.3,128.9,47.0,15.6,96.1,60.6,0.3,14.99,17,1,2,0
ICU_01689,57,1,29.8,99.2,131.0,85.0,10.3,100.0,81.3,0.3,10.18,1,1,0,1
ICU_05957,72,0,24.3,50.6,130.0,62.9,24.5,100.0,217.3,1.22,4.29,23,0,1,0
ICU_01165,95,0,23.2,77.6,115.8,69.1,23.4,100.0,133.9,0.38,1.6,4,1,1,1
ICU_04943,48,0,,65.6,82.3,40.5,,,113.7,,,22,0,2,1
ICU_02356,55,1,27.8,77.1,158.8,78.5,23.8,93.0,183.7,1.37,3.5,10,1,1,1
ICU_00659,59,0,,98.7,98.4,95.6,21.6,,82.1,,,12,1,1,1
ICU_05987,62,0,35.6,95.8,101.1,55.3,11.5,88.0,40.0,1.09,1.24,3,1,1,1
ICU_00294,68,0,16.0,66.8,134.2,37.2,21.1,100.0,234.3,0.3,18.42,17,1,2,0
ICU_02423,61,1,23.2,36.5,114.2,89.0,26.9,100.0,117.8,0.38,14.72,21,1,0,0
ICU_02102,46,0,22.2,89.2,135.5,44.9,17.8,96.0,136.9,5.79,1.28,7,0,1,1
ICU_00319,59,1,23.2,61.8,98.1,76.7,19.4,89.6,111.2,0.42,7.16,11,1,0,1
ICU_03502,62,1,30.3,115.7,130.9,96.0,22.6,87.9,137.4,0.48,1.35,22,0,3,1
ICU_04270,59,1,19.4,107.0,124.4,61.4,33.0,96.3,194.7,0.3,1.77,1,0,1,0
ICU_03088,26,1,40.6,77.6,122.5,58.5,29.0,90.1,214.0,0.91,1.0,7,1,2,1
ICU_05439,60,1,34.6,52.0,75.4,43.3,15.2,98.0,217.8,0.76,18.79,9,1,3,0
ICU_03682,65,1,,78.1,138.3,39.9,,,120.5,,,12,1,2,1
ICU_03124,59,1,,112.0,139.8,87.5,,,205.3,,,24,1,0,0
ICU_04794,59,0,29.5,92.7,116.9,88.9,20.0,91.2,184.7,0.7,2.45,8,1,4,0
ICU_02401,65,1,18.7,86.9,124.0,73.2,9.0,100.0,71.8,2.03,15.27,4,0,1,1
ICU_00522,50,1,25.4,130.4,104.8,56.9,25.8,90.5,154.3,0.51,10.33,9,0,2,1
ICU_05009,59,0,38.5,112.5,103.6,75.2,15.4,89.6,123.6,1.8,8.74,18,1,2,1
ICU_04047,95,1,,69.3,104.1,72.7,,,132.8,,,24,0,2,0
ICU_04680,57,0,,79.1,116.1,69.8,,,96.8,,,17,0,0,0
ICU_05650,58,0,,70.1,104.4,73.0,,,79.8,,,13,1,2,1
ICU_05561,61,1,27.2,82.4,115.2,80.4,22.4,96.3,103.1,0.3,6.41,9,0,1,1
ICU_05115,71,1,20.3,80.6,134.4,90.5,24.4,95.5,110.6,0.4,3.97,10,1,1,0
ICU_03474,49,0,35.0,86.5,102.1,78.1,18.9,100.0,128.0,0.56,16.31,4,1,0,0
ICU_02417,68,0,24.0,89.4,160.5,63.1,34.1,97.6,91.4,0.48,7.53,20,0,0,1
ICU_03026,65,0,27.0,104.6,109.7,114.5,13.1,97.9,163.6,1.04,3.46,24,0,2,1
ICU_05733,58,0,29.6,118.3,114.2,64.9,11.4,98.3,137.0,2.43,27.65,24,0,3,0
ICU_00239,77,1,23.1,474.5092257579353,1191.037849654484,61.0,14.8,93.9,937.9716914942022,2.8606277204730968,11.83,9,0,5,0
ICU_01271,72,0,19.9,107.7,110.7,51.7,11.7,100.0,264.6,2.24,9.84,24,1,1,1
ICU_02617,63,1,24.9,53.5,170.2,82.7,17.7,87.7,40.0,0.49,4.77,1,0,0,1
ICU_05262,66,1,39.5,126.8,178.8,63.5,21.1,100.0,148.9,0.3,3.55,23,0,2,0
ICU_03941,84,1,18.0,113.1,86.0,43.5,15.1,97.3,207.8,1.26,14.37,4,1,0,1
ICU_03886,22,1,15.1,888.0027961477255,796.4048044604639,54.7,12.3,91.0,732.1320770052237,9.573280057392154,8.59,12,0,2,1
ICU_01268,48,0,39.6,113.1,85.0,82.8,17.0,88.5,281.3,3.8,2.73,10,1,0,1
ICU_03044,74,1,24.0,61.4,101.5,67.7,16.9,98.4,132.5,0.85,13.39,2,0,1,1
ICU_01840,59,0,15.5,110.3,129.6,61.3,16.9,97.4,172.8,2.51,7.51,13,1,1,1
ICU_02808,78,1,16.5,122.9,102.1,70.3,14.0,91.8,107.0,0.3,6.6,18,1,2,1
ICU_05364,58,1,32.2,35.1,121.2,74.2,21.4,82.3,140.3,1.84,18.83,14,0,1,0
ICU_04328,92,1,,123.9,121.8,80.2,,,219.8,,,7,1,0,1
ICU_01393,64,1,29.8,109.2,125.0,61.2,30.9,97.3,90.2,1.92,1.83,2,1,2,1
ICU_00137,56,1,14.7,115.2,60.0,85.0,6.3,95.5,244.6,1.2,,11,1,2,0
ICU_02553,69,1,31.8,81.4,131.2,61.7,21.5,93.0,136.7,0.3,1.8,16,0,3,0
ICU_04162,57,0,22.8,102.7,84.2,77.8,8.6,95.9,126.5,7.0,18.45,22,0,3,1
ICU_04834,27,1,34.7,101.5,113.0,78.9,19.2,92.1,197.6,4.46,1.0,9,1,0,1
ICU_01085,69,0,39.2,76.8,111.7,76.7,19.4,98.4,195.6,1.08,,5,1,5,0
ICU_05365,35,0,27.0,82.9,157.9,83.7,21.4,82.9,112.7,3.51,1.82,13,0,5,1
ICU_03708,69,1,32.3,78.6,113.1,74.5,14.8,98.9,169.1,5.79,1.38,17,1,1,0
ICU_01799,62,1,,94.7,127.9,71.2,,,50.1,,,24,0,2,1
ICU_02350,81,1,27.9,68.2,77.8,97.5,13.0,100.0,213.5,0.4,5.98,8,1,2,0
ICU_05649,78,0,30.6,109.0,86.2,48.8,21.0,96.5,260.7,0.62,1.0,2,1,3,1
ICU_00561,95,0,19.2,117.2,138.6,79.9,13.9,98.4,117.7,0.87,23.63,23,0,0,1
ICU_05799,50,1,28.3,75.3,161.3,85.0,15.8,94.6,144.9,0.3,2.69,21,0,1,1
ICU_DUP_0044,50,0,13.9,117.6,95.8,87.7,23.0,88.1,181.5,3.66,1.92,17,1,2,1
ICU_05605,65,1,,91.6,188.7,67.9,,,100.6,,,18,1,0,0
ICU_02507,84,0,22.3,67.5,126.5,76.5,17.7,94.4,94.0,1.25,11.6,5,0,0,1
ICU_05947,82,0,20.3,83.7,137.5,83.1,13.3,100.0,172.9,1.97,15.89,9,0,0,0
ICU_03968,95,1,28.4,100.9,136.7,95.0,20.2,95.7,93.2,3.76,14.28,5,1,0,0
ICU_00854,87,0,,74.9,160.5,38.6,,,79.0,,,14,0,0,0
ICU_00439,61,0,46.8,78.9,83.5,43.7,13.1,96.0,58.1,0.3,1.2,7,0,1,1
ICU_00778,60,1,24.3,114.4,120.1,84.8,26.4,97.6,142.0,1.27,15.5,6,0,1,1
ICU_01609,57,1,20.7,92.2,191.0,97.1,19.2,97.4,107.5,0.3,2.39,22,1,0,1
ICU_01759,85,1,30.5,114.6,105.9,93.7,24.5,96.2,163.2,0.47,,3,1,3,1
ICU_05255,41,0,,70.0,82.5,61.2,,,192.6,,,7,0,0,1
ICU_00726,62,1,43.2,86.3,110.7,79.4,12.9,100.0,155.5,5.98,3.5,6,1,2,1
ICU_01416,63,1,36.6,81.5,123.6,80.2,20.3,96.0,134.4,0.97,13.52,24,1,1,0
ICU_04459,73,1,25.2,111.7,129.4,79.4,24.6,93.5,164.3,0.3,5.69,19,0,2,0
ICU_02397,43,1,39.0,116.1,102.0,62.4,16.6,90.7,40.0,1.8,12.17,5,1,5,1
ICU_03178,79,0,10.4,88.2,178.4,101.9,21.5,93.3,219.2,0.3,23.69,15,1,3,1
ICU_DUP_0032,65,0,21.0,86.3,100.9,94.3,11.1,95.9,252.1,0.3,1.73,17,0,0,1
ICU_03471,60,1,38.3,101.2,98.2,86.5,17.1,83.8,143.5,2.17,1.73,18,0,1,0
ICU_02310,56,0,20.8,98.7,142.7,47.7,17.8,91.5,138.3,0.51,13.21,10,1,3,1
ICU_02099,76,1,18.5,59.2,135.4,84.8,23.0,90.7,69.0,1.07,1.0,18,0,2,0
ICU_00507,46,0,,85.3,108.9,61.2,,,106.6,,,14,1,0,1
ICU_03424,30,0,24.6,93.3,114.4,68.7,19.1,100.0,163.2,1.73,5.9,10,0,2,1
ICU_04541,95,0,,118.6,140.1,68.5,,,197.0,,,20,1,2,1
ICU_05081,64,0,24.6,71.8,103.0,75.1,17.4,97.9,205.6,0.3,5.51,2,1,2,1
ICU_01982,50,1,16.7,52.9,157.6,76.8,17.8,100.0,246.2,0.63,15.98,15,1,1,1
ICU_00656,62,1,21.9,71.5,148.8,89.1,23.0,100.0,94.2,0.3,7.78,8,0,1,1
ICU_03629,50,1,19.7,99.3,70.5,63.0,26.0,94.2,131.3,0.3,16.73,21,0,2,1
ICU_03447,47,0,26.6,85.6,60.0,63.9,22.1,92.1,124.5,0.3,8.12,18,1,3,1
ICU_03756,63,0,26.4,111.2,132.2,81.1,6.8,100.0,109.3,0.76,14.97,20,0,0,1
ICU_03316,61,1,24.1,120.3,138.8,60.5,25.7,91.1,139.8,0.32,6.86,20,0,2,1
ICU_00961,85,0,21.8,101.2,103.5,72.6,16.5,94.8,216.4,0.3,17.95,24,1,3,0
ICU_05710,63,1,28.7,91.1,122.2,58.2,25.6,98.9,193.3,0.85,43.22,13,1,0,1
ICU_00019,36,0,24.6,106.1,115.4,67.2,14.9,99.0,40.0,0.44,12.71,0,1,3,1
ICU_01256,92,0,35.8,94.9,82.7,31.9,22.0,95.3,100.8,0.3,9.25,1,1,0,1
ICU_03609,54,1,17.0,88.7,97.8,47.8,16.8,98.0,102.3,1.33,4.06,13,0,1,1
ICU_01433,51,0,26.8,110.7,135.2,75.6,17.8,84.6,139.4,0.3,20.67,12,1,1,0
ICU_05382,45,1,26.4,118.6,99.2,89.9,28.5,97.6,148.5,0.3,37.68,10,1,3,0
ICU_00930,52,1,,102.7,113.5,80.6,,,77.9,,,5,1,5,0
ICU_00738,91,1,46.2,91.5,123.2,79.3,25.9,92.0,132.7,0.46,10.54,23,0,0,0
ICU_05948,31,0,,79.3,124.2,105.6,,,168.1,,,0,1,1,1
ICU_05222,57,0,18.0,99.5,89.9,76.0,10.5,100.0,110.9,0.5,8.02,1,0,2,1
ICU_02414,80,1,22.5,105.0,129.1,72.5,21.5,91.7,163.1,0.3,5.0,18,0,3,0
ICU_03618,83,1,24.5,114.6,99.2,86.9,19.1,99.6,106.8,1.22,8.93,9,1,2,0
ICU_02903,67,1,32.5,115.6,98.1,57.4,11.9,91.4,170.0,3.37,19.63,18,1,0,0
ICU_00768,50,0,32.4,81.9,118.8,70.6,12.0,89.1,40.0,0.61,1.0,21,0,0,1
ICU_01409,57,1,26.3,75.2,151.7,72.3,25.5,100.0,213.0,1.72,17.6,6,0,2,1
ICU_03439,67,0,14.7,64.8,65.1,82.8,12.0,95.1,132.2,1.88,1.0,1,1,0,1
ICU_05672,50,1,32.9,133.6,65.4,75.2,29.5,97.0,104.1,1.44,25.05,11,1,4,0
ICU_02575,41,0,,72.8,146.2,78.8,,,40.0,,,11,1,5,1
ICU_02413,45,0,32.2,70.4,87.4,91.8,21.7,90.3,106.6,0.55,21.83,24,1,3,1
ICU_04694,58,0,24.6,65.9,144.1,67.9,14.8,96.1,155.6,1.09,5.94,21,0,1,1
ICU_04309,53,1,29.1,623.7079490186269,596.9613605559185,93.2,16.1,97.7,837.4045621370592,8.701401937827344,39.21,10,0,2,1
ICU_05112,61,1,37.8,101.2,91.1,99.3,12.6,98.1,190.0,1.21,1.0,6,0,1,1
ICU_03492,70,0,30.5,113.2,152.4,72.9,20.5,80.4,115.9,2.18,3.56,18,0,1,0
ICU_01222,73,0,22.6,93.6,146.8,85.3,15.7,87.5,274.1,1.0,6.29,11,1,0,0
ICU_04997,95,1,42.4,90.6,150.9,82.7,19.1,92.6,64.9,0.3,1.0,20,0,0,1
ICU_00191,77,0,22.8,99.1,138.3,81.6,22.7,97.9,40.0,3.19,7.08,3,0,1,0
ICU_02542,58,1,19.8,80.7,80.0,76.9,20.0,92.5,161.4,0.37,1.0,18,1,3,0
ICU_03237,39,1,22.3,63.6,90.8,58.0,16.6,89.2,66.7,0.75,6.14,24,1,4,1
ICU_00647,61,1,27.6,81.8,102.0,72.8,12.2,95.7,201.2,0.96,2.9,15,0,2,1
ICU_04492,51,0,,98.8,135.6,32.9,,,40.0,,,16,0,0,1
ICU_05751,39,0,32.8,92.2,130.6,90.5,18.1,100.0,116.0,0.74,4.63,24,1,1,1
ICU_00227,42,1,28.5,102.4,134.1,55.5,24.9,88.3,131.3,2.53,4.6,6,1,1,1
ICU_03804,45,0,25.5,110.8,97.2,48.0,27.4,94.0,135.3,4.24,1.0,11,1,3,0
ICU_01040,92,1,,84.4,117.6,67.3,16.3,,202.3,,,7,1,3,1
ICU_01531,30,1,21.7,91.3,129.5,105.3,25.6,95.8,177.4,1.46,10.99,0,1,2,1
ICU_03382,65,1,14.0,69.9,142.8,97.1,19.3,92.4,187.7,0.49,40.62,2,0,5,0
ICU_02304,95,0,42.5,102.1,155.7,79.7,22.3,96.4,120.2,0.3,5.82,0,0,3,0
ICU_05868,50,0,19.0,110.4,111.2,95.3,18.1,100.0,137.2,0.38,2.45,8,0,0,1
ICU_03790,72,0,34.4,90.3,122.1,67.1,15.5,100.0,262.4,2.25,1.0,1,0,3,0
ICU_04129,91,1,32.1,89.9,126.2,100.2,12.7,93.5,125.8,2.02,6.99,0,0,5,1
ICU_00685,74,0,23.7,91.1,141.9,82.1,23.0,94.4,260.4,8.98,24.07,7,0,1,1
ICU_03624,95,0,16.5,79.9,60.0,80.3,17.5,92.7,147.5,0.55,6.2,4,0,1,1
ICU_00052,49,0,23.8,122.9,60.0,81.6,17.4,97.3,54.2,0.52,7.91,9,1,1,1
ICU_05515,34,1,33.6,97.7,158.3,62.5,21.4,87.4,164.0,1.29,1.9,23,0,0,1
ICU_04278,60,0,23.0,104.9,144.7,71.4,13.7,98.9,166.1,1.56,,23,0,1,0
ICU_04274,25,0,37.3,106.5,78.2,58.6,19.1,94.7,117.3,0.3,24.51,18,0,0,1
ICU_03436,72,0,15.9,106.0,60.0,71.9,20.1,100.0,49.6,0.5,10.65,0,0,1,1
ICU_02170,79,0,29.4,105.8,102.9,50.3,24.7,94.4,80.7,0.67,,11,0,2,1
ICU_00652,57,0,,123.0,120.6,78.2,,,108.2,,,1,0,3,0
ICU_05668,30,1,19.6,108.3,154.0,75.2,20.1,87.2,183.7,0.58,15.8,22,0,5,1
ICU_02215,66,0,17.5,71.8,104.7,58.3,19.8,95.6,126.5,0.67,23.3,3,1,3,1
ICU_04861,47,1,,96.9,131.2,64.4,,,118.1,,,9,0,1,1
ICU_00885,95,1,16.7,99.5,104.3,70.9,25.8,92.3,215.8,0.74,17.39,19,1,3,0
ICU_02527,72,0,28.7,101.6,96.1,65.6,16.9,93.5,66.0,0.69,8.36,9,0,5,0
ICU_00037,26,1,27.9,108.5,109.4,76.8,6.6,90.2,132.5,1.13,9.06,22,0,1,1
ICU_01726,52,0,23.2,89.2,116.4,66.1,19.5,93.6,61.0,4.08,6.47,19,0,1,0
ICU_04919,85,0,20.6,53.2,185.9,99.8,11.8,95.9,134.8,1.42,,20,0,2,0
ICU_00863,94,0,30.6,67.0,152.0,48.6,25.1,92.7,217.8,0.74,1.21,10,1,2,0
ICU_04887,90,1,44.0,72.3,97.0,70.9,19.0,100.0,288.8,0.67,2.58,6,0,2,0
ICU_00648,57,0,30.8,70.0,81.2,75.6,14.5,99.5,104.7,0.3,3.18,16,1,0,0
ICU_04671,32,0,35.3,74.3,103.0,75.8,10.2,100.0,183.9,0.8,14.19,24,1,1,0
ICU_01952,45,1,26.9,79.4,158.9,76.3,23.0,90.5,40.0,0.66,1.0,12,1,5,0
ICU_05181,53,0,22.7,62.0,135.6,81.3,14.8,97.2,112.5,0.3,4.19,10,0,0,1
ICU_00748,50,0,13.0,126.3,126.4,57.3,20.9,97.1,58.6,1.74,1.0,0,0,1,1
ICU_03553,95,0,21.5,99.6,140.1,74.9,15.4,94.4,159.4,1.36,1.41,11,0,4,0
ICU_00465,58,1,25.7,31.1,105.6,76.3,12.7,90.2,52.3,0.3,2.56,5,0,0,1
ICU_04832,72,1,,69.2,60.0,101.2,,,100.1,,,24,1,3,0
ICU_04843,59,1,28.0,111.4,100.5,67.2,11.3,96.8,237.3,1.5,12.11,2,1,3,1
ICU_02936,51,1,36.3,62.9,140.7,72.6,17.0,96.4,162.6,3.98,6.05,21,0,1,0
ICU_01067,82,0,26.7,89.8,60.0,85.9,16.0,91.2,145.4,4.3,2.77,24,0,2,0
ICU_05903,81,1,27.3,69.4,99.4,75.4,7.9,85.9,83.2,1.33,1.93,21,1,3,0
ICU_05285,69,1,23.1,105.0,60.0,90.1,25.5,100.0,40.0,0.41,35.65,6,0,0,1
ICU_02139,35,0,37.6,54.8,101.1,107.5,19.5,91.6,243.8,1.53,4.1,21,1,0,1
ICU_03422,69,0,31.7,64.1,144.9,82.7,19.8,86.3,77.6,2.71,5.47,23,1,2,0
ICU_00352,77,1,40.3,74.1,119.8,53.9,6.5,90.7,74.6,0.65,16.45,2,1,4,0
ICU_03887,59,1,38.6,100.9,130.8,59.0,16.7,87.6,112.1,0.4,8.6,24,1,0,1
ICU_01761,75,1,19.4,104.4,124.7,70.2,15.4,97.1,198.9,2.99,27.63,14,1,4,0
ICU_03839,56,0,25.3,82.9,66.7,50.5,15.9,94.0,88.5,2.35,5.33,5,1,2,0
ICU_03151,55,1,24.8,58.2,124.5,88.3,15.4,82.5,117.9,0.3,22.82,11,0,0,1
ICU_02072,63,1,33.6,111.3,60.0,81.7,12.7,92.8,55.0,1.79,7.18,0,0,3,1
ICU_02026,94,0,24.4,110.1,112.5,71.7,18.9,99.2,114.6,2.22,,22,1,4,1
ICU_05983,69,0,14.8,53.7,88.5,77.9,9.6,100.0,225.1,1.16,6.51,6,0,1,0
ICU_04683,49,0,35.4,87.1,159.6,75.4,7.9,98.9,150.5,0.73,5.73,15,0,4,1
ICU_03925,55,0,24.0,78.2,84.0,64.7,15.0,97.0,135.6,0.85,13.17,23,0,0,1
ICU_05830,57,1,32.1,101.6,101.7,50.4,13.7,100.0,196.2,0.46,,8,1,0,1
ICU_02237,44,0,35.0,94.7,132.9,72.4,29.1,100.0,243.0,0.92,22.39,4,0,1,1
ICU_01721,57,1,22.7,66.4,116.4,47.3,10.9,88.7,191.9,0.33,2.77,11,0,3,1
ICU_DUP_0073,63,0,,67.8,100.2,78.3,,,125.8,,,20,1,2,1
ICU_00483,65,0,,90.4,125.2,68.2,,,268.3,,,21,0,1,1
ICU_03413,47,0,32.6,576.815204752833,1102.8085166107237,91.0,15.3,96.2,1394.3087343600173,13.858057260421079,1.0,16,1,5,0
ICU_00867,68,1,20.2,109.4,131.9,74.5,19.9,96.9,91.1,1.4,11.89,7,1,1,0
ICU_01796,56,0,,100.1,104.3,60.2,30.5,89.2,43.4,,,3,0,3,1
ICU_04830,77,0,17.4,30.0,111.1,66.1,25.3,100.0,40.0,2.27,21.1,11,1,0,1
ICU_05852,73,1,17.9,98.1,139.4,77.4,21.3,91.0,158.1,2.58,4.08,24,0,1,1
ICU_03788,65,1,19.7,58.5,148.0,53.4,12.3,87.7,168.1,2.07,1.72,11,1,2,0
ICU_01576,32,1,22.2,99.4,126.0,46.0,17.2,97.9,62.8,0.3,2.27,3,0,5,1
ICU_04172,53,0,24.1,114.8,143.8,94.7,23.2,93.0,214.3,0.91,7.6,19,1,0,1
ICU_05864,51,0,31.3,143.4,110.8,90.7,22.1,86.2,119.0,1.06,1.73,24,0,1,1
ICU_01846,84,1,18.4,93.4,147.9,75.0,19.8,93.6,134.3,1.65,5.6,4,0,2,1
ICU_02541,39,0,26.1,113.3,121.9,50.0,13.5,99.2,40.0,0.3,1.0,13,0,5,0
ICU_04394,77,0,,759.5174130101751,959.7378769307514,75.1,,,1465.1153253055563,,,12,0,0,0
ICU_04144,34,1,25.2,70.0,63.5,84.8,17.1,98.0,266.7,5.49,4.43,8,1,0,1
ICU_00417,64,0,34.1,62.4,149.5,57.1,24.1,95.0,195.9,0.35,1.85,23,1,1,1
ICU_05194,28,1,20.6,102.3,150.0,110.7,14.8,94.5,64.7,0.46,2.97,23,1,1,1
ICU_02943,58,0,31.1,79.2,70.9,45.4,14.9,97.4,96.8,1.82,15.14,2,0,1,1
ICU_02737,68,0,29.3,97.4,136.4,109.1,26.2,92.1,158.9,1.85,4.35,20,1,2,0
ICU_02896,24,1,12.9,71.7,137.2,61.5,28.3,97.9,157.9,0.3,11.53,23,1,1,1
ICU_05724,53,1,27.9,89.7,89.6,89.0,15.4,90.7,122.8,0.46,1.45,21,0,2,1
ICU_00662,61,0,23.4,95.4,152.6,74.0,22.8,93.0,98.4,2.08,17.58,24,1,1,1
ICU_01762,63,1,30.1,89.3,109.6,95.3,20.2,90.6,124.3,0.3,17.51,14,1,0,1
ICU_05818,39,0,29.9,55.8,121.1,68.1,17.4,94.3,131.2,2.29,1.0,19,0,4,1
ICU_00829,56,0,26.7,83.3,105.3,52.9,6.0,100.0,241.6,0.3,2.43,17,0,0,1
ICU_01883,51,0,,95.0,98.5,72.8,,,40.0,,,20,0,1,0
ICU_04036,71,0,40.8,89.4,87.6,59.8,28.5,99.1,40.0,1.37,9.57,7,1,4,1
ICU_02902,51,0,24.6,85.5,165.1,87.9,25.2,100.0,76.7,4.54,5.63,1,1,0,1
ICU_03361,31,0,25.4,58.3,155.2,59.7,22.2,100.0,40.0,1.19,4.81,5,0,0,1
ICU_03127,85,0,32.8,93.0,152.1,75.1,19.9,97.7,173.3,2.46,25.52,16,1,0,0
ICU_05651,63,0,24.3,105.8,132.5,54.6,16.5,95.4,128.6,5.2,1.1,18,1,2,0
ICU_04240,28,0,17.2,84.1,163.4,93.3,14.1,100.0,167.4,3.03,4.89,10,0,1,1
ICU_01545,70,1,27.4,66.8,133.3,80.4,16.6,94.8,193.1,1.9,9.19,9,1,5,1
ICU_02761,47,1,20.4,87.7,141.2,84.0,12.6,98.2,128.1,1.35,1.86,16,1,0,1
ICU_03140,77,1,29.3,111.2,174.3,65.1,16.8,97.6,188.3,2.85,1.0,9,1,4,1
ICU_00092,49,1,27.2,30.0,153.0,84.0,27.5,94.6,110.0,0.63,24.67,10,0,0,1
ICU_05886,48,1,,46.9,108.3,71.4,,,210.1,,,8,1,3,1
ICU_00581,54,0,29.2,57.6,76.2,84.0,10.2,96.7,199.2,1.1,3.69,3,0,0,1
ICU_04190,69,0,14.2,88.0,72.5,105.1,21.7,94.0,195.0,0.3,4.71,4,0,0,1
ICU_04398,81,0,23.4,102.4,139.0,80.1,24.7,89.7,199.4,0.86,12.81,13,1,2,1
ICU_04048,60,1,28.9,79.6,84.4,76.1,10.7,93.9,203.7,1.88,11.07,11,0,2,1
ICU_01621,36,1,21.9,113.1,99.1,73.8,6.0,99.2,62.8,1.42,13.05,14,1,1,1
ICU_05301,56,1,,70.6,132.4,80.3,,,59.7,,,5,1,4,1
ICU_04317,82,1,14.7,70.4,91.1,43.3,22.9,93.0,105.5,1.66,6.1,0,0,0,0
ICU_03565,62,1,18.6,100.5,130.2,88.3,6.0,95.6,120.8,2.87,1.0,7,1,3,1
ICU_05190,50,1,22.2,60.7,116.3,87.9,20.9,93.8,139.2,0.36,4.46,9,0,2,1
ICU_01528,53,1,29.6,54.0,104.9,59.6,11.7,86.4,210.2,6.19,3.0,3,1,4,0
ICU_01779,49,0,39.6,54.0,167.1,42.9,27.4,100.0,44.7,0.3,6.08,20,1,0,1
ICU_05254,47,1,27.1,92.1,87.8,74.9,17.1,97.6,46.7,1.26,12.31,8,0,4,1
ICU_00073,90,1,23.7,79.2,176.6,66.0,23.3,95.5,72.8,0.3,18.94,20,1,3,1
ICU_01897,90,1,38.2,53.7,179.1,88.3,17.4,92.5,169.7,3.15,2.86,16,0,1,0
ICU_01479,54,1,28.1,56.6,174.8,30.0,19.1,87.7,85.3,0.72,1.0,11,0,3,1
ICU_01081,55,0,,76.5,154.0,57.9,,,86.5,,,8,1,2,0
ICU_05037,49,0,20.2,77.5,132.4,74.5,16.1,100.0,135.6,0.45,22.05,20,0,2,0
ICU_03059,54,0,32.6,79.6,66.1,30.0,16.3,83.4,124.8,0.3,7.16,15,0,0,1
ICU_02167,39,1,16.7,52.1,99.3,70.8,19.2,92.7,127.0,0.99,1.0,22,1,2,1
ICU_04179,55,1,44.9,101.6,138.9,65.1,22.7,100.0,94.5,0.47,2.52,19,1,5,0
ICU_00654,95,1,28.3,75.3,139.7,85.4,19.2,91.4,272.3,0.54,11.59,5,0,1,0
ICU_02123,57,1,20.2,94.0,119.2,79.0,18.8,96.7,163.3,2.16,1.0,19,0,0,1
ICU_03459,40,0,20.0,82.6,152.5,118.6,6.9,96.6,193.3,0.51,10.87,19,0,2,0
ICU_05266,81,1,25.3,126.9,141.7,84.9,17.6,99.3,92.1,1.82,24.6,0,1,2,1
ICU_00222,74,0,15.8,103.7,102.7,57.4,19.6,91.1,106.3,0.31,4.06,15,0,0,0
ICU_03962,62,0,20.4,111.0,91.1,63.3,23.6,100.0,67.6,0.93,3.48,22,0,1,1
ICU_05047,61,0,,118.1,151.5,61.3,,,226.4,,,22,0,0,0
ICU_04727,53,0,33.3,78.7,73.6,65.9,15.1,91.0,165.1,0.91,9.83,21,0,4,0
ICU_04685,73,1,18.3,550.4425036151337,737.6735385755375,84.7,22.9,92.2,795.5277119730401,4.721033972439492,22.85,16,1,0,0
ICU_05088,63,0,20.5,118.9,86.9,96.1,23.6,93.5,132.2,3.34,1.59,5,0,2,1
ICU_03481,18,1,,77.4,93.4,80.6,,,68.8,,,9,0,1,1
ICU_01338,55,1,29.8,83.1,79.9,55.4,21.0,87.3,40.0,3.53,15.7,10,0,0,1
ICU_01224,58,1,22.7,68.3,137.6,94.1,19.4,95.8,149.1,3.96,1.0,0,0,3,1
ICU_04669,62,1,31.2,69.3,97.2,63.7,15.8,88.9,142.4,0.4,8.77,18,0,2,1
ICU_04291,54,0,25.2,86.8,77.3,52.7,21.1,90.8,40.0,2.1,1.0,24,1,0,1
ICU_02305,95,1,,80.3,94.0,60.2,,,193.0,,,21,1,2,0
ICU_05880,18,0,31.5,116.9,128.6,75.5,20.0,90.4,180.7,2.02,11.61,21,1,4,0
ICU_00705,72,1,39.5,87.1,117.6,72.3,16.4,100.0,98.6,0.3,3.37,3,0,1,1
ICU_02271,53,1,23.8,71.8,143.5,39.1,20.7,99.6,110.5,0.6,7.2,21,1,5,0
ICU_03700,81,1,23.8,81.0,147.1,101.1,21.8,94.7,154.1,1.54,4.04,7,0,1,0
ICU_00124,72,0,26.1,939.9732048808341,722.92994784529,56.5,15.9,95.7,962.5085246073187,7.184594379014048,10.88,23,0,2,1
ICU_04972,43,1,27.0,86.9,123.4,75.6,24.7,100.0,171.1,1.46,,23,0,2,0
ICU_01860,59,1,,102.9,118.5,78.6,,,120.4,,,22,1,0,0
ICU_05698,60,1,29.1,81.9,97.6,39.7,27.0,91.5,138.2,0.56,26.18,8,1,0,0
ICU_00944,95,1,,55.3,121.0,62.9,,,219.6,,,12,1,0,0
ICU_04758,50,1,32.7,89.3,123.6,99.1,13.5,96.9,131.1,0.65,4.18,8,0,0,0
ICU_04067,67,0,20.4,83.1,174.5,95.1,23.3,95.4,142.4,0.89,5.08,9,0,1,0
ICU_03107,72,0,26.4,63.5,157.1,83.1,28.8,88.2,144.8,1.09,4.82,23,0,2,1
ICU_02972,37,0,25.1,66.9,70.1,63.7,32.8,97.4,129.8,0.3,2.84,7,1,4,1
ICU_02520,65,1,27.6,106.5,114.9,66.8,18.1,82.0,83.9,1.93,1.0,17,1,1,0
ICU_01738,79,1,22.9,112.8,102.0,94.2,14.4,94.9,270.6,0.39,11.0,4,1,2,1
ICU_03600,47,0,16.0,98.5,149.4,95.6,19.9,89.8,207.3,2.36,1.0,20,1,1,0
ICU_05962,62,0,33.0,66.6,72.8,55.8,23.2,92.7,165.7,2.51,26.11,19,0,3,1
ICU_04509,60,1,17.6,76.5,151.3,65.3,19.0,99.3,272.0,0.45,9.57,17,0,1,1
ICU_01905,70,1,32.2,74.7,159.7,86.7,30.5,99.2,196.4,0.72,5.33,24,0,5,0
ICU_04256,46,1,,65.2,70.1,77.3,,,92.1,,,23,1,2,1
ICU_02303,66,1,28.9,74.7,131.8,89.2,19.0,97.8,48.2,1.21,29.09,20,1,2,0
ICU_05314,50,0,13.9,117.6,95.8,87.7,23.0,88.1,181.5,3.66,1.92,17,1,2,1
ICU_01922,42,0,,79.7,90.0,50.8,,,166.9,,,24,0,1,1
ICU_00849,52,0,20.0,526.9884687618271,795.6398454671745,91.6,12.3,97.3,1586.1951787245862,25.80572153410438,15.51,15,0,0,1
ICU_03208,78,1,49.4,95.2,132.6,39.7,17.1,89.0,265.6,0.83,28.99,7,0,1,0
ICU_04069,80,1,,82.7,135.8,71.7,,,140.5,,,6,1,3,0
ICU_02085,40,1,24.1,64.7,103.7,56.1,12.4,94.3,131.6,1.45,2.33,21,0,2,1
ICU_05857,52,1,20.3,87.9,119.3,67.7,19.0,95.9,179.8,0.41,3.19,4,0,2,1
ICU_03019,71,1,14.6,105.4,104.1,73.8,15.7,88.3,134.9,0.3,1.0,24,1,0,1
ICU_04010,62,1,28.2,72.6,76.4,62.7,17.9,83.0,40.0,0.74,5.36,9,1,1,1
ICU_05208,43,1,30.5,56.5,145.6,83.7,12.9,85.2,155.1,0.89,1.31,14,1,5,0
ICU_01370,58,1,28.4,78.9,152.9,67.9,16.1,99.7,146.9,1.51,1.38,16,0,0,1
ICU_00036,65,0,32.6,94.4,83.1,74.9,22.6,99.1,143.8,1.25,7.8,2,1,1,1
ICU_04292,35,0,20.0,93.9,141.2,46.1,14.1,89.7,97.0,1.17,27.66,1,0,1,1
ICU_00851,52,0,17.8,71.2,99.5,64.6,18.3,100.0,134.6,0.65,3.32,24,0,0,0
ICU_04204,63,0,22.9,117.0,133.5,32.8,23.9,93.5,151.2,0.87,6.18,12,0,2,1
ICU_03750,51,1,20.1,62.2,97.0,82.0,19.4,93.3,156.8,1.38,6.18,21,1,2,1
ICU_05538,39,1,28.4,79.6,78.4,100.0,21.9,100.0,126.5,2.43,5.54,5,1,2,1
ICU_00981,69,1,34.3,74.6,62.5,106.4,19.4,92.5,209.5,0.99,,0,0,3,1
ICU_05283,72,1,36.9,121.4,95.7,61.6,17.6,97.4,87.3,1.32,7.91,7,0,2,1
ICU_01003,50,1,,66.3,136.5,63.4,,,143.4,,,1,1,2,1
ICU_01844,64,0,,130.4,130.6,70.3,,,273.6,,,23,0,2,1
ICU_DUP_0021,61,1,37.5,83.6,121.0,84.2,25.1,96.5,137.3,0.75,1.09,10,0,2,0
ICU_04790,57,1,,113.4,133.1,60.2,,,217.1,,,23,0,1,1
ICU_03312,95,1,39.1,104.9,85.2,46.2,6.0,86.8,59.3,0.3,32.51,17,1,0,1
ICU_05580,95,1,20.4,99.1,88.2,94.6,12.8,99.1,204.8,1.08,1.0,4,0,2,1
ICU_05618,69,0,17.0,95.3,124.2,59.1,17.3,100.0,134.3,1.0,1.83,5,1,3,1
ICU_05769,32,1,27.8,47.2,96.2,96.8,20.0,95.8,101.5,3.06,1.0,1,1,3,1
ICU_02087,59,1,34.2,114.2,114.8,63.0,18.8,87.8,56.1,0.3,28.8,6,0,5,0
ICU_03715,59,0,,115.4,114.4,84.1,,,212.9,,,16,1,1,1
ICU_00887,55,1,14.9,94.9,115.3,57.6,21.0,96.5,210.6,0.74,,1,0,1,1
ICU_01734,76,1,38.9,97.2,137.9,88.7,19.4,93.9,123.0,0.67,1.0,18,0,1,0
ICU_00322,47,1,16.9,87.2,90.1,79.4,20.3,94.6,178.3,0.3,7.01,8,1,1,0
ICU_03917,71,1,51.1,48.4,125.2,72.9,7.7,87.8,186.7,0.4,8.84,11,1,0,1
ICU_02212,77,1,33.3,75.4,92.5,75.6,22.0,93.8,168.9,0.3,6.28,23,0,5,0
ICU_04468,63,0,31.6,780.5424941155586,741.863907518338,114.1,28.0,92.7,728.1047763319178,6.8582744656201164,,15,0,3,1
ICU_04039,49,0,28.8,115.6,99.5,100.3,22.9,100.0,231.7,0.99,8.98,16,1,3,1
ICU_02133,72,0,26.0,86.8,100.5,48.7,25.5,100.0,117.0,2.01,28.17,24,1,3,0
ICU_03575,67,1,25.5,81.8,117.8,66.1,13.7,100.0,143.6,0.3,8.83,0,1,2,1
ICU_04774,20,1,25.7,92.7,162.5,48.3,16.4,91.4,117.9,0.3,4.66,4,1,1,1
ICU_04472,85,1,38.2,96.5,85.9,83.8,20.9,90.0,122.5,0.3,6.04,14,0,3,1
ICU_00703,36,0,,80.7,98.8,73.6,,,40.0,,,20,0,2,1
ICU_03961,95,1,16.5,105.4,90.0,83.7,20.3,86.9,213.9,0.3,3.54,19,0,3,0
ICU_03933,75,0,22.3,69.1,121.6,87.4,23.6,93.0,147.3,0.4,16.5,3,1,1,1
ICU_00506,51,0,33.1,60.0,98.7,90.8,13.6,84.4,75.4,1.42,34.6,19,0,2,1
ICU_03927,70,1,26.0,618.8092377066603,967.3977260426924,41.9,20.5,95.5,751.1398817079669,6.222218740822859,,11,0,1,1
ICU_04245,34,1,,83.2,159.2,39.7,,,141.8,,,9,1,1,1
ICU_05449,36,0,36.7,106.3,131.4,73.2,16.1,95.5,209.5,1.12,12.85,12,0,0,1
ICU_03085,67,0,29.1,119.8,93.9,91.8,24.7,91.1,209.7,2.37,12.25,0,0,1,1
ICU_04578,51,1,31.8,94.3,149.0,43.3,19.1,92.6,145.3,0.65,5.71,13,0,3,1
ICU_00451,79,1,,154.0,120.4,52.4,,,90.0,,,10,0,2,1
ICU_04804,57,0,,57.7,105.8,58.6,,,79.2,,,22,1,3,0
ICU_00800,78,1,,71.9,64.6,40.6,,,261.5,,,13,0,2,1
ICU_01459,74,1,28.6,69.7,147.9,52.2,13.2,100.0,179.7,1.85,8.84,24,0,2,1
ICU_03912,80,1,28.4,66.6,105.0,57.8,23.4,95.5,108.8,3.02,13.89,12,1,0,1
ICU_00333,49,1,16.2,90.2,102.0,108.5,29.3,98.8,150.7,1.8,1.92,7,1,1,1
ICU_05521,50,0,31.5,104.8,115.4,63.0,19.3,97.1,122.9,1.54,6.91,7,0,0,1
ICU_05667,74,0,,65.9,89.5,66.0,,,161.9,,,8,1,2,1
ICU_01854,80,1,,49.2,131.3,59.7,27.2,,134.4,,,1,0,2,0
ICU_00029,56,1,39.8,82.7,128.0,86.0,17.7,97.0,180.2,3.33,5.84,14,0,1,0
ICU_00543,87,1,,82.7,61.1,96.0,,,61.5,,,10,0,1,0
ICU_03051,49,1,24.4,96.1,109.8,71.7,24.7,85.6,194.1,0.4,,14,0,1,0
ICU_05236,36,0,21.6,136.5,74.9,62.6,21.0,100.0,232.4,0.77,14.6,14,1,2,0
ICU_03114,69,1,51.9,76.8,75.8,55.4,16.7,94.3,169.2,0.3,1.0,8,0,1,1
ICU_05677,86,1,26.8,123.3,63.3,74.6,17.7,97.6,176.2,0.66,5.12,23,1,1,0
ICU_02607,22,1,28.0,109.7,115.7,72.0,35.6,99.6,40.0,1.38,5.94,20,0,3,1
ICU_00779,73,0,28.7,106.6,107.1,59.9,26.5,100.0,123.2,0.3,3.54,11,1,1,0
ICU_01627,85,0,17.3,106.6,121.1,66.3,20.9,93.0,40.0,0.3,3.3,19,0,0,1
ICU_04619,60,0,22.4,41.7,111.5,60.5,18.3,95.0,147.1,1.49,37.95,11,0,4,0
ICU_04599,85,1,21.1,71.8,159.7,36.3,9.3,93.8,167.7,1.27,10.88,12,1,4,0
ICU_05097,41,1,,121.3,70.8,78.2,,,158.9,,,24,1,1,1
ICU_01247,48,0,26.7,67.4,108.4,95.0,27.4,100.0,258.9,1.03,1.66,13,1,4,0
ICU_05204,95,0,25.7,90.3,107.2,64.9,17.7,95.6,185.6,3.47,1.29,10,0,2,0
ICU_02457,66,1,15.2,75.6,140.3,76.8,21.4,97.0,40.0,0.33,12.03,24,1,3,0
ICU_00346,35,1,38.5,90.9,118.5,44.6,15.1,88.6,144.4,4.4,27.74,10,0,0,1
ICU_01203,71,0,36.0,110.9,157.0,93.0,20.5,87.3,161.8,1.72,8.05,8,1,3,1
ICU_04363,83,0,18.2,105.5,96.1,110.0,17.5,91.9,145.0,0.3,1.53,2,0,0,1
ICU_01318,51,1,,86.7,117.4,30.0,,,105.0,,,10,1,2,0
ICU_01161,95,0,34.7,47.3,111.7,96.6,24.2,96.9,99.9,0.39,3.86,11,0,1,1
ICU_01448,84,1,26.0,108.4,140.2,48.0,16.8,94.1,177.8,0.79,12.26,12,0,2,1
ICU_04366,52,0,23.5,100.3,118.1,72.0,20.8,92.0,227.7,0.3,,24,1,2,1
ICU_04307,75,1,24.1,31.6,68.0,85.6,15.4,95.3,101.7,1.08,1.0,6,1,2,1
ICU_02977,46,0,12.6,56.2,109.3,78.2,15.5,100.0,120.5,0.78,7.97,23,0,4,1
ICU_04626,49,1,17.6,103.3,89.6,73.3,9.6,91.4,178.5,0.76,12.8,20,1,0,1
ICU_04257,87,0,22.1,881.0994014332804,941.4846675038202,58.3,13.7,93.1,390.55678254870946,1.8878984246985597,7.29,4,1,0,1
ICU_00991,25,1,30.6,91.6,115.6,72.2,14.6,89.2,254.4,0.3,4.98,7,1,0,1
ICU_01885,67,0,24.9,96.4,148.7,83.1,22.9,100.0,234.2,0.3,7.63,16,0,1,1
ICU_01225,59,1,18.4,83.2,117.7,32.2,18.2,91.7,123.8,1.82,5.89,11,1,0,0
ICU_00298,76,0,25.0,118.9,118.9,80.8,20.0,96.1,121.8,3.35,1.51,10,0,3,0
ICU_01524,55,1,25.7,102.1,114.6,99.7,20.5,98.7,40.0,0.89,38.11,21,0,1,1
ICU_05725,40,1,40.4,61.2,115.3,84.3,20.6,97.1,198.7,0.86,16.27,4,0,2,1
ICU_05195,54,0,,86.6,153.5,54.3,,,184.3,,,4,0,5,1
ICU_05837,87,1,,93.2,128.4,66.0,,,40.0,,,10,0,3,1
ICU_03197,28,0,28.9,117.7,61.3,43.2,15.5,93.3,121.5,2.97,23.67,7,0,0,1
ICU_01592,69,1,21.0,151.1,62.4,112.2,22.9,96.9,215.2,1.69,14.23,15,0,0,1
ICU_03440,64,0,15.7,107.4,81.0,76.2,17.5,98.6,113.8,0.3,1.0,0,0,1,1
ICU_03430,70,1,23.5,91.5,116.6,96.1,19.0,91.1,156.6,0.3,1.0,11,0,5,1
ICU_00914,60,0,23.9,100.5,120.6,53.5,19.6,100.0,58.3,2.11,1.96,8,0,1,0
ICU_00720,67,1,21.2,89.5,86.9,64.4,23.6,100.0,123.6,0.43,3.16,5,1,2,1
ICU_00715,81,0,22.5,85.8,132.6,89.7,12.5,100.0,207.6,2.11,8.75,13,0,1,0
ICU_00783,72,0,11.2,78.4,96.8,60.9,20.5,89.4,206.1,5.2,14.59,10,0,3,1
ICU_05809,57,1,19.6,83.4,73.0,68.8,8.5,97.2,96.7,0.47,7.37,13,0,0,1
ICU_00644,57,0,14.5,105.8,104.4,64.0,25.1,92.3,114.2,1.17,6.51,16,0,0,1
ICU_00556,53,0,15.7,84.3,121.1,56.8,29.8,92.2,116.4,0.61,12.85,7,0,2,1
ICU_00308,71,1,33.5,76.8,146.5,37.8,10.8,96.6,87.6,2.86,4.74,16,1,0,1
ICU_01574,70,0,17.6,104.8,103.4,94.0,20.2,98.2,239.2,1.43,5.5,17,0,4,1
ICU_04008,53,0,36.9,61.6,161.2,82.0,17.2,100.0,103.6,0.3,41.81,20,1,1,0
ICU_04260,79,1,,90.6,143.2,73.4,,,225.2,,,22,1,3,0
ICU_03955,50,0,,59.9,108.0,96.7,,,216.8,,,18,0,0,1
ICU_02842,88,1,,76.7,86.5,96.2,,,198.5,,,15,0,0,0
ICU_04761,74,1,,69.5,125.7,30.0,,,60.9,,,19,0,4,0
ICU_02893,65,0,11.7,85.8,98.8,82.4,14.6,84.3,80.8,0.3,1.33,8,0,1,1
ICU_04403,68,0,19.1,62.7,173.3,62.8,13.4,100.0,78.0,1.56,13.96,11,1,4,0
ICU_03187,78,0,20.6,54.6,101.0,58.4,18.5,91.4,118.9,0.51,1.9,18,1,0,1
ICU_04662,51,1,,72.0,101.0,73.3,,,96.8,,,16,1,0,1
ICU_05670,95,0,24.7,83.0,127.4,68.7,17.0,91.1,144.3,0.3,6.41,5,0,1,0
ICU_05233,57,1,22.8,109.2,102.4,101.9,12.6,93.4,105.7,0.57,10.93,10,0,0,1
ICU_05014,63,1,39.4,85.2,168.0,50.7,14.3,95.7,119.9,0.3,,18,0,3,0
ICU_04927,66,1,39.0,121.7,60.0,61.0,17.7,89.8,206.7,0.3,10.85,17,0,0,1
ICU_03175,48,1,17.2,94.6,127.1,59.2,11.6,100.0,90.4,0.5,5.31,2,0,5,1
ICU_DUP_0051,94,1,,99.2,155.6,60.9,,,285.7,,,11,1,2,0
ICU_01007,73,1,35.5,88.3,132.9,49.1,18.2,95.5,78.8,0.58,8.17,24,1,0,0
ICU_05562,50,1,32.3,112.5,118.7,72.6,20.7,88.6,130.9,0.52,13.94,14,1,5,0
ICU_01680,69,0,24.0,75.5,108.9,76.6,25.6,83.6,138.2,0.73,24.65,0,1,2,0
ICU_05374,69,0,32.9,72.0,117.7,94.6,24.0,98.6,163.9,1.12,22.65,18,0,0,0
ICU_03395,37,0,,83.1,124.2,52.5,,,148.9,,,2,1,3,1
ICU_00406,42,1,38.3,97.9,65.0,62.7,22.0,92.9,255.7,0.3,7.67,12,1,1,1
ICU_01742,63,0,24.1,97.5,105.5,84.4,21.2,100.0,124.8,2.01,4.1,11,0,3,0
ICU_01632,50,0,34.3,92.5,133.5,97.5,21.0,88.6,40.0,0.93,7.24,13,0,2,1
ICU_04714,63,0,23.2,110.6,93.0,70.8,22.5,99.6,146.0,0.99,10.5,23,0,0,0
ICU_03847,53,0,23.7,84.6,116.9,65.8,17.4,96.4,85.4,0.57,8.48,16,1,2,0
ICU_04355,74,0,22.7,749.6024685960144,1026.897685271761,80.4,20.4,97.4,444.5344738827762,8.292497225842144,11.16,12,0,1,1
ICU_03216,32,1,22.8,105.8,82.6,41.2,22.0,99.5,112.3,0.3,12.25,21,1,1,0
ICU_03421,60,0,23.2,87.7,116.6,79.1,10.3,93.9,202.5,0.3,20.79,20,1,1,1
ICU_01344,79,0,22.8,40.5,110.5,65.1,17.6,90.1,223.0,2.21,30.72,22,1,0,1
ICU_01250,67,1,47.6,103.6,147.2,71.2,17.4,83.5,160.8,1.17,1.47,0,1,2,1
ICU_04508,73,1,32.0,78.9,171.5,90.0,12.8,86.6,40.0,0.34,17.66,17,0,2,1
ICU_02788,53,1,14.9,783.5423128030019,886.476690121086,72.9,22.7,91.7,1107.8425429862987,2.2192858726523124,3.57,6,1,1,1
ICU_01309,70,1,32.9,98.7,85.1,67.6,18.0,95.8,77.2,1.32,7.78,5,1,4,0
ICU_03505,37,0,28.5,82.8,106.6,78.2,18.7,96.0,236.9,3.73,4.82,3,1,2,0
ICU_03658,64,1,26.3,89.1,154.1,78.1,33.1,91.4,128.0,0.5,3.23,3,1,3,0
ICU_01134,57,0,,94.7,130.7,80.4,,,231.1,,,15,0,2,1
ICU_01080,55,0,25.5,84.2,117.1,47.8,20.9,94.0,52.9,0.3,26.34,1,0,5,1
ICU_02867,46,0,,105.5,64.3,49.2,,,40.0,,,18,0,2,1
ICU_03967,27,0,48.3,72.0,157.4,67.6,18.5,97.1,169.4,0.46,13.74,3,1,1,0
ICU_03441,50,0,27.0,104.4,113.4,77.7,9.7,90.9,128.0,3.53,18.61,23,1,2,0
ICU_04180,67,0,26.3,109.5,75.0,100.4,25.0,85.3,259.8,1.43,5.52,14,1,3,0
ICU_04795,39,0,22.1,57.0,104.1,56.1,16.7,97.1,46.9,2.15,4.16,13,1,0,1
ICU_DUP_0068,40,0,37.5,94.6,89.7,80.9,16.8,83.4,40.0,4.17,8.95,22,0,3,0
ICU_02091,67,1,18.8,88.0,120.9,77.3,24.1,94.7,191.8,0.38,50.0,15,0,1,1
ICU_03251,67,1,19.2,85.7,122.1,72.2,11.2,97.9,221.7,0.92,,18,1,1,1
ICU_02701,81,0,30.6,103.0,107.6,76.4,18.2,100.0,125.2,0.97,1.0,6,0,0,1
ICU_02920,49,1,39.8,79.8,137.4,51.9,15.8,100.0,80.9,0.32,4.85,3,0,3,1
ICU_00964,60,0,13.4,84.8,116.2,88.4,18.4,94.4,50.7,2.78,7.38,11,1,2,1
ICU_02504,42,1,23.7,85.5,118.1,74.1,16.4,90.4,158.6,0.7,3.56,23,0,0,1
ICU_04982,67,1,33.9,72.2,60.0,75.4,12.1,91.3,238.1,0.3,7.15,18,1,2,1
ICU_05212,58,0,29.0,81.7,120.5,64.7,21.8,97.9,151.4,1.75,12.38,5,0,1,1
ICU_04710,51,0,31.2,914.3536205640221,691.7802778366797,76.3,18.1,92.3,1043.5574367931679,29.890649581732937,7.51,10,1,3,0
ICU_03153,55,0,,119.6,60.8,31.9,,,112.8,,,3,0,0,0
ICU_04152,63,1,25.5,86.8,135.5,83.9,23.6,95.6,118.4,3.12,5.23,21,0,3,0
ICU_00306,84,0,,110.2,96.3,66.6,,,148.4,,,10,1,0,0
ICU_01064,55,1,24.5,88.4,106.4,55.9,25.6,97.0,177.5,2.58,22.5,5,1,1,1
ICU_00041,65,1,27.3,122.0,194.5,57.4,22.4,99.5,84.5,0.3,1.51,7,0,3,0
ICU_05767,60,1,28.8,97.5,156.4,30.0,18.0,100.0,226.8,0.79,1.65,23,0,0,0
ICU_03922,55,1,26.0,125.8,111.7,75.5,8.0,96.2,133.6,1.13,17.69,23,0,0,0
ICU_DUP_0011,75,0,25.5,108.6,105.7,82.4,28.7,95.8,60.9,0.3,14.01,13,1,2,0
ICU_00983,61,0,,91.5,115.8,66.8,,,88.5,,,24,1,0,0
ICU_01964,72,0,23.9,110.7,162.2,59.4,15.1,99.5,40.0,0.71,2.46,18,0,3,1
ICU_03728,40,0,37.5,94.6,89.7,80.9,16.8,83.4,40.0,4.17,8.95,22,0,3,0
ICU_05645,30,0,,133.0,117.5,85.9,,,174.4,,,21,1,1,1
ICU_02555,71,0,30.5,126.0,115.9,99.5,24.1,98.3,184.8,0.43,1.02,6,1,2,0
ICU_00098,62,1,20.6,103.2,85.9,57.9,27.1,100.0,40.0,0.3,,21,0,2,1
ICU_04970,89,0,23.2,109.2,133.1,88.6,25.5,100.0,150.0,0.3,2.21,13,0,2,0
ICU_02987,63,1,39.0,88.2,112.0,80.4,9.3,94.9,156.8,0.83,1.98,13,0,1,0
ICU_04351,62,1,18.4,59.6,105.6,46.1,13.4,98.4,196.8,0.3,1.0,6,1,3,1
ICU_03415,59,1,26.3,89.8,101.2,68.5,28.3,97.5,119.4,1.36,3.81,24,0,0,0
ICU_02828,79,0,33.3,84.0,93.4,106.0,18.3,98.8,86.1,0.45,3.6,18,0,1,0
ICU_02243,33,1,,82.7,104.4,70.0,,,143.6,,,23,1,2,1
ICU_02824,61,1,,146.7,129.8,44.6,,,98.6,,,17,1,3,0
ICU_05512,73,1,25.9,73.1,103.5,43.0,22.5,100.0,150.2,0.3,41.21,0,0,0,1
ICU_04011,36,0,17.2,69.5,115.6,70.6,18.4,98.4,261.3,4.13,26.62,6,0,2,1
ICU_00724,65,1,25.6,113.1,61.2,39.2,27.1,96.3,137.2,0.44,,6,0,1,1
ICU_00396,31,1,,82.9,82.1,50.2,,,171.1,,,7,0,2,1
ICU_00226,63,0,30.0,88.3,163.3,77.7,17.5,98.7,117.9,0.3,9.57,4,0,5,1
ICU_00068,68,1,17.2,84.1,145.7,75.0,23.9,87.1,96.7,1.41,15.44,2,0,0,1
ICU_05783,95,0,39.9,84.4,96.4,61.5,9.3,92.7,143.1,1.26,10.0,16,0,1,1
ICU_01647,79,0,,96.1,148.8,80.2,21.4,,174.2,,,0,0,0,1
ICU_03293,68,1,25.3,121.0,137.6,82.1,19.1,94.5,134.6,1.06,1.0,23,1,0,0
ICU_03320,65,1,34.0,93.6,132.1,43.9,24.1,89.9,187.7,0.3,,3,0,1,1
ICU_03227,84,1,22.4,96.8,104.1,60.5,9.5,96.8,80.6,0.3,4.95,13,0,1,1
ICU_04437,57,0,,67.1,149.1,55.3,,,268.7,,,0,0,1,1
ICU_05068,61,0,18.1,94.6,104.0,63.3,31.0,91.4,117.8,2.14,6.95,7,0,2,1
ICU_03634,69,0,,109.2,93.2,92.8,,,218.2,,,11,0,2,1
ICU_05201,52,1,19.9,83.3,116.7,110.0,16.0,94.5,234.8,1.11,6.97,11,0,3,1
ICU_05503,37,1,,117.8,168.0,74.6,,,126.0,,,2,0,1,1
ICU_04185,68,0,31.8,113.6,67.2,40.4,21.1,95.8,91.1,1.11,10.05,8,0,3,0
ICU_01993,74,1,,83.8,92.8,57.7,,,129.5,,,0,1,1,1
ICU_02689,73,0,19.6,74.9,139.2,54.1,13.2,100.0,142.4,0.3,11.32,1,0,1,1
ICU_00267,36,1,32.3,32.6,140.8,70.0,13.4,100.0,220.7,1.13,1.0,10,0,0,1
ICU_01413,95,1,23.2,118.3,126.1,63.7,11.3,91.8,53.2,1.84,35.82,22,0,1,1
ICU_04487,51,0,30.5,91.3,120.1,81.2,14.4,93.9,177.8,2.11,30.5,16,0,2,1
ICU_04526,37,0,31.8,121.2,94.3,48.4,15.7,91.1,65.9,0.3,8.09,17,1,4,1
ICU_04579,76,1,22.3,56.1,89.8,88.9,19.9,100.0,241.7,0.3,10.55,11,0,3,1
ICU_04883,70,0,18.5,125.3,146.2,48.7,11.9,90.5,163.3,1.24,,11,0,1,1
ICU_05628,47,0,40.5,112.8,139.3,95.9,25.6,94.5,103.3,0.94,3.64,4,0,2,1
ICU_00111,61,1,20.4,102.6,120.1,64.7,6.0,99.2,40.0,2.01,36.59,0,0,2,0
ICU_01774,48,1,23.0,94.3,97.5,73.5,23.2,94.8,132.1,2.11,4.23,18,1,2,1
ICU_01563,77,1,29.7,88.1,117.6,40.4,15.5,92.4,99.3,0.3,,13,0,0,1
ICU_03186,40,0,35.0,100.3,114.2,41.6,21.9,97.0,103.3,0.35,9.24,13,0,0,1
ICU_05716,70,1,31.9,43.1,105.1,45.6,16.1,97.4,215.6,0.4,43.95,20,1,2,0
ICU_03225,44,0,30.1,102.6,172.3,66.0,22.5,90.9,111.6,1.19,25.71,18,0,3,0
ICU_02273,62,1,21.0,116.3,60.0,75.4,14.5,100.0,133.0,0.77,8.45,17,1,1,0
ICU_00250,39,0,29.5,68.4,119.2,104.8,19.8,96.8,160.2,0.47,3.47,11,1,0,1
ICU_05576,49,1,29.3,105.3,80.0,57.2,17.1,95.2,147.9,0.3,16.73,13,0,1,1
ICU_05879,67,1,46.7,91.0,92.0,85.1,13.4,100.0,66.6,0.3,1.0,0,0,3,0
ICU_04700,44,0,21.4,76.6,124.4,74.7,22.5,100.0,117.1,1.45,3.03,7,1,4,1
ICU_DUP_0022,53,1,35.5,109.0,120.2,85.9,19.5,100.0,166.7,2.38,8.23,9,0,1,1
ICU_02462,70,1,,81.2,120.8,49.8,,,176.3,,,22,1,4,1
ICU_03243,81,0,21.3,114.9,84.5,69.6,22.4,97.2,61.1,1.52,1.0,12,1,0,1
ICU_00821,87,0,23.1,79.4,82.4,44.9,21.5,99.3,144.6,0.3,4.14,23,0,1,1
ICU_01514,60,1,,72.9,82.3,65.4,,,208.8,,,2,1,3,1
ICU_00920,81,1,32.5,104.9,68.2,49.7,16.5,93.0,184.1,0.3,1.0,19,1,0,0
ICU_02010,33,1,25.0,446.7057421727151,504.90692303031153,63.5,6.0,96.5,1754.1381976537925,6.7695398938974645,17.85,23,0,1,1
ICU_00213,73,0,33.8,65.9,74.7,76.7,20.3,97.3,198.5,0.3,13.05,20,1,1,1
ICU_00459,40,0,30.5,74.8,132.8,87.2,15.7,100.0,49.9,2.94,11.63,24,0,2,1
ICU_00126,44,0,28.7,91.3,95.4,91.5,10.7,93.7,203.3,1.07,2.32,4,1,0,0
ICU_01650,72,1,,106.7,92.8,72.2,,,112.3,,,21,1,2,0
ICU_03398,95,1,28.1,94.4,165.4,70.7,19.0,100.0,118.4,0.81,13.81,12,1,0,1
ICU_02627,74,1,33.7,97.0,141.6,76.3,8.2,91.8,124.4,0.44,23.72,0,0,1,1
ICU_01910,93,1,,80.8,132.2,60.0,,,181.2,,,14,0,1,0
ICU_05342,31,0,26.1,83.6,99.7,81.4,26.5,97.3,45.2,0.43,14.63,8,1,0,1
ICU_03317,44,0,28.9,90.7,112.2,86.6,18.4,94.0,152.5,0.41,,11,0,2,1
ICU_02387,45,1,15.2,68.8,161.5,73.3,22.1,91.2,82.1,3.28,10.93,23,1,2,1
ICU_01473,62,1,22.7,70.1,100.6,56.9,23.0,92.9,87.9,1.93,20.37,12,0,0,1
ICU_00722,37,1,,68.6,128.0,73.7,,,88.1,,,8,0,1,0
ICU_03964,51,0,35.1,90.7,124.6,65.4,22.2,90.8,116.2,1.49,22.54,16,1,0,1
ICU_04220,18,0,24.9,60.9,98.8,59.5,14.3,94.3,208.5,0.91,3.9,7,0,1,1
ICU_03651,71,0,22.3,73.3,124.7,99.3,12.0,93.2,169.3,0.34,8.1,18,0,1,1
ICU_00727,68,1,30.6,67.3,108.1,73.7,13.7,98.7,169.6,4.17,7.75,6,0,0,0
ICU_03496,76,1,32.3,119.1,126.4,77.7,15.0,92.4,169.4,2.57,8.07,21,1,2,1
ICU_03062,60,1,21.1,88.2,112.8,67.8,24.8,93.0,172.4,0.68,8.79,1,1,1,1
ICU_05956,59,0,28.0,61.1,147.0,88.3,15.1,98.2,101.7,2.06,4.22,7,1,0,1
ICU_04154,79,1,24.7,332.7061632963993,576.9559791629995,83.5,17.7,96.4,1469.9398130480358,4.958330587443529,7.07,8,0,2,1
ICU_02803,43,1,23.3,60.1,122.9,82.4,30.3,86.3,75.6,0.35,7.01,1,0,1,1
ICU_00181,46,1,23.7,82.9,129.3,67.3,28.2,98.4,237.4,4.58,2.88,16,0,4,0
ICU_02055,47,0,21.3,84.3,75.9,69.9,11.0,90.8,109.5,5.63,6.0,8,0,1,1
ICU_03011,85,0,28.5,75.4,133.4,58.1,23.3,88.1,274.2,4.15,1.0,24,1,0,0
ICU_00781,37,0,24.2,125.4,107.2,97.2,13.9,100.0,157.3,0.3,5.27,0,1,0,1
ICU_04754,52,1,25.3,98.9,132.9,56.5,15.7,86.5,168.5,3.8,6.41,1,0,1,0
ICU_04280,95,1,,80.2,156.6,65.0,,,166.4,,,20,0,2,0
ICU_01991,75,0,37.5,112.3,116.6,79.2,26.5,93.1,182.8,0.73,30.63,18,0,1,1
ICU_05478,53,0,12.6,66.0,125.1,82.4,14.4,87.0,150.5,2.34,1.03,3,1,2,1
ICU_00424,73,0,13.8,124.8,95.0,50.1,15.4,88.9,238.1,1.57,10.25,19,0,2,1
ICU_01852,40,1,14.3,84.4,96.2,68.3,18.6,100.0,236.9,1.61,1.0,20,1,1,1
ICU_05447,93,1,20.9,55.6,155.7,58.0,10.9,100.0,255.0,2.06,18.79,3,1,0,1
ICU_01942,66,0,29.0,74.5,89.7,60.8,21.6,92.7,152.3,0.3,10.76,16,1,4,0
ICU_00166,76,0,28.1,68.8,102.4,65.3,22.8,88.5,158.2,0.78,6.04,13,1,1,1
ICU_01360,61,1,33.9,88.2,113.3,61.8,7.3,99.6,308.4,0.46,11.59,5,0,0,1
ICU_03803,64,0,,61.8,60.0,64.3,,,136.9,,,17,0,1,0
ICU_01030,57,1,32.5,58.8,189.9,67.5,25.8,99.1,96.9,0.5,3.27,11,0,1,1
ICU_04949,69,1,26.4,115.7,84.1,63.4,22.0,96.4,208.0,3.61,20.92,10,0,1,1
ICU_03672,41,0,25.0,93.4,163.0,69.9,19.0,80.4,117.7,2.55,,4,0,0,1
ICU_05048,82,1,19.0,99.8,95.4,58.9,15.1,96.0,58.8,0.41,12.41,11,1,0,1
ICU_04137,68,0,24.4,508.33985291754766,1019.7453341897707,76.4,6.0,96.6,1651.788457298366,1.772605766177857,14.14,19,1,3,1
ICU_03694,77,1,42.4,104.8,146.8,83.1,27.5,92.1,165.3,3.96,7.86,20,0,1,0
ICU_05729,61,0,17.5,81.4,114.9,87.3,20.9,100.0,40.0,1.09,22.22,20,1,4,1
ICU_04003,70,0,31.0,47.4,68.4,61.1,25.0,85.4,178.8,2.83,16.45,21,0,3,1
ICU_04860,53,1,29.1,639.2604685570404,655.2297464811447,73.6,14.0,92.6,2119.8033524223156,16.849973890829915,9.17,11,0,2,1
ICU_DUP_0055,57,0,32.9,85.8,112.9,56.9,6.0,96.1,153.6,0.31,1.85,20,1,2,0
ICU_02259,65,0,23.1,109.3,115.1,88.0,18.8,96.6,62.5,0.39,9.3,3,1,1,0
ICU_02117,44,1,11.4,86.5,121.1,70.7,17.3,94.5,40.0,2.72,,4,1,0,1
ICU_01055,49,1,28.1,68.7,122.4,71.6,18.1,94.1,159.0,0.6,14.96,17,1,0,1
ICU_04171,59,1,19.9,102.8,129.4,90.7,6.0,90.8,96.1,0.3,22.6,3,0,4,0
ICU_04885,53,0,28.2,73.6,85.9,55.4,19.0,94.4,147.7,1.7,32.19,14,0,2,1
ICU_04842,74,1,28.5,120.3,101.3,77.5,6.5,100.0,72.0,0.3,1.0,22,0,3,0
ICU_01129,67,0,12.8,66.1,93.6,89.6,14.4,97.6,91.2,1.97,9.79,24,1,1,1
ICU_02428,82,1,32.0,79.1,118.6,79.4,17.4,92.9,199.8,1.35,34.66,1,1,4,1
ICU_02631,70,0,,61.0,93.5,45.4,,,136.1,,,9,1,0,0
ICU_05100,80,1,28.4,102.1,189.0,130.0,21.7,95.0,96.2,0.3,6.14,14,0,1,1
ICU_00593,68,0,31.4,79.9,95.7,56.9,15.9,100.0,127.2,0.51,5.13,9,1,2,0
ICU_04090,42,1,38.6,99.8,125.6,57.9,22.9,88.0,214.9,0.67,1.0,13,0,4,1
ICU_04269,78,0,27.1,70.4,131.5,78.9,8.1,100.0,88.9,0.95,12.61,12,1,2,1
ICU_03209,70,1,30.0,55.2,139.0,74.3,15.4,98.4,148.6,0.48,2.27,3,1,5,1
ICU_04577,94,1,13.5,99.2,155.6,60.9,13.0,87.1,285.7,0.79,2.74,11,1,2,0
ICU_03795,56,0,31.1,77.9,151.0,52.7,19.9,95.9,122.8,1.93,28.33,20,0,0,0
ICU_04987,63,0,24.9,76.7,67.4,78.4,11.3,100.0,160.9,0.72,30.31,24,0,0,0
ICU_03800,37,1,12.9,75.6,148.9,57.2,18.6,96.3,40.0,1.56,4.08,14,1,3,1
ICU_04594,61,0,32.5,72.1,102.0,67.0,21.4,98.8,85.2,0.67,1.69,9,0,0,1
ICU_03150,77,0,23.6,120.0,124.4,59.6,13.4,89.0,284.8,0.64,35.79,24,1,3,1
ICU_02320,69,1,18.8,105.6,60.0,57.6,11.4,95.0,67.4,2.9,5.35,5,1,5,1
ICU_05911,60,0,23.1,90.2,95.9,96.1,12.0,100.0,78.6,0.57,8.55,8,1,2,0
ICU_02915,95,0,25.0,79.0,83.2,52.9,22.7,98.8,151.5,1.6,1.0,14,0,4,1
ICU_04295,34,0,45.6,103.3,84.7,48.9,13.9,92.1,170.3,0.86,2.74,0,1,3,1
ICU_01958,81,1,37.5,107.9,108.8,85.8,20.1,99.6,143.7,6.02,22.74,8,0,5,1
ICU_03412,95,1,,78.0,112.6,100.6,,,183.7,,,0,1,2,0
ICU_01880,79,0,37.0,76.2,139.2,44.7,15.8,100.0,168.1,0.75,6.27,5,1,2,1
ICU_01863,30,1,27.3,101.1,136.7,79.8,19.5,87.9,45.3,0.3,5.09,18,1,2,1
ICU_01382,95,0,29.6,82.0,147.9,57.9,20.9,95.6,162.1,2.62,5.36,5,0,0,1
ICU_04391,76,0,18.2,84.5,131.1,81.8,29.2,97.8,215.5,1.26,4.84,13,0,1,1
ICU_03232,42,1,21.5,59.4,60.0,65.0,18.0,98.1,135.3,0.35,,22,1,4,0
ICU_02976,84,1,21.8,87.3,123.0,65.4,22.7,94.8,64.4,2.41,3.97,1,0,2,1
ICU_03954,51,1,19.6,108.0,98.7,86.4,19.5,99.4,103.2,1.74,24.69,14,0,3,1
ICU_01132,91,1,41.2,102.5,128.5,110.4,25.5,98.5,129.4,0.83,31.1,23,0,2,1
ICU_05452,92,1,35.0,64.1,81.3,75.3,24.1,100.0,169.6,0.3,15.62,4,1,0,0
ICU_01556,78,1,33.1,58.1,125.2,57.4,19.3,93.9,159.3,1.5,4.44,9,0,4,1
ICU_01560,61,0,22.0,97.7,140.5,77.8,17.2,98.8,158.4,2.7,1.0,21,1,1,1
ICU_00168,57,0,20.4,134.4,141.4,79.9,20.8,98.8,170.8,,,1,0,0,0
ICU_01105,43,0,19.3,45.3,119.0,84.6,20.8,88.2,237.4,0.64,4.39,14,0,4,1
ICU_03328,42,1,,99.4,95.6,67.2,,,201.3,,,13,1,5,1
ICU_00341,66,0,33.5,88.1,130.4,88.1,14.2,91.1,71.0,0.43,37.92,13,0,1,0
ICU_02106,45,1,37.3,44.0,155.4,56.2,20.7,82.0,153.0,2.45,,4,0,4,0
ICU_00798,62,0,32.5,48.8,197.8,87.2,8.5,94.3,83.5,0.3,3.05,1,1,1,1
ICU_04218,67,0,27.2,60.4,156.2,115.7,14.4,94.5,172.9,1.2,1.61,0,0,0,1
ICU_04327,78,0,25.5,58.8,93.6,77.4,11.3,98.3,130.3,2.98,1.0,4,0,0,1
ICU_01723,73,1,42.5,617.9899203705809,1032.0092007550907,59.1,21.3,89.1,1199.5076997081076,5.07834409611478,9.12,13,1,1,1
ICU_04701,35,1,40.3,93.6,88.7,89.6,20.8,99.8,259.5,0.4,1.44,15,1,2,1
ICU_00784,72,1,21.3,57.6,87.2,84.8,11.1,100.0,89.8,1.57,22.95,22,1,2,1
ICU_03516,47,0,43.6,75.3,155.5,78.0,21.4,97.5,176.2,1.84,9.32,21,0,2,0
ICU_05762,44,1,20.0,77.6,78.3,55.5,20.3,96.9,227.1,0.48,14.34,10,1,0,1
ICU_04488,77,0,35.5,108.0,123.4,87.2,17.7,91.3,150.1,0.3,29.17,14,0,0,0
ICU_00591,53,0,18.4,112.5,107.5,51.7,19.0,100.0,169.9,4.53,7.29,14,1,4,1
ICU_01996,61,1,28.0,105.2,115.5,58.6,20.5,100.0,220.0,1.8,11.85,23,0,3,0
ICU_00658,65,1,27.2,95.0,121.8,72.0,21.6,95.8,40.0,2.18,16.72,13,0,1,0
ICU_01973,65,1,,63.3,103.3,50.5,,,116.9,,,10,0,0,1
ICU_05713,69,0,32.0,90.9,176.2,109.9,23.2,100.0,181.3,3.06,4.75,6,0,1,0
ICU_03077,71,0,17.6,123.5,127.3,75.9,13.5,92.7,40.0,1.03,15.84,14,0,1,1
ICU_01000,87,1,19.1,52.2,104.9,83.9,12.3,92.5,247.6,0.54,38.37,24,0,4,0
ICU_02084,52,0,20.9,93.1,144.0,67.8,22.7,93.6,100.9,0.3,5.77,15,0,3,1
ICU_05501,71,0,32.1,111.8,112.6,59.1,11.0,95.9,293.7,0.3,10.71,16,0,0,0
ICU_05613,63,1,17.1,87.5,140.9,88.3,10.7,87.7,96.4,0.3,29.4,14,0,1,0
ICU_01836,41,1,27.9,99.4,130.2,45.7,6.0,96.9,176.5,0.3,7.61,3,1,2,1
ICU_01755,86,0,21.2,48.2,116.0,72.6,26.9,92.0,40.0,1.39,7.5,21,1,1,1
ICU_03529,43,1,36.6,54.1,86.6,79.2,15.5,97.3,164.7,0.3,10.36,0,1,1,1
ICU_04822,46,1,10.9,90.9,142.3,77.8,16.2,86.1,61.4,1.67,1.3,18,0,3,1
ICU_01305,45,0,26.6,83.6,116.2,68.2,12.9,97.2,187.5,0.3,2.28,7,0,0,1
ICU_00426,44,1,,111.8,179.8,87.8,,,130.4,,,9,1,0,0
ICU_00266,91,1,38.2,106.5,100.5,52.8,21.3,99.2,103.0,1.43,1.88,24,1,2,0
ICU_00097,66,0,24.3,74.7,83.9,53.6,10.2,94.2,127.9,3.29,19.2,21,1,1,0
ICU_02275,42,1,46.0,64.3,94.6,62.6,15.4,100.0,88.7,1.04,1.54,7,1,2,1
ICU_05631,77,1,26.5,45.1,91.9,50.8,16.8,96.1,173.5,1.16,25.61,22,1,3,1
ICU_05546,95,0,30.5,111.6,116.9,70.2,14.4,94.0,75.3,2.4,11.6,21,1,4,0
ICU_01588,47,1,20.1,34.6,138.3,116.6,20.8,97.1,86.1,0.96,1.0,2,0,2,1
ICU_02813,56,0,28.8,69.1,97.2,83.2,31.4,94.3,120.9,1.69,16.43,2,1,2,1
ICU_05511,75,0,37.3,67.1,140.6,45.6,9.7,100.0,148.1,1.68,49.21,9,0,5,1
ICU_00788,60,1,28.6,117.9,143.5,81.7,6.0,100.0,123.4,0.97,17.71,11,0,0,0
ICU_04747,42,0,29.0,78.1,92.0,67.2,23.4,100.0,173.2,0.3,21.51,23,1,1,1
ICU_04401,81,1,37.9,90.8,60.0,47.2,19.7,95.5,181.0,0.84,3.13,24,0,0,1
ICU_01668,77,0,26.8,104.8,126.1,65.4,23.1,86.2,52.8,1.56,1.4,11,0,0,1
ICU_00332,63,0,19.4,99.6,124.0,85.6,20.7,97.8,217.4,0.98,2.21,1,1,0,1
ICU_04122,79,1,22.9,69.2,146.8,98.5,10.4,96.2,113.6,0.3,17.02,24,1,2,0
ICU_02533,45,1,20.4,105.9,80.0,113.5,25.4,93.8,150.3,0.3,11.79,6,0,2,1
ICU_04167,57,0,37.2,88.1,100.1,73.7,20.1,100.0,40.0,1.08,2.87,22,0,4,0
ICU_01817,49,1,16.3,90.8,98.4,70.1,18.7,94.8,121.6,1.64,1.0,20,1,1,1
ICU_02034,81,0,33.5,88.3,150.7,71.8,20.6,95.9,104.8,1.43,,4,0,0,1
ICU_01291,95,1,37.6,98.9,73.8,47.3,15.0,92.8,64.8,0.3,16.27,23,1,4,0
ICU_00939,51,0,23.2,93.2,137.5,62.5,6.0,100.0,122.6,0.3,8.69,22,0,0,0
ICU_05040,70,1,,93.9,92.9,68.2,,,161.6,,,2,0,1,0
ICU_00207,71,1,32.8,114.2,119.8,80.1,14.3,100.0,117.4,0.72,11.09,24,1,0,0
ICU_00354,61,0,24.3,120.7,100.6,41.4,21.2,98.6,163.6,0.3,3.87,19,1,2,0
ICU_00472,34,0,37.2,90.6,152.9,30.3,10.7,100.0,148.5,0.65,1.88,23,0,5,1
ICU_02630,67,1,,74.6,127.4,88.2,,,160.8,,,13,0,5,1
ICU_01402,83,0,15.8,87.3,131.9,99.4,16.3,93.1,75.2,1.47,4.0,22,1,4,0
ICU_02649,78,1,37.1,87.4,161.6,59.5,21.7,100.0,40.0,0.75,1.0,23,0,0,1
ICU_00217,57,1,23.6,108.0,143.9,60.5,21.8,92.0,204.5,0.3,3.6,12,1,4,1
ICU_00174,66,1,,107.0,134.2,44.0,,,237.2,,,16,0,1,1
ICU_01425,26,1,,109.4,147.9,79.5,18.6,,179.0,,,20,0,4,1
ICU_01282,74,0,22.9,102.9,146.0,81.9,28.3,96.8,151.0,0.37,7.63,23,0,0,0
ICU_05218,52,1,21.4,116.8,122.3,101.6,17.7,100.0,62.6,0.65,16.29,14,1,5,1
ICU_05845,52,0,30.8,140.4,102.7,78.7,28.5,89.3,224.3,0.71,3.34,14,0,1,0
ICU_05914,57,0,29.4,35.6,100.6,39.6,18.4,90.9,109.8,0.48,19.05,19,1,4,1
ICU_02620,74,0,18.8,53.1,130.8,80.1,30.2,96.3,122.7,0.3,7.86,15,1,3,1
ICU_00723,75,1,31.9,79.7,164.8,103.7,16.9,93.2,167.0,5.7,7.47,5,1,2,1
ICU_01218,46,1,29.3,102.8,158.0,93.9,20.1,92.5,165.8,0.3,1.13,10,0,4,1
ICU_02109,72,0,18.3,109.0,135.8,53.9,23.3,100.0,102.9,0.3,11.44,20,0,4,1
ICU_00832,43,0,25.0,70.4,188.3,34.6,29.9,88.9,213.6,1.33,14.82,3,0,1,1
ICU_05813,46,0,22.7,30.0,135.6,73.0,22.9,97.1,267.5,3.38,36.86,4,0,4,1
ICU_01504,58,1,31.0,121.2,105.9,40.6,27.6,97.2,105.4,0.3,11.01,23,1,1,1
ICU_04022,28,1,23.6,77.8,106.7,69.1,21.2,100.0,123.8,1.83,22.92,3,0,0,1
ICU_02390,28,0,19.8,73.0,171.9,86.5,13.8,88.1,96.6,0.6,,10,0,2,0
ICU_DUP_0012,77,1,19.7,92.6,173.3,87.8,17.4,94.9,51.5,1.66,30.71,17,0,3,1
ICU_04721,71,0,,96.4,142.7,65.3,24.7,,40.0,,,18,0,4,1
ICU_04229,62,1,42.9,61.6,76.5,41.1,20.1,100.0,191.6,0.3,1.0,24,0,2,1
ICU_04749,63,1,46.0,64.3,113.3,84.7,25.1,100.0,207.5,0.3,1.07,8,0,4,0
ICU_03389,64,1,17.8,78.2,129.1,64.2,26.4,90.5,80.1,0.86,3.39,15,0,1,0
ICU_02345,81,0,22.1,97.9,86.0,50.7,6.0,100.0,256.6,1.25,9.52,24,0,1,0
ICU_03534,95,0,15.8,102.1,177.7,83.8,13.9,94.2,157.6,0.64,1.82,23,0,2,0
ICU_03374,31,1,26.8,104.1,118.4,52.9,14.5,98.0,66.8,0.73,8.06,18,0,1,1
ICU_00275,70,1,22.7,124.4,109.2,59.4,9.9,94.8,40.0,2.02,11.71,18,0,3,1
ICU_01519,95,1,32.5,126.8,97.6,76.4,24.1,92.2,147.1,0.3,3.46,7,1,2,1
ICU_04602,91,1,35.2,91.5,86.5,124.7,21.6,89.0,87.2,0.66,11.2,21,0,0,1
ICU_01336,50,0,21.9,76.3,137.2,87.9,18.9,100.0,78.1,1.86,37.38,7,1,1,1
ICU_01482,93,0,27.6,46.1,106.8,60.4,13.1,88.2,212.3,0.88,11.31,0,0,0,1
ICU_01257,69,1,,113.6,101.8,53.1,,,62.0,,,0,1,2,1
ICU_04515,45,1,28.3,47.2,153.3,54.7,12.0,87.6,211.8,0.34,5.11,6,0,3,1
ICU_05405,62,0,21.3,88.1,138.3,81.3,12.1,96.5,77.0,0.32,,15,1,5,0
ICU_00838,79,1,24.9,77.9,152.3,80.5,21.7,100.0,219.8,1.56,1.0,1,0,3,1
ICU_04536,65,1,30.1,75.4,155.1,77.9,28.2,93.5,140.0,0.3,7.59,20,1,0,1
ICU_01666,44,1,11.3,122.2,102.7,70.1,16.4,94.7,170.0,0.3,1.15,8,1,1,0
ICU_04121,59,0,26.5,102.8,75.0,55.8,15.1,95.7,179.5,1.56,14.72,18,0,1,0
ICU_04023,76,1,27.1,67.2,152.4,99.3,25.5,100.0,116.8,1.15,4.94,10,0,0,0
ICU_01828,60,1,30.0,109.5,106.5,48.0,14.3,95.8,185.4,3.6,6.05,3,1,0,1
ICU_03134,62,0,,93.9,101.1,59.0,,,115.6,,,23,1,1,1
ICU_02316,77,1,19.7,92.6,173.3,87.8,17.4,94.9,51.5,1.66,30.71,17,0,3,1
ICU_02917,74,1,,86.5,123.2,71.7,,,231.0,,,3,0,2,1
ICU_05229,79,0,36.1,76.4,128.8,55.8,32.8,89.4,164.9,0.82,12.12,5,0,0,0
ICU_00359,47,0,26.8,82.9,114.7,81.2,6.0,100.0,201.6,0.3,25.03,3,1,1,1
ICU_00631,89,0,48.2,115.2,83.0,54.9,22.3,94.8,40.0,0.77,2.28,17,0,2,1
ICU_01111,65,1,,122.8,163.2,105.9,,,85.0,,,6,0,2,1
ICU_00594,80,1,29.3,90.3,162.6,72.7,15.9,89.4,123.6,0.44,21.46,9,0,2,0
ICU_02538,39,1,20.0,65.8,70.2,61.0,24.2,100.0,64.0,0.72,8.48,4,0,0,1
ICU_05934,92,0,40.5,79.5,90.9,78.7,10.9,99.3,131.9,0.3,25.41,2,0,4,1
ICU_04045,54,0,27.5,99.2,180.8,51.9,8.8,92.4,228.5,0.35,5.57,19,1,3,1
ICU_03636,55,0,32.8,70.7,76.8,86.4,18.1,83.7,127.0,0.34,28.57,21,0,5,0
ICU_00413,84,1,19.1,70.6,162.6,72.8,21.9,83.7,40.0,1.14,4.27,7,0,2,0
ICU_03726,70,0,50.3,131.7,61.1,87.4,15.7,92.6,105.1,1.44,9.25,7,1,1,1
ICU_04753,54,0,23.5,49.7,146.6,90.1,16.6,100.0,167.0,0.31,23.07,7,0,0,1
ICU_01400,43,1,24.1,102.1,74.3,57.0,25.6,100.0,109.1,2.91,6.1,9,0,0,1
ICU_01925,45,1,25.1,60.4,133.0,85.9,6.4,90.4,148.7,0.3,9.59,1,0,4,1
ICU_05564,62,0,18.4,109.0,87.6,93.5,13.0,85.9,168.9,,,19,0,0,1
ICU_03554,28,1,18.3,93.4,101.2,72.6,8.3,94.4,112.3,1.46,,4,1,0,1
ICU_02294,47,0,30.3,103.8,109.0,51.9,6.0,96.5,73.8,2.81,1.0,14,1,0,1
ICU_03365,95,1,21.3,108.3,84.9,55.0,24.2,99.4,188.2,3.92,2.89,19,0,0,1
ICU_03760,67,0,29.6,68.5,90.8,73.6,14.8,91.3,84.3,1.22,1.13,24,1,3,0
ICU_04620,53,1,21.5,60.0,123.3,67.3,24.7,90.0,177.3,0.42,12.89,14,1,4,0
ICU_03037,65,0,22.5,104.9,121.4,76.9,18.4,95.9,60.8,0.3,1.94,22,0,1,1
ICU_00178,57,0,28.5,96.8,133.4,79.1,20.3,88.7,199.8,2.11,3.38,19,1,0,1
ICU_01117,60,1,9.7,126.8,136.7,72.0,20.2,91.1,102.4,6.19,23.87,22,1,2,0
ICU_02047,61,1,,89.3,144.7,92.2,,,187.6,,,13,0,2,0
ICU_01306,62,0,38.5,104.0,94.0,111.9,10.8,97.5,118.3,0.3,22.53,22,0,2,0
ICU_05435,50,1,21.6,36.9,87.5,90.4,16.5,92.1,100.0,2.22,16.98,18,1,0,1
ICU_05582,91,1,42.6,73.6,143.3,61.8,19.6,93.8,208.3,2.0,13.45,17,0,1,0
ICU_04527,75,0,34.9,127.8,128.7,108.3,24.1,94.4,185.8,0.3,11.94,3,1,1,1
ICU_01913,71,1,19.7,93.3,62.3,78.8,14.9,91.7,112.4,0.3,1.0,17,1,2,0
ICU_01607,91,0,29.9,97.5,107.9,42.0,21.5,89.9,225.6,0.3,21.24,1,0,3,0
ICU_01012,95,1,30.2,107.0,164.1,85.1,13.2,86.2,64.4,0.7,20.96,14,0,1,0
ICU_00523,72,1,19.4,99.2,103.9,43.3,21.6,84.9,55.6,1.24,15.01,7,0,0,0
ICU_DUP_0048,87,0,38.9,49.7,96.7,30.0,12.5,92.1,117.9,1.33,6.53,8,0,2,1
ICU_00136,47,1,50.4,110.6,134.2,50.1,27.7,92.6,264.2,0.51,22.79,24,1,4,1
ICU_05398,27,1,21.5,76.9,87.4,76.0,16.8,99.1,113.6,1.73,6.84,17,1,1,0
ICU_03763,76,0,,86.3,131.3,70.2,18.7,,162.8,,,24,1,1,1
ICU_02107,73,1,,83.9,85.5,86.3,,,71.0,,,0,0,3,0
ICU_01875,87,1,,108.0,106.7,85.5,,,131.6,,,12,0,0,0
ICU_02172,56,0,24.5,105.3,105.4,75.5,13.9,96.9,67.2,4.03,1.53,7,0,3,1
ICU_05894,70,0,31.8,120.4,65.3,63.0,17.2,94.8,114.0,2.32,18.36,14,0,4,0
ICU_02931,53,1,41.2,119.5,110.9,92.4,19.4,85.8,69.0,5.75,1.0,10,1,0,1
ICU_02151,91,1,17.3,64.2,117.7,70.6,11.3,98.3,196.7,0.3,7.32,7,1,0,0
ICU_00860,65,0,27.3,92.6,94.7,56.6,28.4,95.9,169.1,0.4,,6,1,1,1
ICU_02668,71,1,17.3,89.1,99.7,50.8,25.4,91.9,135.1,0.75,9.22,10,1,2,1
ICU_05833,76,1,,108.5,161.5,72.2,,,84.6,,,22,0,2,1
ICU_03821,66,1,23.9,82.8,129.6,94.9,6.0,99.8,121.8,2.3,3.34,7,0,2,1
ICU_05199,78,0,28.3,88.1,97.8,81.6,25.6,87.5,73.7,0.3,1.79,24,1,2,0
ICU_01484,66,1,29.1,86.0,113.1,85.1,16.8,87.9,194.7,6.54,1.82,7,0,2,1
ICU_00494,89,0,32.8,72.1,115.8,57.4,24.8,89.3,75.6,0.53,21.61,5,0,3,1
ICU_01685,83,1,33.8,102.4,87.4,115.5,9.1,95.5,107.7,3.07,6.8,2,0,3,1
ICU_03650,69,1,,81.5,90.6,59.2,,,135.5,,,8,0,1,1
ICU_03432,71,1,17.6,91.5,120.5,66.9,25.5,100.0,172.3,0.3,1.0,10,0,3,1
ICU_04453,67,1,12.6,84.5,132.3,45.3,23.0,95.2,185.6,0.3,31.37,18,1,1,0
ICU_00447,45,0,22.6,60.9,109.9,82.4,16.7,91.5,149.4,0.98,1.94,5,1,3,1
ICU_01584,69,1,14.1,102.3,87.1,55.8,27.8,91.9,40.0,2.02,16.06,11,0,2,0
ICU_01743,82,0,20.2,80.1,109.4,64.5,10.3,94.3,138.8,2.41,38.54,3,1,1,1
ICU_05055,41,1,36.5,104.0,93.7,47.0,19.7,90.7,176.6,0.58,22.49,1,0,3,1
ICU_01267,45,0,28.8,73.3,137.4,65.6,12.6,95.7,101.6,0.79,1.97,7,0,1,1
ICU_04063,67,0,32.6,66.8,113.0,56.4,17.8,100.0,99.2,1.11,1.38,5,1,1,0
ICU_03677,59,0,,94.6,121.2,72.2,,,139.6,,,4,1,2,1
ICU_05465,61,1,43.4,51.9,135.3,94.8,25.1,100.0,168.2,0.3,12.89,16,1,0,0
ICU_00123,36,0,15.9,75.4,134.7,91.9,16.5,92.8,139.0,0.3,13.3,9,1,0,0
ICU_03877,66,0,38.6,48.7,120.1,82.5,13.7,92.8,40.0,0.3,9.08,17,0,0,0
ICU_00367,62,0,17.7,67.9,91.2,103.4,11.1,80.4,194.1,3.14,16.48,2,1,0,1
ICU_04052,70,1,29.4,116.7,119.7,67.5,14.9,97.5,149.4,0.88,3.05,6,0,1,1
ICU_04932,89,0,21.9,85.4,104.0,54.9,26.0,88.7,86.3,0.99,6.48,2,0,3,1
ICU_04999,46,1,26.6,124.6,78.6,70.6,17.4,88.9,90.7,1.71,19.82,4,0,3,1
ICU_01893,60,1,28.5,109.0,88.5,85.8,9.6,84.4,85.2,2.78,3.12,1,1,1,1
ICU_03966,67,1,16.2,90.4,117.8,71.4,20.8,95.7,41.4,1.25,9.68,17,0,3,1
ICU_01378,51,0,37.4,88.0,123.9,81.8,18.1,92.5,82.2,0.3,16.63,0,0,2,1
ICU_04288,89,0,28.2,107.9,146.5,56.9,15.0,88.0,107.4,0.51,22.99,24,1,3,0
ICU_02744,18,0,51.5,81.2,157.7,35.3,17.0,92.0,181.6,0.3,5.07,16,0,4,1
ICU_05703,51,1,31.5,63.0,117.9,76.5,10.3,88.0,57.6,0.3,1.98,1,0,0,1
ICU_04550,87,0,38.9,49.7,96.7,30.0,12.5,92.1,117.9,1.33,6.53,8,0,2,1
ICU_05169,41,1,21.0,69.1,83.4,65.5,18.0,100.0,50.0,0.35,12.69,17,1,3,1
ICU_02731,92,1,27.3,64.8,79.5,74.7,15.0,94.3,105.8,1.63,5.59,4,1,3,1
ICU_05617,56,0,28.6,88.6,166.4,47.7,9.0,95.0,103.4,0.3,12.25,6,0,1,1
ICU_00172,60,1,30.9,57.4,90.7,64.7,12.7,99.2,108.8,0.3,1.62,4,1,1,0
ICU_02264,74,0,17.1,78.5,88.2,71.4,14.2,97.7,154.8,0.71,17.79,16,1,4,1
ICU_02268,52,0,19.8,97.2,162.8,79.6,24.7,100.0,242.4,2.75,9.62,7,0,2,0
ICU_00473,86,0,26.3,83.5,158.6,72.6,23.6,89.6,285.6,0.49,4.62,20,0,1,1
ICU_04384,51,1,32.5,87.9,101.0,102.5,12.5,88.2,93.2,0.75,1.32,3,1,2,1
ICU_05389,22,1,27.3,91.0,116.5,68.4,17.7,95.0,69.8,0.54,6.63,15,0,2,1
ICU_03888,64,0,32.1,75.3,124.4,92.6,13.2,100.0,40.0,1.55,1.0,16,0,0,1
ICU_00428,81,0,21.5,99.4,93.6,83.6,24.5,89.5,223.2,1.22,7.27,4,1,0,1
ICU_01435,67,0,19.2,94.0,131.4,79.4,6.0,91.6,151.2,1.4,6.74,12,0,2,1
ICU_04709,61,0,14.2,147.6,117.3,56.2,16.9,93.2,151.8,0.3,14.99,18,0,2,0
ICU_05103,63,0,28.5,115.1,130.9,103.6,32.9,100.0,76.6,1.77,6.43,21,1,2,1
ICU_04044,78,0,,84.7,124.5,65.6,,,188.6,,,0,0,2,1
ICU_02892,75,0,22.0,117.6,81.4,45.8,19.0,99.1,178.0,2.21,2.64,16,1,1,1
ICU_02007,47,1,29.3,76.7,126.6,51.5,21.6,92.6,243.5,0.64,9.66,17,0,0,1
ICU_05256,54,1,25.8,90.7,133.0,54.4,8.0,100.0,81.1,2.56,42.8,1,0,3,1
ICU_05557,80,0,50.5,67.4,105.4,63.5,19.1,90.3,174.7,2.56,9.0,4,0,2,1
ICU_05026,43,1,,101.2,105.2,72.6,,,272.7,,,22,0,4,0
ICU_01194,33,1,21.2,97.7,113.5,78.9,13.4,92.5,135.0,4.66,24.57,3,0,2,1
ICU_04770,62,1,25.3,371.6350246027109,1216.4531903863494,87.4,6.0,100.0,1346.270816617117,13.941673156842818,12.43,17,1,2,1
ICU_05990,71,0,25.7,98.7,142.3,73.5,28.7,95.4,185.3,0.5,1.42,2,0,1,0
ICU_04940,72,1,17.3,129.6,160.1,69.6,29.4,91.7,148.6,0.3,2.97,17,0,2,1
ICU_01417,66,0,26.9,85.3,149.9,87.0,11.7,100.0,110.2,0.82,12.3,23,1,5,1
ICU_05599,70,1,,100.0,127.6,104.1,,,85.3,,,12,0,2,1
ICU_02505,47,1,12.6,109.4,134.5,49.8,23.3,91.4,260.0,0.85,4.43,18,1,3,1
ICU_01815,45,0,27.5,86.9,155.4,89.3,15.0,96.1,94.2,0.73,7.06,5,1,0,1
ICU_03951,46,1,20.3,70.9,154.1,71.3,27.0,96.9,156.3,0.77,1.0,6,1,2,0
ICU_00527,62,0,30.3,130.6,113.8,105.3,18.2,92.7,183.3,0.96,10.19,21,1,0,1
ICU_DUP_0016,93,1,30.6,51.0,115.4,57.2,18.6,91.0,166.6,1.67,8.21,1,0,1,0
ICU_05393,64,0,23.2,71.4,92.5,74.9,24.2,98.0,154.2,3.53,1.0,4,0,0,1
ICU_04251,65,1,22.7,65.1,60.0,59.3,18.1,95.9,61.5,2.45,5.96,20,1,2,0
ICU_01771,92,0,31.9,92.0,141.9,67.6,30.4,99.6,146.9,0.3,6.04,1,1,3,1
ICU_02378,54,0,38.2,76.3,69.5,58.5,27.2,96.0,230.7,2.38,8.41,12,1,2,1
ICU_03836,84,1,27.6,72.2,69.0,72.8,20.1,100.0,89.7,0.3,1.01,21,0,2,1
ICU_02970,27,0,18.6,94.3,60.0,83.7,22.2,90.8,188.1,1.34,3.54,7,1,0,1
ICU_00030,51,0,34.6,68.3,146.1,52.6,17.7,97.0,155.6,0.61,17.37,5,0,1,1
ICU_01439,75,1,19.5,154.8,193.8,74.8,21.0,94.5,173.2,0.3,7.58,22,1,0,1
ICU_02159,72,1,26.1,108.6,72.9,58.6,28.1,91.3,194.5,0.65,7.85,8,0,4,1
ICU_01356,52,1,32.3,63.1,118.5,63.4,14.0,97.7,127.2,3.41,19.94,3,1,2,0
ICU_02508,37,0,49.4,66.8,80.0,78.5,17.4,100.0,116.0,0.3,1.0,23,1,2,1
ICU_01776,50,1,26.2,97.6,122.1,35.6,7.8,97.4,65.2,0.3,1.0,3,0,1,1
ICU_04585,83,1,28.9,75.6,136.9,62.7,15.8,89.6,107.9,2.67,23.19,1,0,4,0
ICU_04127,94,1,32.9,116.7,103.1,68.0,27.9,95.1,106.9,2.29,9.09,23,1,0,0
ICU_02355,66,1,,89.2,162.8,65.0,,,126.1,,,8,1,1,1
ICU_02053,56,0,30.7,101.6,144.7,31.2,13.7,86.9,149.7,0.3,3.88,9,1,5,1
ICU_01825,69,0,24.7,102.1,124.8,70.7,10.1,97.1,159.9,3.27,4.15,5,0,2,0
ICU_02130,69,0,26.6,93.1,86.4,80.8,16.9,93.5,177.9,1.27,12.16,14,1,0,1
ICU_02023,38,1,,104.5,119.3,32.8,,,40.0,,,22,0,4,0
ICU_01687,65,1,22.4,88.2,83.0,74.7,7.9,98.2,68.8,0.3,1.21,13,1,3,1
ICU_02557,62,0,40.8,107.6,89.1,75.0,13.3,100.0,58.2,0.66,2.91,12,0,0,1
ICU_05046,24,0,28.4,107.5,72.5,60.9,20.9,100.0,103.9,0.66,50.0,10,0,0,1
ICU_02855,52,1,32.1,82.6,103.2,75.5,17.3,94.6,203.6,2.78,3.7,10,0,0,1
ICU_00493,46,1,19.1,69.1,110.3,79.6,20.7,95.0,91.2,7.55,19.85,13,0,5,1
ICU_04867,61,0,23.8,61.7,124.6,72.6,24.7,97.8,179.8,1.3,33.29,11,1,5,1
ICU_DUP_0007,88,0,22.7,104.2,80.7,84.6,19.0,88.3,161.8,1.23,7.22,14,0,2,0
ICU_02445,66,0,22.9,96.1,131.2,62.7,6.0,99.7,163.9,0.3,18.25,9,0,1,0
ICU_04535,50,0,34.5,138.2,128.8,48.5,17.5,95.2,76.8,0.66,2.05,1,1,1,1
ICU_00692,42,1,23.1,114.2,71.2,103.2,6.0,88.9,156.0,3.32,11.39,10,1,1,1
ICU_02759,73,0,,94.6,144.5,80.9,,,257.7,,,8,0,2,1
ICU_01965,63,0,19.5,107.3,149.4,50.8,22.3,89.8,40.0,0.73,1.63,19,1,3,0
ICU_02168,57,1,32.3,59.7,122.3,111.5,13.1,90.2,126.2,0.59,1.74,23,1,5,0
ICU_02629,53,0,12.0,71.3,140.4,88.0,17.5,97.6,155.6,0.99,4.1,23,0,1,1
ICU_05583,69,0,15.6,83.2,130.9,65.5,21.9,97.1,134.5,1.16,2.4,2,1,0,1
ICU_00633,54,1,13.3,80.3,88.1,75.1,20.5,89.1,109.0,0.34,1.0,2,1,4,1
ICU_04837,48,0,30.2,96.7,130.4,123.3,18.6,100.0,223.8,0.33,,22,1,1,1
ICU_00023,36,1,24.1,492.1782447568314,707.0659507580548,105.5,16.5,92.2,735.0450028498673,11.932700957064412,14.24,21,1,4,1
ICU_04315,80,1,,62.4,111.4,74.3,,,104.6,,,7,0,1,0
ICU_00044,35,0,18.1,113.1,152.0,69.6,17.0,100.0,40.0,0.3,8.07,1,0,3,1
ICU_04733,70,0,21.4,81.0,180.4,93.1,16.0,94.8,99.8,0.54,,11,0,0,1
ICU_05482,63,0,,80.8,104.2,66.7,,,217.5,,,16,0,0,0
ICU_05426,79,0,27.3,84.2,140.0,65.6,20.8,84.2,188.0,1.47,20.85,15,0,0,0
ICU_02380,44,0,19.1,95.0,118.6,71.3,16.2,90.5,219.1,1.14,34.24,0,1,3,1
ICU_00936,43,0,10.7,95.4,178.4,53.8,26.6,91.5,197.7,1.38,7.66,2,1,0,1
ICU_02713,36,0,25.9,107.4,95.9,78.5,28.6,100.0,202.9,2.39,1.0,21,1,1,1
ICU_01884,61,0,31.7,114.3,126.7,62.3,29.2,87.3,195.1,0.3,2.84,24,0,0,0
ICU_04802,36,1,21.2,102.4,92.9,66.1,21.1,88.6,139.3,1.12,2.82,4,1,2,1
ICU_00481,44,1,28.5,53.7,109.5,50.7,23.9,84.2,86.2,0.3,1.0,9,1,3,1
ICU_02952,70,0,36.7,96.4,139.8,69.5,30.8,97.3,141.0,0.3,7.77,12,0,2,1
ICU_03696,51,0,26.9,76.4,173.2,62.4,14.5,90.8,40.0,,,8,0,0,1
ICU_04969,88,1,,127.0,158.5,44.1,,,122.2,,,4,0,1,1
ICU_04586,80,0,,94.4,101.1,90.3,18.2,99.4,130.5,,,7,0,4,1
ICU_02878,67,0,27.7,85.1,137.3,62.0,17.2,82.4,167.9,0.9,10.38,1,0,3,1
ICU_03428,69,1,30.2,91.1,85.9,54.4,15.6,91.5,109.9,1.58,7.52,18,1,4,0
ICU_03130,60,0,,96.6,158.3,67.2,,,115.5,,,11,0,0,1
ICU_02412,41,0,31.3,103.4,114.4,70.7,20.2,95.6,122.5,0.3,11.72,18,1,2,1
ICU_04530,65,0,27.6,95.8,109.7,88.4,13.8,86.3,40.0,1.22,1.0,9,1,5,1
ICU_02184,22,0,28.7,104.7,112.7,46.2,14.9,100.0,40.0,6.49,4.17,11,1,4,1
ICU_05007,70,1,36.0,64.1,153.0,48.1,20.3,97.8,193.8,2.92,19.86,18,0,2,1
ICU_02662,72,0,18.0,110.9,101.1,53.0,16.1,91.2,121.8,1.27,1.25,3,1,2,1
ICU_02641,58,0,21.0,69.3,114.7,57.8,10.0,90.1,57.0,1.43,15.89,2,1,1,0
ICU_01638,95,1,36.0,90.1,109.3,77.3,17.5,87.8,187.6,2.5,18.95,9,1,2,1
ICU_00232,62,1,,92.5,140.4,37.3,,,99.9,,,18,0,0,1
ICU_00876,52,1,24.1,69.5,144.0,45.8,18.3,97.2,117.9,2.92,1.99,24,0,5,1
ICU_04910,52,0,,94.4,87.0,59.2,,,129.7,,,4,1,0,0
ICU_01547,67,0,,64.2,61.3,80.9,,,140.5,,,14,0,1,1
ICU_01441,83,1,24.1,109.6,111.0,80.9,26.4,100.0,165.5,2.55,27.72,16,0,2,0
ICU_00623,86,1,20.0,50.6,140.7,71.6,27.9,94.9,40.0,2.77,12.98,4,0,0,0
ICU_04071,49,0,18.1,93.0,103.2,65.8,14.4,90.1,195.4,0.9,3.25,5,0,1,1
ICU_03497,61,0,31.0,366.1495048217661,633.9506882156969,101.2,24.0,83.8,1420.3824027199921,4.404994637817977,21.39,12,1,3,0
ICU_01892,54,1,39.1,59.4,115.9,77.4,16.7,95.7,113.8,0.3,24.12,22,0,1,0
ICU_05661,45,1,43.2,78.8,121.5,53.9,17.0,100.0,165.7,2.37,4.36,12,1,0,0
ICU_01767,58,0,42.0,117.3,109.1,80.3,21.4,95.8,60.2,0.78,19.43,5,1,0,1
ICU_01052,70,0,18.2,64.8,111.2,54.2,17.8,94.6,156.1,0.3,17.64,19,1,1,1
ICU_05159,41,1,23.0,61.2,99.9,89.9,9.4,91.2,147.6,1.3,7.51,8,0,0,1
ICU_00870,58,1,23.3,81.3,127.0,75.2,16.6,100.0,101.4,,,12,1,1,1
ICU_03467,64,1,21.7,114.9,152.8,63.4,16.2,85.2,108.3,1.14,7.34,20,1,4,0
ICU_05770,95,1,38.3,121.0,121.5,69.7,17.6,96.2,114.1,0.36,5.07,15,0,4,0
ICU_04441,66,0,37.2,86.8,162.7,56.2,21.0,92.4,165.0,0.35,21.29,8,1,1,1
ICU_04396,45,1,,69.7,142.0,70.7,,,99.6,,,12,1,2,0
ICU_05351,68,1,15.6,88.0,135.7,53.0,16.1,96.4,211.1,1.95,5.3,24,0,0,1
ICU_00440,68,1,20.6,81.9,129.2,80.0,11.8,98.1,74.6,2.84,4.13,9,0,0,1
ICU_01599,48,1,23.6,94.9,138.5,52.6,13.8,85.9,193.5,0.3,3.47,1,1,2,0
ICU_00305,64,0,33.5,65.2,123.9,51.3,11.8,97.1,163.8,0.3,23.98,11,1,5,0
ICU_02469,58,0,28.2,70.2,75.5,77.6,29.7,91.9,173.3,6.04,9.41,1,0,0,1
ICU_05969,51,1,19.5,103.6,154.9,64.1,15.2,98.9,40.0,0.3,1.77,1,1,1,1
ICU_04992,59,0,12.0,95.5,103.5,85.6,14.4,98.7,311.6,1.3,2.31,21,1,0,0
ICU_03551,33,1,40.8,95.9,121.4,53.4,16.3,95.9,239.0,3.62,4.03,5,0,1,1
ICU_02385,48,1,27.0,76.3,153.6,93.4,13.3,94.5,118.2,0.35,16.63,15,0,1,1
ICU_03244,58,1,32.5,62.1,95.2,69.7,15.9,99.5,167.4,0.74,5.99,24,0,1,1
ICU_02411,89,0,23.1,75.0,74.4,68.1,19.0,93.8,114.6,0.89,1.0,13,1,2,0
ICU_04155,58,0,18.0,129.3,150.4,68.0,19.7,92.3,181.7,4.08,16.33,19,0,1,1
ICU_03753,53,0,23.2,74.2,76.8,102.0,24.4,99.3,146.5,1.66,23.26,14,1,3,1
ICU_02473,37,1,25.5,78.8,141.2,95.5,23.2,91.7,214.8,1.32,7.26,7,0,2,1
ICU_02477,88,1,31.6,103.1,95.7,82.5,25.6,92.3,109.9,0.57,4.7,21,0,2,0
ICU_01648,83,0,,79.8,139.5,62.0,,,40.0,,,19,0,1,0
ICU_01228,79,1,32.7,69.3,102.0,83.9,19.7,100.0,90.9,6.04,16.75,10,0,0,1
ICU_05706,79,1,18.1,83.0,124.5,66.6,20.8,97.7,40.0,1.38,1.0,9,0,0,1
ICU_01497,83,0,,101.7,106.8,62.7,,,91.7,,,17,0,4,0
ICU_01278,65,1,33.7,541.6590766796162,612.1176758181693,72.1,11.2,98.4,1568.3032351278164,3.8925709609816557,3.62,10,0,4,0
ICU_00146,39,0,31.3,82.3,114.6,59.4,15.3,99.3,125.4,1.31,21.59,17,0,5,1
ICU_01486,36,1,21.4,92.0,60.0,59.3,29.7,88.5,115.9,0.39,1.09,16,0,2,0
ICU_04891,40,1,27.2,89.5,131.0,99.6,21.5,100.0,95.5,0.42,3.73,4,0,3,1
ICU_03632,57,0,21.6,94.1,191.9,61.4,13.3,90.3,116.9,0.45,31.2,21,0,0,1
ICU_05170,67,1,31.9,76.0,104.0,57.1,24.4,94.6,172.6,0.3,3.28,1,1,2,1
ICU_04812,73,1,16.0,63.1,161.3,70.5,16.3,94.4,167.1,2.14,1.0,2,0,0,0
ICU_04988,65,1,32.6,63.6,138.5,71.3,20.3,99.9,182.4,1.07,4.56,18,0,1,0
ICU_04313,68,0,35.6,34.1,136.3,85.0,22.0,93.9,63.3,1.94,1.67,19,1,2,1
ICU_05420,62,0,26.7,113.3,104.6,37.9,20.9,96.3,40.0,0.59,1.11,12,0,2,1
ICU_04640,76,0,26.3,104.0,128.6,99.9,9.3,94.8,195.4,1.51,26.6,14,1,1,0
ICU_03099,72,1,21.3,153.0,99.7,97.3,16.7,100.0,159.1,0.52,1.0,23,1,0,0
ICU_02052,50,1,25.7,109.0,79.8,77.7,37.2,100.0,146.0,4.05,16.46,24,1,3,0
ICU_04639,18,0,35.5,92.5,127.9,65.6,13.0,99.1,144.7,2.67,11.64,24,1,3,1
ICU_04016,53,0,47.6,126.8,145.6,85.2,6.0,97.5,94.5,0.38,2.92,23,1,1,1
ICU_02199,70,1,27.7,79.5,155.9,74.6,12.8,90.9,214.1,0.99,,10,1,2,1
ICU_01346,18,0,20.2,102.4,106.1,94.1,16.7,94.3,171.7,0.3,19.75,11,1,1,1
ICU_01365,59,0,36.8,100.8,132.5,70.6,23.2,92.3,166.2,2.68,6.73,0,0,3,0
ICU_03053,47,0,31.7,60.9,60.0,48.4,17.0,90.5,295.9,0.3,20.63,3,0,1,1
ICU_03601,49,0,33.0,59.9,136.2,89.8,18.6,98.1,176.1,0.3,1.0,18,1,1,1
ICU_02089,88,1,17.8,81.4,84.2,98.2,13.2,100.0,150.5,2.28,1.0,9,1,1,1
ICU_02938,32,1,31.4,67.6,111.4,67.4,25.9,93.8,116.6,1.45,14.19,13,1,2,1
ICU_03729,20,0,27.3,68.7,109.3,62.7,15.5,90.3,99.6,2.24,23.63,16,0,0,1
ICU_04734,67,0,34.0,112.9,109.6,64.2,25.4,98.5,40.0,1.22,12.29,3,0,2,1
ICU_05156,64,1,27.6,751.6246159595406,942.6432897450629,51.7,18.0,97.4,1333.1170791550846,2.3988897347270877,8.81,15,0,1,1
ICU_05152,71,0,32.4,90.8,135.2,97.8,23.7,95.5,123.4,0.97,,9,0,0,1
ICU_03571,85,0,23.2,115.6,148.0,56.0,24.2,100.0,137.8,0.96,30.71,7,0,1,1
ICU_05357,45,0,16.7,94.7,60.0,82.7,19.6,97.6,142.1,0.3,6.01,1,0,1,0
ICU_01178,44,1,24.2,75.9,121.5,81.1,26.0,90.8,111.7,0.3,6.55,3,0,2,1
ICU_02253,61,1,18.1,70.1,123.9,76.1,13.7,99.3,196.0,0.54,13.93,22,1,4,1
ICU_04782,31,1,,106.3,60.0,77.1,,,194.8,,,4,0,0,1
ICU_05827,62,1,28.3,60.2,148.8,78.3,25.8,97.2,105.2,0.3,40.29,8,0,2,1
ICU_03323,66,0,23.7,83.4,170.8,64.2,18.4,93.0,171.8,0.62,3.0,16,0,1,0
ICU_02263,42,1,32.0,88.3,143.6,79.4,10.7,91.8,114.3,0.3,6.91,11,1,3,1
ICU_02708,55,1,,89.2,104.9,56.0,,,301.9,,,1,1,4,1
ICU_00793,39,1,26.0,74.2,118.0,55.7,9.1,99.1,82.9,0.97,7.36,2,0,1,1
ICU_03261,62,0,34.9,81.3,136.6,85.9,23.6,100.0,192.0,0.3,8.05,5,0,2,1
ICU_03590,81,1,28.9,97.3,159.6,40.4,20.3,90.5,136.1,0.38,6.53,14,0,2,1
ICU_00982,44,1,29.8,105.7,122.1,75.9,17.1,99.0,207.5,2.43,5.59,7,1,1,1
ICU_00106,95,0,23.0,123.3,136.1,79.5,28.8,98.0,109.1,3.46,11.35,1,1,1,0
ICU_04675,44,0,32.5,68.3,134.6,46.4,19.9,100.0,116.3,2.47,14.58,4,0,1,1
ICU_03103,81,0,24.0,55.1,97.7,97.2,20.4,97.8,174.9,0.3,1.0,12,1,2,1
ICU_00486,50,1,27.1,70.5,136.2,44.8,19.3,86.5,230.7,2.69,1.0,16,0,5,0
ICU_04343,80,0,27.0,85.1,170.5,44.3,23.5,88.7,125.3,0.3,1.52,8,0,3,1
ICU_03552,68,0,20.4,68.6,112.5,92.8,22.1,98.4,53.2,0.3,5.05,19,1,2,1
ICU_00933,22,1,23.2,58.7,115.8,98.0,35.6,97.1,286.4,0.89,6.28,24,0,0,1
ICU_00378,95,1,32.8,85.0,166.8,84.3,11.9,96.7,63.4,0.65,2.66,16,1,0,0
ICU_04909,47,1,21.6,71.1,130.8,64.5,32.4,94.7,190.5,0.46,5.79,1,1,3,1
ICU_00785,81,1,16.5,78.9,110.2,95.3,15.3,99.0,163.4,1.83,1.28,2,0,3,1
ICU_05676,65,1,22.9,86.0,105.3,93.9,10.5,83.9,204.2,1.72,7.48,18,1,1,1
ICU_03709,62,1,28.6,72.0,112.7,97.2,17.2,94.8,40.0,0.54,16.97,15,0,3,0
ICU_01882,39,1,19.1,65.0,140.3,72.8,20.5,88.5,166.6,0.79,6.65,18,1,0,1
ICU_00745,48,1,,112.5,84.2,56.0,,,144.9,,,19,0,0,0
ICU_01652,65,1,33.6,88.8,104.1,78.3,16.0,92.5,88.0,1.49,3.81,7,0,1,0
ICU_02114,75,1,25.8,63.9,159.3,41.7,8.5,92.8,242.5,1.35,9.5,4,1,2,0
ICU_04613,52,0,27.6,43.3,97.0,81.7,25.0,87.0,40.0,0.87,14.95,14,1,1,1
ICU_05402,71,1,,104.9,114.7,76.7,,,135.7,,,11,1,3,0
ICU_01065,41,0,23.1,82.5,115.6,73.5,20.6,90.7,88.7,4.15,5.96,1,0,1,0
ICU_05966,77,1,17.4,72.6,98.7,84.1,7.4,88.5,153.6,0.3,7.06,15,0,2,0
ICU_04954,67,1,18.0,100.4,83.4,62.3,29.2,96.7,108.7,0.3,1.0,20,0,0,0
ICU_03335,37,0,33.7,92.8,127.3,71.6,20.7,89.0,127.2,0.3,13.18,13,0,2,0
ICU_04308,58,1,23.6,53.6,152.5,52.0,20.9,93.2,197.3,2.05,5.99,23,1,1,1
ICU_04857,79,0,31.6,52.8,103.4,57.0,20.7,90.3,96.4,0.3,4.09,19,1,5,0
ICU_05995,65,1,,91.3,88.9,74.3,,,111.8,,,3,0,2,1
ICU_02833,57,1,20.9,89.1,113.2,84.7,16.2,92.4,143.8,0.47,5.22,24,0,0,1
ICU_04140,73,0,32.8,103.2,93.1,55.9,29.4,92.2,135.1,1.04,33.49,12,0,2,1
ICU_00836,89,0,20.0,88.5,166.0,66.5,11.4,93.6,149.6,3.26,1.57,2,1,1,0
ICU_00906,37,0,28.9,87.1,167.7,50.3,29.4,97.7,91.9,2.11,7.12,10,0,0,0
ICU_04012,44,1,29.4,118.7,158.7,51.6,18.0,91.1,264.4,0.3,26.33,4,1,0,1
ICU_04597,85,0,23.6,73.0,86.1,63.5,18.1,92.2,81.6,0.3,2.36,4,0,3,1
ICU_03075,94,1,24.6,85.0,121.7,61.6,13.0,99.4,40.0,0.3,1.56,23,0,3,1
ICU_00001,59,0,19.6,60.1,118.9,56.1,27.6,100.0,274.2,1.17,1.7,22,0,0,1
ICU_01546,44,0,20.3,56.1,113.0,73.3,9.8,89.1,201.7,1.44,1.59,1,1,1,1
ICU_01471,51,0,16.1,82.2,105.3,63.9,14.3,78.8,40.0,1.82,3.4,0,0,1,0
ICU_01684,40,1,15.6,101.9,158.6,77.6,24.0,94.4,113.5,1.25,11.3,7,1,2,0
ICU_04573,51,1,26.4,96.1,100.1,98.6,14.3,87.2,159.3,0.63,3.99,10,1,1,0
ICU_03789,85,1,23.9,89.9,185.1,75.7,27.8,100.0,141.7,0.3,2.12,7,1,1,0
ICU_05059,54,1,,95.8,65.7,88.5,,,205.1,,,1,1,0,1
ICU_01001,78,1,30.9,97.1,126.3,89.0,11.2,94.0,144.2,1.56,46.35,18,0,2,0
ICU_04560,42,1,9.0,100.7,180.1,71.7,22.7,97.5,227.5,1.28,3.99,23,0,0,1
ICU_03006,70,0,,67.4,134.0,56.8,,,152.5,,,12,0,2,1
ICU_01853,78,0,47.7,89.2,100.7,85.5,23.1,91.5,132.1,3.11,19.38,18,0,2,0
ICU_05784,59,0,23.6,107.3,102.6,53.4,23.6,97.0,195.0,2.17,7.73,0,0,0,0
ICU_05821,66,0,20.4,103.4,97.6,75.3,29.7,92.8,104.6,0.3,12.37,20,0,5,0
ICU_02318,51,0,25.9,61.7,62.4,82.0,17.4,96.8,157.4,0.3,2.61,17,0,1,1
ICU_00752,44,1,28.3,87.2,137.1,95.8,15.4,92.8,105.7,0.71,26.48,17,0,1,1
ICU_00063,40,1,29.8,86.3,88.0,100.4,23.5,94.3,144.6,1.16,12.5,6,0,0,1
ICU_03776,29,0,29.1,110.9,122.7,68.8,19.0,100.0,134.9,2.28,11.18,22,0,0,1
ICU_01028,73,1,24.1,78.3,155.2,81.6,28.0,89.5,49.8,1.5,,7,1,0,0
ICU_01320,63,0,22.5,94.0,102.5,77.3,24.3,87.0,40.0,5.63,13.0,23,1,1,0
ICU_04225,71,1,23.8,82.0,71.0,39.5,6.0,93.1,172.6,0.5,2.43,20,0,2,0
ICU_02012,48,0,19.4,109.3,135.6,94.8,19.6,97.4,181.9,0.71,16.33,0,0,1,1
ICU_05177,28,1,26.0,84.5,125.8,63.8,6.0,91.8,90.4,0.42,1.37,4,0,5,1
ICU_00138,76,0,,104.2,122.4,50.8,,,126.4,,,8,0,2,1
ICU_05353,82,0,31.7,96.9,166.5,49.6,23.2,96.2,257.6,0.3,4.25,9,1,0,0
ICU_02448,47,0,22.3,67.6,111.6,63.8,14.8,100.0,130.3,0.3,17.17,21,1,1,1
ICU_00156,95,1,20.7,71.0,66.4,63.8,13.4,91.8,204.5,3.33,22.91,22,0,5,0
ICU_05264,83,0,17.7,102.8,77.4,68.4,19.0,89.1,286.7,0.93,19.21,24,1,2,0
ICU_01795,48,0,40.1,63.8,115.1,41.5,18.9,83.5,206.8,2.17,3.17,14,1,3,1
ICU_02695,87,1,30.7,78.5,105.2,79.3,16.5,84.0,122.1,1.15,3.25,14,0,0,0
ICU_04562,45,0,,104.7,105.6,83.3,,,186.9,,,15,0,3,1
ICU_04965,57,0,21.4,85.6,121.3,61.8,28.2,96.3,101.6,0.84,8.55,1,0,2,1
ICU_01704,69,1,24.1,80.6,98.7,73.4,19.6,99.6,138.9,0.3,8.84,21,0,3,1
ICU_01492,51,1,30.8,69.0,105.3,69.4,10.4,94.2,75.3,2.38,5.97,9,1,0,0
ICU_01158,79,1,21.9,90.0,150.5,56.5,16.4,99.8,139.4,0.69,2.62,11,0,1,1
ICU_04436,83,1,43.5,595.3999763127464,1129.678110888385,61.5,15.6,100.0,609.0340829117729,2.1835915096671705,8.02,0,0,1,1
ICU_02634,92,1,25.6,78.5,109.3,65.6,15.8,100.0,231.4,0.63,12.23,7,1,3,1
ICU_04575,58,0,21.5,92.0,133.9,64.0,18.5,94.4,175.9,0.3,18.96,22,1,2,1
ICU_02680,74,1,26.1,115.8,133.2,57.3,17.5,99.6,102.9,0.3,1.0,16,1,1,0
ICU_03873,35,0,26.1,105.3,78.6,91.5,24.9,87.1,201.6,0.3,14.16,21,0,2,1
ICU_05749,44,1,24.8,98.8,146.3,77.7,13.2,91.8,126.8,1.51,,7,0,2,0
ICU_04564,76,0,24.1,105.0,107.7,104.2,24.8,91.9,121.0,2.02,34.11,17,1,3,1
ICU_03295,42,1,14.6,90.8,86.1,70.8,17.2,93.8,63.5,1.25,33.91,20,0,0,1
ICU_02659,71,0,22.8,101.9,144.4,97.5,20.4,100.0,207.4,0.96,26.71,13,0,1,0
ICU_00431,25,1,24.8,90.5,114.0,67.9,13.1,97.3,67.1,0.3,14.3,7,1,0,0
ICU_00955,82,1,25.8,84.7,137.0,30.0,25.9,93.6,78.3,0.72,1.37,13,1,1,1
ICU_02749,58,0,26.6,141.6,109.4,66.6,9.1,95.3,92.7,0.3,1.68,20,1,3,1
ICU_00067,80,1,26.6,93.2,89.9,42.1,24.0,88.4,144.3,1.74,5.83,11,0,0,1
ICU_02314,73,1,28.4,87.1,151.5,52.8,17.4,78.7,180.1,1.18,3.04,5,0,3,1
ICU_04933,82,0,29.3,104.5,115.9,92.4,13.0,94.3,114.4,0.3,20.06,8,1,2,0
ICU_00660,51,1,30.7,121.1,91.5,85.5,19.9,97.9,139.1,2.11,1.14,10,0,5,0
ICU_04116,57,1,,103.2,112.5,92.1,,,227.3,,,24,1,0,0
ICU_02716,73,0,23.0,74.1,94.3,79.4,19.2,90.7,115.9,0.39,34.51,24,0,1,0
ICU_04360,67,0,39.4,30.0,113.0,51.8,22.1,100.0,160.6,1.86,,21,0,2,1
ICU_05128,64,0,23.5,89.3,131.3,96.8,14.4,99.8,93.9,0.3,2.11,0,1,1,1
ICU_01279,56,1,29.1,91.4,137.2,67.9,15.6,97.3,127.7,0.5,17.96,23,0,5,0
ICU_05895,80,0,24.0,103.1,125.0,122.0,32.2,97.3,189.8,0.31,2.09,7,1,0,0
ICU_03779,60,1,24.1,60.4,60.0,84.1,20.3,89.2,241.1,1.9,14.02,16,1,5,0
ICU_00678,78,0,24.0,90.2,121.6,64.4,6.0,97.7,103.5,0.86,14.72,20,0,1,1
ICU_02233,78,1,26.2,506.9196527748171,1209.1979816988635,110.1,15.8,96.0,304.29375952417485,1.7688196782434131,1.0,17,0,5,0
ICU_02512,71,0,22.8,111.3,136.6,100.6,30.3,86.6,123.3,1.25,1.85,23,0,3,0
ICU_00286,59,1,,77.8,111.5,67.9,,,128.2,,,22,0,1,0
ICU_02287,57,0,32.9,85.8,112.9,56.9,6.0,96.1,153.6,0.31,1.85,20,1,2,0
ICU_04408,71,0,,45.1,99.3,68.6,,,60.1,,,20,0,2,0
ICU_02408,76,0,28.5,109.0,128.2,70.0,8.8,92.8,40.0,0.3,1.0,9,1,1,1
ICU_03832,80,0,22.3,99.4,66.3,61.1,25.1,93.4,173.1,1.06,5.5,1,0,1,1
ICU_05304,57,1,20.1,56.3,126.2,117.7,22.6,97.8,230.7,0.3,11.4,4,0,3,1
ICU_03667,72,0,36.8,99.8,92.9,81.1,9.5,92.1,196.7,3.38,14.79,13,1,0,1
ICU_02163,82,0,24.6,42.5,109.7,102.6,16.3,97.8,215.9,0.99,42.68,23,1,2,1
ICU_03366,52,1,23.7,92.1,105.6,72.8,15.7,97.8,183.4,4.1,3.94,5,1,0,1
ICU_03234,38,1,,90.5,74.2,107.2,,,123.8,,,17,0,1,1
ICU_05261,47,1,28.7,92.1,137.0,78.4,16.4,89.7,143.6,0.66,18.95,0,1,1,1
ICU_03268,66,0,35.4,68.6,62.5,62.2,23.3,93.9,53.0,1.06,1.0,24,0,0,1
ICU_00919,65,1,29.2,91.1,139.7,81.1,22.1,87.5,210.9,1.71,8.67,3,0,0,0
ICU_02895,95,0,25.4,98.1,109.6,97.7,14.5,92.5,131.1,4.6,4.57,14,1,2,0
ICU_01770,62,1,17.5,86.1,163.2,78.9,11.7,88.6,123.7,5.26,6.25,19,0,0,1
ICU_04876,37,1,22.7,104.0,183.8,75.0,15.3,93.3,302.5,0.53,11.01,23,1,4,0
ICU_03392,60,1,,83.6,101.5,57.6,17.3,,201.2,,,14,1,1,1
ICU_03986,71,1,27.2,111.4,179.7,52.3,16.3,92.5,150.3,0.86,7.24,19,1,1,1
ICU_04624,68,0,23.4,107.6,95.8,78.0,18.2,93.0,152.6,1.5,5.97,22,1,1,0
ICU_04276,51,1,,72.6,120.8,69.3,,,125.1,,,12,1,2,0
ICU_05005,39,0,29.7,84.4,99.2,62.5,11.7,92.0,160.6,0.3,12.53,15,1,2,1
ICU_00046,53,1,40.1,122.2,124.5,82.1,16.4,84.3,78.6,0.3,5.32,3,0,0,1
ICU_03792,66,0,24.7,61.9,94.9,62.3,10.4,100.0,142.4,1.63,1.77,5,0,1,0
ICU_05343,51,1,18.7,97.5,119.4,37.8,8.1,93.6,47.9,0.42,4.77,19,0,2,1
ICU_02789,65,1,24.3,55.3,81.2,66.9,18.7,85.8,136.0,0.35,3.54,21,1,1,1
ICU_04457,38,0,28.7,70.5,131.4,89.0,17.3,89.2,120.2,0.33,20.3,8,1,2,1
ICU_04826,63,0,33.7,49.0,141.2,76.0,20.4,100.0,143.1,1.84,2.97,12,0,3,1
ICU_00929,60,1,19.3,71.3,86.2,64.5,23.5,87.3,88.7,2.35,10.63,22,0,2,1
ICU_03608,37,0,26.7,84.4,152.6,63.9,20.1,94.2,77.5,0.3,1.1,13,1,0,1
ICU_00062,42,1,17.3,88.2,84.2,72.1,16.8,92.7,218.0,0.33,2.03,10,1,1,1
ICU_04034,47,0,25.9,79.7,67.3,113.7,16.1,98.5,40.0,0.71,4.79,2,1,3,0
ICU_01131,69,1,28.6,87.4,109.5,91.1,10.6,100.0,133.4,0.3,25.59,14,1,0,1
ICU_05592,48,0,37.0,102.6,133.5,56.1,16.0,87.0,123.1,1.97,1.14,4,1,0,1
ICU_05294,85,0,21.1,102.2,147.7,73.2,12.7,91.9,94.7,1.71,7.39,16,0,2,0
ICU_00243,77,1,,80.5,114.0,98.9,10.6,81.8,49.5,,,1,1,0,0
ICU_03849,36,0,19.5,51.6,130.8,70.0,20.7,96.3,40.0,0.39,41.83,4,1,2,1
ICU_01580,65,1,38.2,109.3,148.3,104.7,17.0,100.0,172.5,0.91,30.6,14,0,0,1
ICU_01258,49,0,29.3,102.7,158.4,63.8,19.4,88.6,249.3,0.3,,13,1,3,0
ICU_02196,69,1,35.7,105.2,119.3,89.7,15.9,100.0,167.5,0.3,20.08,14,0,3,1
ICU_02564,45,1,,59.7,116.6,102.2,,,100.8,,,23,0,2,1
ICU_00381,51,1,30.3,94.2,137.0,54.6,13.7,93.1,40.0,0.84,6.31,3,1,3,1
ICU_04567,39,1,24.5,81.2,173.0,57.2,24.1,95.4,211.8,0.3,48.97,18,0,1,1
ICU_03751,67,1,,944.8070125258348,1251.9976275607032,73.4,17.2,,1174.6831455486351,,,21,0,0,1
ICU_02280,30,0,27.2,109.4,106.5,96.2,10.3,92.4,148.5,1.1,17.42,18,0,4,0
ICU_05017,95,0,23.1,100.6,100.7,83.6,16.5,89.8,75.1,0.3,2.12,12,0,3,0
ICU_01503,61,1,30.2,99.6,114.1,70.8,21.4,94.1,164.7,1.93,,13,0,1,0
ICU_03285,89,0,34.8,82.8,115.4,88.2,11.6,91.3,126.8,0.76,16.08,12,0,3,1
ICU_04264,60,0,28.2,105.2,107.4,73.6,25.2,90.9,196.6,0.3,2.21,2,0,1,0
ICU_05093,92,0,,56.5,109.6,75.5,,,210.4,,,22,0,1,0
ICU_03123,55,1,30.0,62.4,81.1,51.2,16.4,94.5,239.0,0.35,,6,0,0,1
ICU_03971,42,1,27.8,117.5,140.6,50.6,19.5,89.1,114.2,0.53,41.76,24,0,0,1
ICU_01292,61,0,26.1,49.0,117.3,79.3,20.8,98.3,65.0,2.04,1.01,8,1,1,1
ICU_03330,78,0,19.9,112.1,99.0,97.2,18.8,88.9,144.1,0.3,33.85,16,0,1,1
ICU_00058,67,1,,107.0,96.6,73.5,,,40.0,,,4,0,0,1
ICU_02051,46,1,37.4,90.1,105.1,64.2,25.3,98.5,121.9,0.85,3.21,5,0,0,1
ICU_01623,49,0,34.4,79.8,143.3,70.3,17.9,95.9,166.4,0.3,5.99,24,0,3,1
ICU_05308,48,0,,97.5,155.0,76.1,,,187.5,,,17,0,0,1
ICU_01933,60,0,25.1,99.9,96.8,66.7,15.5,90.7,149.7,0.3,1.61,18,0,1,0
ICU_03262,45,0,23.9,84.9,138.5,79.2,21.7,95.5,174.3,1.67,13.48,2,1,1,1
ICU_02968,29,1,17.0,59.5,131.5,85.1,12.3,96.5,116.3,2.66,4.03,20,0,4,1
ICU_00269,64,0,21.1,79.3,105.0,45.7,17.1,100.0,224.3,0.3,2.48,20,0,0,0
ICU_00349,58,1,,82.8,115.3,72.2,,,151.7,,,18,0,2,1
ICU_04730,40,1,21.9,81.7,126.2,75.6,20.3,95.7,127.1,0.3,50.0,21,0,1,1
ICU_05539,79,1,20.5,83.9,125.7,71.4,13.9,94.5,42.2,1.91,4.29,9,1,3,1
ICU_02008,73,1,37.5,75.1,120.0,79.6,16.2,85.7,220.7,0.3,50.0,23,0,2,1
ICU_00316,74,1,29.2,75.7,148.6,67.5,21.1,85.6,183.1,0.84,7.42,9,1,4,0
ICU_00185,74,1,21.5,90.5,104.9,66.4,25.4,93.4,147.7,0.76,5.35,12,0,3,1
ICU_00927,68,0,17.5,53.4,68.3,74.8,27.3,92.3,169.4,3.34,7.48,2,0,3,0
ICU_00943,60,0,25.9,84.0,122.4,88.2,9.1,93.0,143.9,0.91,11.89,19,0,0,0
ICU_00551,59,1,47.4,111.8,107.8,47.6,33.1,100.0,163.2,0.89,23.3,6,0,4,1
ICU_02306,72,1,17.8,60.9,97.9,90.7,22.7,100.0,252.7,0.3,12.84,7,1,1,1
ICU_03710,36,0,25.6,87.4,120.6,62.0,18.2,99.2,133.3,0.89,7.9,24,0,3,1
ICU_02560,43,1,18.2,88.9,121.5,71.8,20.8,100.0,196.8,0.37,14.42,12,1,0,1
ICU_03589,54,0,10.6,87.5,157.2,85.6,18.0,97.2,166.8,2.63,1.0,9,0,1,1
ICU_05746,55,0,21.4,57.4,135.6,69.6,19.0,95.1,236.2,0.3,8.48,18,1,3,0
ICU_01443,38,1,24.0,111.1,102.2,70.2,11.2,93.5,151.1,1.0,1.0,15,1,0,1
ICU_00569,55,1,16.3,129.8,127.5,74.1,21.2,96.9,71.9,0.3,6.83,1,0,1,0
ICU_04189,60,1,35.8,70.2,86.2,66.2,15.9,87.4,124.7,0.3,9.54,7,1,4,1
ICU_01490,52,1,29.1,89.9,119.0,71.3,14.8,98.0,141.5,0.3,1.44,17,1,2,1
ICU_03869,79,1,21.5,98.5,136.8,57.7,12.3,98.8,185.9,0.3,1.64,4,1,1,1
ICU_04440,37,1,28.9,87.5,144.9,42.5,23.1,91.5,251.5,1.59,1.0,10,0,4,1
ICU_04827,76,1,29.2,107.7,85.6,49.0,18.6,95.1,249.0,1.92,1.0,3,0,3,0
ICU_02635,81,0,30.4,89.2,89.0,69.7,28.4,97.0,40.0,2.66,,0,1,1,1
ICU_02358,30,1,30.3,93.9,133.6,30.0,21.8,96.8,40.0,0.76,1.84,24,0,3,1
ICU_01898,72,0,31.2,89.9,135.7,46.1,12.7,93.1,152.2,0.3,11.08,5,0,0,0
ICU_03152,18,0,,105.9,115.2,74.7,,,40.0,,,17,0,1,1
ICU_01100,79,0,34.8,99.0,140.9,78.1,10.3,96.2,84.8,2.35,17.53,1,1,0,1
ICU_00574,76,0,19.1,67.6,137.4,79.7,18.6,93.4,52.0,0.3,3.72,3,0,0,1
ICU_04928,38,1,28.5,63.4,154.9,68.4,9.5,95.7,119.2,4.75,15.1,24,0,1,1
ICU_02028,65,1,,88.7,138.7,40.7,,,68.9,,,6,0,2,1
ICU_01418,89,1,,107.1,152.2,46.0,,,104.9,,,6,1,3,1
ICU_04497,81,1,29.9,399.1110919595259,911.6157791615118,53.7,19.6,98.3,1600.1849618197782,10.167748978963392,9.31,10,0,3,1
ICU_00808,84,1,27.8,72.6,60.0,81.1,21.1,96.3,49.3,0.3,7.51,15,0,3,0
ICU_00857,70,0,40.9,107.6,129.1,66.5,20.5,90.9,133.7,0.65,27.27,5,1,0,0
ICU_04025,56,1,22.5,76.3,177.2,76.2,23.5,88.6,72.4,0.3,2.8,7,0,3,0
ICU_05506,43,1,21.9,90.1,100.1,83.8,21.3,93.4,208.2,0.85,39.52,21,0,1,1
ICU_00263,43,0,28.6,95.6,133.5,101.2,19.6,98.8,72.6,1.73,4.22,12,1,1,1
ICU_DUP_0029,95,1,20.7,71.0,66.4,63.8,13.4,91.8,204.5,3.33,22.91,22,0,5,0
ICU_05504,53,0,32.8,136.7,111.1,32.6,18.9,96.0,89.6,0.49,1.0,19,1,0,0
ICU_01018,56,0,26.5,70.3,136.7,72.5,16.3,96.9,136.6,0.74,9.39,5,1,3,0
ICU_00667,89,1,27.6,68.2,96.4,72.1,22.9,98.3,127.6,0.3,4.57,0,1,3,1
ICU_03348,74,0,41.4,104.8,121.9,66.4,25.9,98.9,100.8,0.73,13.15,2,1,1,1
ICU_01386,85,0,25.7,117.7,157.2,49.3,24.5,83.7,40.0,0.63,3.92,20,0,0,0
ICU_02404,92,1,30.9,123.9,125.5,76.9,20.8,99.0,156.4,1.51,9.28,10,1,1,1
ICU_03646,66,0,39.2,111.9,148.9,49.7,11.1,94.6,286.0,2.72,22.07,22,1,1,0
ICU_02714,68,1,17.7,53.2,109.7,76.5,6.0,90.0,51.7,2.8,1.12,16,1,2,0
ICU_05781,49,0,32.5,73.1,183.1,83.2,11.5,100.0,108.0,0.6,3.51,9,1,0,1
ICU_03959,65,1,18.2,126.7,144.9,48.5,18.9,98.0,148.4,1.08,15.8,8,1,3,1
ICU_05604,69,0,21.3,103.6,100.0,62.8,15.9,90.0,58.5,1.21,32.95,21,1,4,1
ICU_01325,26,1,24.9,114.0,135.4,65.4,21.2,94.6,75.3,0.63,17.73,6,0,3,1
ICU_03801,33,0,,101.1,158.6,88.0,,,231.4,,,11,0,4,1
ICU_04989,95,0,,100.1,156.9,75.7,,,292.0,,,5,1,0,1
ICU_05072,72,1,16.8,60.5,161.1,60.0,17.6,89.8,140.9,0.75,22.57,6,1,4,1
ICU_04021,36,0,27.6,108.1,116.6,86.8,21.6,92.8,185.0,0.88,6.1,0,0,0,0
ICU_04591,65,1,36.3,89.0,115.8,87.5,20.5,92.0,154.7,1.26,16.99,6,1,4,0
ICU_00813,65,0,30.4,130.6,121.4,53.4,25.9,97.8,256.4,0.3,11.14,20,0,0,0
ICU_04607,70,0,38.1,128.3,67.3,85.1,22.5,99.2,151.1,0.44,9.17,19,1,1,0
ICU_02523,56,0,26.8,114.5,79.3,69.1,23.2,98.1,167.5,2.56,1.0,1,1,0,1
ICU_03054,93,1,28.1,90.5,130.3,74.5,17.6,94.6,196.3,4.04,2.63,23,0,1,0
ICU_04723,56,1,34.8,91.7,141.4,87.5,11.4,98.1,131.4,0.3,9.67,8,1,5,1
ICU_02194,65,0,36.2,118.7,60.3,98.7,17.9,87.8,185.4,1.51,18.75,8,0,3,1
ICU_00409,71,1,31.0,110.8,131.8,95.8,24.1,97.8,67.9,1.12,5.49,12,0,2,0
ICU_05543,58,0,21.7,90.3,114.5,55.9,12.9,95.4,168.4,0.6,4.23,4,0,1,1
ICU_05164,76,0,27.0,102.4,77.3,57.7,8.7,100.0,90.8,0.3,1.0,5,0,3,0
ICU_01177,60,1,24.9,64.8,181.2,80.3,16.3,84.3,66.3,0.47,1.0,19,1,1,0
ICU_00668,18,1,22.1,99.3,95.7,74.4,16.9,91.6,131.9,1.19,,14,1,0,1
ICU_04380,64,1,26.0,44.5,143.5,61.6,8.8,88.7,143.1,0.41,5.36,13,1,2,0
ICU_05203,75,1,28.2,87.8,75.4,71.8,23.1,90.6,211.5,0.3,3.99,0,0,0,1
ICU_04773,62,1,37.5,105.1,123.4,60.2,11.3,100.0,122.8,0.48,1.48,20,1,1,0
ICU_05544,55,0,37.0,32.8,61.8,66.4,18.7,95.9,152.2,0.9,20.85,3,1,1,1
ICU_00950,57,1,34.0,80.5,60.0,55.9,17.1,97.2,145.2,2.31,,1,0,2,1
ICU_02472,47,1,31.6,93.2,62.0,86.1,19.6,98.3,179.7,0.3,1.9,5,1,2,1
ICU_00083,52,1,30.2,92.8,127.3,71.8,23.9,88.9,105.7,0.94,1.0,4,1,1,1
ICU_03556,73,0,27.9,85.7,82.9,66.4,22.8,93.0,175.2,0.4,36.56,21,1,2,0
ICU_02945,41,1,26.2,143.8,111.0,87.4,19.1,93.8,238.6,1.01,4.73,24,1,1,1
ICU_05502,64,0,43.3,84.6,92.4,47.8,19.3,90.5,132.9,2.07,3.04,18,0,1,1
ICU_03500,83,0,30.4,127.1,148.4,60.3,18.9,93.2,79.6,1.54,3.38,24,0,0,1
ICU_00817,78,0,27.5,75.9,123.1,112.6,25.2,100.0,40.0,0.34,45.62,19,0,0,1
ICU_02513,57,0,32.6,94.7,103.7,46.9,7.7,95.9,56.8,0.59,8.69,5,1,2,1
ICU_03218,48,0,20.7,128.1,108.2,63.7,13.1,94.2,130.8,1.42,3.08,1,0,2,1
ICU_00050,67,1,16.4,84.6,123.6,78.1,20.3,100.0,143.1,1.02,24.74,2,1,1,0
ICU_05257,48,1,25.4,90.6,106.3,92.2,22.3,94.2,129.1,2.39,9.53,5,1,2,1
ICU_05179,62,1,27.8,102.8,147.6,62.8,17.3,94.1,112.2,0.3,3.87,13,0,3,1
ICU_01480,75,0,27.6,88.3,115.3,85.2,19.4,95.2,59.2,0.46,19.82,22,1,0,0
ICU_01919,53,0,28.7,103.1,112.7,90.3,19.9,97.1,257.5,0.85,8.87,0,1,3,1
ICU_04559,73,1,31.3,55.8,141.7,73.2,15.9,100.0,118.4,2.36,1.0,17,0,0,0
ICU_00517,44,0,27.8,104.7,149.6,70.7,30.4,96.7,109.5,0.39,28.97,3,1,2,1
ICU_03482,55,1,26.0,113.8,93.4,55.5,18.2,92.6,135.9,0.41,6.84,17,0,2,1
ICU_02700,68,1,35.2,30.0,73.5,75.6,17.6,92.2,132.8,0.3,9.43,20,1,2,1
ICU_01014,93,1,16.0,95.9,90.8,74.7,15.5,96.3,152.0,0.3,5.37,9,1,0,0
ICU_05846,95,0,,95.1,93.5,99.5,,,205.9,,,0,0,2,1
ICU_01227,59,0,31.2,100.6,118.3,38.5,21.2,96.6,122.6,2.86,27.38,15,1,1,0
ICU_05935,69,1,29.3,81.8,93.8,83.8,14.2,100.0,162.3,1.14,21.97,15,0,4,1
ICU_05356,32,0,,105.4,138.3,68.7,,,80.1,,,8,1,0,1
ICU_00148,71,0,28.5,86.0,88.1,53.7,17.1,97.4,228.4,0.68,1.0,8,1,1,1
ICU_05407,82,1,29.4,83.4,78.7,83.4,13.5,100.0,181.5,0.69,2.58,16,1,4,1
ICU_05887,46,0,19.2,99.1,86.2,66.9,9.1,100.0,116.5,0.52,18.96,5,1,2,1
ICU_00718,55,0,48.1,93.1,127.2,83.1,31.7,97.9,87.7,0.37,19.76,9,1,1,0
ICU_04494,77,1,27.2,110.2,171.9,60.1,19.3,89.2,210.3,1.45,28.59,9,0,0,1
ICU_01168,72,1,28.0,58.6,73.8,63.6,9.1,88.2,48.5,0.84,1.0,16,0,3,1
ICU_03161,70,1,18.2,140.1,161.4,61.9,19.1,97.4,61.4,1.66,11.93,2,1,1,1
ICU_01660,85,0,20.1,72.9,74.4,47.7,22.4,92.6,167.5,3.27,16.33,4,1,1,1
ICU_03167,64,0,16.8,56.2,113.1,47.7,13.1,95.5,95.6,0.82,23.69,4,0,0,1
ICU_04368,49,0,21.3,84.9,120.7,66.9,15.7,89.5,191.6,1.66,1.66,18,1,2,0
ICU_02419,38,1,41.6,75.7,108.8,66.9,20.0,96.3,124.4,0.3,1.0,23,0,2,1
ICU_05836,27,0,20.7,130.2,132.5,68.9,26.5,99.2,126.1,0.31,1.0,14,1,1,0
ICU_00295,49,1,42.0,96.4,131.7,50.3,14.2,92.8,271.6,0.3,18.89,5,0,1,1
ICU_02187,57,1,32.5,91.4,152.1,81.5,27.0,90.9,112.4,0.43,32.8,24,0,2,0
ICU_02409,41,0,31.1,63.1,81.6,85.4,13.4,97.0,160.9,0.94,1.0,2,1,5,1
ICU_00442,24,0,,78.5,132.4,99.1,,,79.5,,,13,1,1,1
ICU_03453,51,0,27.8,56.7,132.3,68.0,21.9,95.5,151.1,2.82,8.35,2,0,3,1
ICU_03091,75,0,19.7,68.5,109.2,72.0,21.9,100.0,236.3,0.3,7.85,18,0,0,0
ICU_04679,66,0,19.9,78.5,136.5,47.3,14.7,89.7,146.7,4.48,8.64,7,0,3,0
ICU_00766,61,1,41.5,111.6,162.9,81.9,22.7,100.0,40.0,1.35,15.3,7,0,4,0
ICU_01867,82,1,,80.0,158.7,94.5,,,195.4,,,11,1,1,0
ICU_02683,75,0,27.3,82.4,104.2,63.1,27.3,91.8,108.9,3.47,1.27,24,1,5,0
ICU_01711,59,1,,108.0,89.7,59.5,19.0,87.2,135.9,,,15,0,1,1
ICU_02571,35,1,,57.5,147.6,49.5,,,40.0,,,24,1,0,1
ICU_02580,68,0,25.2,101.5,109.2,67.6,18.4,94.5,175.4,0.3,27.84,3,1,1,1
ICU_03170,44,1,21.2,76.7,168.5,84.0,11.1,92.6,83.5,0.3,28.54,12,0,0,1
ICU_00596,57,1,,87.7,106.7,62.0,,,203.7,,,19,0,1,0
ICU_04379,48,0,17.0,110.2,104.0,81.5,7.9,90.0,40.0,0.78,7.0,13,0,0,1
ICU_00400,33,1,21.8,88.1,98.1,61.6,20.4,84.1,140.0,1.09,7.31,14,0,4,1
ICU_04856,77,0,23.5,87.1,113.4,75.6,20.6,97.8,87.7,0.59,12.44,7,1,2,1
ICU_02897,93,0,23.1,67.1,86.8,84.0,12.1,97.6,116.1,1.85,4.7,12,1,1,0
ICU_01665,61,0,,103.3,84.0,60.5,,,210.1,,,6,1,0,0
ICU_03998,91,0,26.0,67.8,92.2,99.2,20.9,95.3,157.4,1.67,6.74,11,0,1,0
ICU_03693,81,0,20.9,51.7,114.9,47.2,16.4,94.8,84.6,0.37,8.86,15,1,3,1
ICU_03060,67,1,32.8,83.3,84.8,64.8,11.1,92.7,142.1,0.91,1.0,10,1,1,1
ICU_02363,82,1,,82.4,107.9,68.7,,,62.2,,,17,1,1,1
ICU_00380,46,1,31.5,67.5,146.7,44.5,24.8,100.0,244.8,3.61,7.67,10,0,2,0
ICU_DUP_0053,59,0,20.6,70.7,92.8,71.1,22.5,88.0,113.2,0.3,30.54,23,1,2,1
ICU_02140,64,0,,79.9,185.4,71.9,,,176.0,,,16,0,5,0
ICU_00045,49,1,29.1,30.0,135.0,92.3,19.5,95.4,224.6,1.88,32.57,1,0,3,1
ICU_02011,48,0,20.4,69.2,75.4,67.8,6.0,89.8,46.8,0.41,6.95,7,1,1,0
ICU_02017,25,0,30.9,112.0,88.8,83.3,18.0,91.8,164.3,1.32,,8,0,2,1
ICU_03488,45,1,42.1,107.3,96.5,71.4,17.7,98.5,112.4,2.68,2.5,17,1,1,1
ICU_00190,53,0,,76.1,128.7,68.7,,,49.8,,,5,1,2,0
ICU_00600,75,0,42.9,64.5,112.1,58.2,21.2,90.9,147.8,1.01,3.49,19,0,0,1
ICU_03310,40,1,19.3,114.9,94.2,82.2,25.6,100.0,149.2,0.47,24.07,12,1,0,1
ICU_00028,51,0,14.5,77.9,138.9,82.2,20.0,99.8,65.4,0.3,6.05,15,1,2,0
ICU_04104,60,1,34.9,63.4,102.4,47.9,24.6,97.9,87.5,0.63,1.0,0,0,0,1
ICU_02074,50,0,31.1,54.3,167.3,67.8,19.1,91.8,182.5,3.76,1.43,11,1,2,0
ICU_01537,52,0,,88.3,112.2,36.9,,,88.9,,,22,0,0,1
ICU_04298,44,1,22.2,83.1,129.1,80.9,22.2,83.9,56.6,0.35,4.01,22,1,4,1
ICU_02364,50,1,25.5,85.8,153.7,76.0,17.2,92.9,158.1,0.61,1.33,16,0,0,0
ICU_02013,45,0,41.2,68.2,120.7,59.5,24.0,97.3,184.4,1.61,8.19,12,1,1,1
ICU_02717,77,0,28.9,93.8,153.7,76.4,14.9,94.1,79.7,0.3,1.0,4,1,2,0
ICU_02354,83,1,27.2,100.7,138.9,59.7,12.4,96.8,172.8,1.44,6.47,16,0,4,1
ICU_01515,59,1,31.2,94.0,170.1,48.0,22.1,96.5,216.8,0.58,5.57,17,0,2,0
ICU_05154,46,0,33.2,78.4,92.4,85.2,12.4,94.9,62.1,1.02,8.47,24,0,1,1
ICU_04951,84,1,,56.9,153.1,88.6,,,117.2,,,4,1,5,0
ICU_04786,75,1,29.4,68.8,132.1,85.8,10.5,97.7,140.8,0.3,3.13,2,1,0,0
ICU_03191,74,0,21.9,88.4,121.1,70.0,12.6,96.6,163.0,0.92,6.97,3,1,1,1
ICU_04537,56,1,12.3,122.8,124.4,72.6,18.2,91.9,78.7,0.3,14.41,22,0,1,0
ICU_04681,51,0,34.9,83.6,103.2,71.5,20.2,88.4,53.6,0.52,3.28,2,0,4,1
ICU_00797,74,0,35.5,70.2,111.1,68.1,29.5,90.4,169.3,2.25,9.32,22,1,2,0
ICU_01745,66,0,27.7,79.0,135.0,90.9,25.1,100.0,209.9,0.74,9.97,12,1,2,0
ICU_03916,60,1,12.3,70.3,102.8,110.3,17.0,94.5,193.7,1.06,3.12,23,0,2,1
ICU_00170,45,1,21.9,138.1,137.8,72.4,24.3,96.1,213.4,0.9,31.72,5,0,4,1
ICU_02650,45,1,39.6,57.5,124.2,59.6,18.2,93.9,86.5,0.79,8.52,10,0,2,0
ICU_03870,36,0,23.5,85.8,128.0,39.9,18.4,99.0,140.7,0.6,19.31,0,0,0,0
ICU_02376,55,1,46.2,110.8,112.1,50.3,16.5,100.0,73.9,0.42,1.9,6,0,2,0
ICU_00284,95,1,29.4,118.2,61.6,70.8,15.1,100.0,175.4,0.51,3.63,5,1,2,0
ICU_00508,62,1,31.4,85.6,99.6,70.8,16.8,91.5,227.4,2.75,2.63,10,1,0,1
ICU_02679,57,0,21.5,86.4,118.6,65.2,6.0,94.0,76.1,0.3,14.43,17,1,4,1
ICU_02858,83,0,26.5,35.1,76.4,77.6,21.4,86.5,40.0,2.98,4.36,17,0,0,0
ICU_01548,75,1,23.3,135.9,95.4,61.0,17.2,93.1,80.3,3.64,20.18,0,0,0,1
ICU_03860,53,0,16.8,112.6,146.0,81.2,19.6,100.0,82.9,3.07,14.94,3,0,4,0
ICU_01170,75,1,,114.8,136.8,60.9,,,66.9,,,24,0,3,0
ICU_01106,73,1,37.1,75.5,106.7,56.7,12.6,93.3,69.7,0.42,3.36,8,1,2,0
ICU_04211,52,0,21.2,85.1,128.7,73.9,15.0,90.6,156.3,2.08,9.73,9,0,2,0
ICU_03727,81,1,23.7,61.1,132.0,77.3,12.0,93.4,259.9,1.77,4.23,22,1,0,1
ICU_00201,72,0,,33.8,116.2,63.7,,,102.6,,,6,0,2,1
ICU_03835,54,0,19.1,118.6,97.9,96.4,24.1,88.3,114.3,1.61,14.94,7,1,1,1
ICU_01029,43,1,19.8,60.5,146.1,51.4,16.6,100.0,250.9,2.65,5.86,14,1,1,1
ICU_03652,70,0,19.7,93.1,129.8,44.5,25.1,95.9,147.1,3.53,16.62,13,0,0,0
ICU_02269,60,0,20.3,69.6,116.1,93.1,21.6,89.5,124.0,2.73,,10,1,1,0
ICU_04414,65,1,19.0,680.8428240227356,1200.0032356091158,85.6,11.7,100.0,627.7516040213985,2.975121934833744,3.66,10,1,0,1
ICU_05534,59,0,20.4,76.9,100.8,52.9,16.7,100.0,193.0,3.27,10.52,23,0,1,0
ICU_05633,67,0,27.8,91.5,141.3,68.4,21.8,100.0,150.1,0.3,9.52,19,0,2,0
ICU_01237,52,1,17.5,113.6,60.0,32.8,26.1,89.3,176.1,2.8,3.94,0,1,0,1
ICU_01104,81,1,34.3,119.3,60.0,90.8,6.0,100.0,83.5,2.55,8.23,17,1,2,1
ICU_02122,61,0,37.2,64.6,116.3,80.2,15.9,89.0,112.7,0.3,21.95,14,0,0,1
ICU_05513,66,0,15.4,127.5,80.7,99.0,24.3,96.4,137.5,0.3,1.07,2,0,2,1
ICU_00701,80,1,33.0,62.1,138.8,60.0,20.6,89.7,220.6,0.47,5.31,19,1,3,1
ICU_00611,60,1,28.4,83.4,86.9,47.7,16.7,100.0,145.8,1.32,1.12,1,1,3,0
ICU_02525,70,1,30.1,43.6,119.8,71.3,6.0,99.1,201.0,0.36,1.83,19,0,4,1
ICU_02422,57,0,29.4,31.4,148.8,98.6,15.4,100.0,40.0,0.3,6.85,5,0,1,0
ICU_05232,42,1,,59.7,102.1,98.5,,,147.5,,,1,1,1,0
ICU_02195,50,1,26.3,91.0,87.3,70.8,19.1,94.6,241.1,0.3,31.36,21,0,5,1
ICU_05463,48,1,28.5,113.4,127.4,86.7,13.9,96.0,157.0,0.86,8.05,7,1,1,1
ICU_04321,60,0,24.4,80.0,107.6,95.5,14.5,97.6,84.1,1.04,25.0,21,0,4,0
ICU_02908,53,1,29.7,99.7,124.9,30.0,13.4,91.0,107.1,0.58,21.97,17,1,2,0
ICU_02330,56,1,19.7,71.7,60.0,65.2,10.0,99.5,146.3,1.3,4.44,18,0,4,1
ICU_04043,67,1,25.0,114.2,121.6,53.1,25.6,100.0,185.2,0.7,11.31,13,1,2,0
ICU_05070,40,1,41.9,100.1,162.0,58.6,21.5,95.0,133.9,4.41,11.35,21,0,3,1
ICU_03798,44,0,29.0,99.9,76.3,78.7,11.1,97.7,137.1,1.48,1.96,12,1,0,0
ICU_01896,57,0,,75.9,120.3,61.7,,,239.4,,,12,0,0,1
ICU_04094,84,0,,82.6,134.1,93.7,,,145.5,,,14,1,0,0
ICU_05980,44,0,23.4,103.2,105.1,87.7,6.7,94.1,177.6,0.3,1.04,4,1,0,1
ICU_03811,69,1,26.9,82.5,116.2,104.5,21.8,85.9,58.9,0.3,11.83,3,1,0,1
ICU_05473,52,0,28.6,77.3,88.4,35.7,10.8,97.8,197.0,0.48,21.1,3,0,0,1
ICU_01594,19,1,33.8,91.2,89.8,87.1,15.4,87.8,166.6,1.8,10.25,22,1,2,1
ICU_03768,73,1,23.3,108.6,127.5,85.1,10.7,91.5,78.9,4.26,12.61,6,0,2,0
ICU_03246,69,0,28.8,110.8,75.1,70.9,17.1,96.8,129.3,3.28,11.91,10,0,2,1
ICU_02941,53,0,20.1,104.6,94.0,102.7,13.6,95.9,98.9,0.3,1.0,5,1,1,1
ICU_03996,24,0,23.1,81.5,101.1,75.9,16.5,99.0,161.8,0.3,11.98,21,0,5,1
ICU_04642,57,1,,95.4,113.9,77.6,,,61.6,,,12,0,1,1
ICU_02410,76,0,28.6,93.0,177.3,55.2,26.4,95.4,197.2,0.49,37.42,19,1,2,1
ICU_05310,57,0,30.1,90.9,130.3,61.4,26.9,93.2,120.6,3.04,1.0,14,0,3,0
ICU_04095,43,0,24.7,80.8,95.7,45.6,13.3,95.6,141.8,0.3,13.49,8,1,0,1
ICU_05960,47,1,29.2,81.9,93.8,74.6,12.6,96.9,72.2,0.37,3.51,12,0,2,1
ICU_03309,61,1,29.6,104.1,108.8,56.9,21.6,91.9,152.8,0.3,2.66,1,0,3,1
ICU_02165,43,0,32.8,94.7,137.3,58.1,8.6,99.9,59.5,0.67,5.83,10,1,0,1
ICU_04835,63,0,29.7,93.2,78.9,35.8,6.0,95.3,82.2,0.57,7.08,6,1,4,1
ICU_01750,18,1,27.0,100.6,128.2,86.1,20.1,94.4,195.7,5.63,8.11,4,1,2,1
ICU_05866,50,1,37.3,79.7,99.3,60.1,23.3,89.5,174.8,0.3,7.94,16,0,1,1
ICU_04658,66,0,50.6,64.2,92.6,51.3,23.7,92.8,220.3,0.78,1.0,4,0,2,1
ICU_01686,53,1,24.1,33.1,80.8,82.2,12.3,100.0,110.0,0.32,1.0,22,1,0,1
ICU_DUP_0031,37,0,28.5,82.8,106.6,78.2,18.7,96.0,236.9,3.73,4.82,3,1,2,0
ICU_DUP_0067,30,0,27.2,109.4,106.5,96.2,10.3,92.4,148.5,1.1,17.42,18,0,4,0
ICU_05267,52,0,41.6,118.3,96.4,70.9,11.4,86.7,153.4,2.74,29.54,13,0,0,1
ICU_03594,84,1,21.0,110.3,110.7,77.1,20.4,98.3,101.5,0.55,7.31,23,1,2,1
ICU_01091,61,1,28.0,91.9,104.1,84.4,14.3,89.3,143.1,1.84,4.68,21,0,1,1
ICU_04889,73,1,,59.0,94.9,75.2,,,217.3,,,3,0,1,0
ICU_03985,24,0,16.6,86.0,127.6,61.5,13.5,100.0,147.7,1.77,,18,1,1,1
ICU_02050,76,1,,93.8,120.9,68.2,,,191.7,,,18,1,2,0
ICU_02311,94,0,21.9,85.0,134.2,101.7,24.9,96.8,100.9,1.73,18.95,14,1,0,0
ICU_01123,41,1,20.8,107.8,130.2,64.3,9.0,92.2,108.7,1.36,16.58,6,0,1,1
ICU_04111,48,0,,112.9,78.7,77.5,,,236.1,,,20,1,4,1
ICU_03038,44,1,20.8,75.1,108.0,34.1,27.0,96.8,176.5,0.7,24.43,17,0,0,1
ICU_03487,73,0,,93.3,117.1,56.8,,,105.2,,,10,1,2,1
ICU_04601,78,0,20.0,88.1,162.2,90.9,21.4,95.5,70.0,2.04,1.91,1,0,1,1
ICU_05602,58,1,25.4,67.7,103.5,55.2,6.0,96.8,135.8,1.39,1.33,3,1,0,1
ICU_05998,70,0,27.0,52.5,126.7,53.0,13.0,95.5,228.0,0.3,14.93,6,1,3,1
ICU_04114,91,1,28.1,137.5,119.7,64.9,16.7,83.3,229.0,2.06,19.03,11,0,1,1
ICU_05638,55,0,,105.3,141.1,75.1,20.5,96.4,40.0,,,7,0,1,1
ICU_00598,54,0,23.4,68.3,144.3,62.3,10.8,100.0,60.9,0.3,7.45,12,1,2,0
ICU_01807,71,0,16.2,97.2,137.5,84.5,7.8,90.3,95.4,0.36,1.02,19,1,0,1
ICU_04480,40,1,32.3,104.7,135.5,34.6,15.2,91.7,171.4,2.27,9.82,3,0,2,1
ICU_02962,52,1,22.1,97.5,96.1,87.7,19.3,85.0,45.2,1.0,2.28,6,1,2,0
ICU_04477,75,0,32.8,79.0,122.5,94.3,19.8,96.7,161.0,2.5,20.17,2,0,0,0
ICU_05569,44,0,20.7,80.2,82.2,118.3,8.1,90.9,94.9,3.68,,0,1,0,1
ICU_01906,33,1,30.4,50.5,165.4,83.6,15.6,89.1,103.4,1.29,10.93,23,1,2,1
ICU_00491,88,1,22.9,42.7,141.0,94.5,17.0,91.4,74.2,0.3,9.47,17,0,2,0
ICU_05416,55,1,32.6,593.6476123882301,1315.3327321948084,30.0,15.1,90.2,1239.8919076047266,2.962469115413929,4.13,17,1,2,1
ICU_03256,46,0,21.6,71.5,80.1,54.9,27.3,82.6,155.6,1.76,2.67,3,0,1,1
ICU_02862,42,1,21.7,107.8,115.2,56.2,26.5,95.3,235.0,1.69,,18,1,4,1
ICU_03192,95,0,30.6,91.3,107.2,57.3,15.9,94.4,62.9,1.28,11.21,5,0,0,1
ICU_03523,91,0,21.5,94.3,145.2,71.5,9.1,88.3,167.1,0.34,12.63,2,1,2,1
ICU_02321,76,1,31.8,87.3,108.9,87.0,10.5,92.2,84.8,0.3,8.83,9,0,0,1
ICU_04435,74,1,25.3,710.3041761398857,800.2278709978957,68.7,22.6,93.7,1063.9945175512657,2.4984524065523193,8.24,3,1,0,0
ICU_01987,71,0,27.6,84.8,112.2,78.8,29.7,91.4,180.3,0.39,10.44,7,1,2,0
ICU_00773,79,0,21.3,123.9,96.5,58.8,22.8,94.3,96.7,0.32,16.83,17,0,4,1
ICU_01033,73,0,31.1,90.7,142.1,74.7,7.3,95.3,48.9,7.2,6.33,22,0,2,1
ICU_02235,75,1,,62.9,99.6,60.2,,,184.4,,,16,0,1,1
ICU_01082,56,0,24.0,100.5,71.0,59.2,18.8,99.6,201.2,1.33,4.67,10,0,0,1
ICU_01191,37,1,22.8,86.7,100.1,46.7,8.8,90.8,151.5,3.51,6.32,5,0,1,1
ICU_01513,28,1,20.7,103.3,130.3,80.4,12.7,100.0,152.5,0.3,7.29,24,0,5,1
ICU_00393,94,1,22.9,90.6,85.7,77.4,9.6,95.0,201.4,3.19,2.82,19,0,0,1
ICU_00079,26,0,22.6,74.6,86.6,61.4,19.0,86.5,102.3,0.83,8.94,11,0,1,1
ICU_04443,74,0,,79.4,156.6,66.2,,,143.6,,,16,0,5,0
ICU_04725,18,1,38.7,95.2,119.6,102.2,10.6,100.0,142.5,1.16,,16,0,1,1
ICU_02388,78,1,32.6,88.1,149.3,79.4,23.7,96.3,220.8,0.56,6.42,11,0,0,0
ICU_00791,65,1,19.5,62.1,103.6,70.3,25.1,89.5,134.3,0.3,3.76,4,0,2,1
ICU_05359,57,1,42.5,71.7,141.5,65.1,17.3,97.8,40.0,1.59,4.97,22,0,1,0
ICU_04033,18,1,24.5,104.3,128.9,72.8,16.0,96.2,76.9,0.3,21.27,17,1,1,0
ICU_02568,77,1,,90.1,143.8,69.8,,,138.5,,,20,0,4,1
ICU_00877,66,1,30.2,75.4,99.9,96.5,15.6,88.1,40.0,1.7,1.0,4,0,1,1
ICU_00435,63,1,28.8,50.9,94.7,53.9,11.5,95.6,154.0,1.45,8.91,20,1,2,1
ICU_05643,86,0,28.8,107.7,111.3,58.7,24.0,93.9,249.6,0.37,1.4,22,1,1,0
ICU_04510,40,1,31.5,95.8,143.8,43.5,10.1,95.6,244.5,1.12,17.79,3,1,2,1
ICU_01407,89,0,30.4,101.1,73.5,94.8,8.7,100.0,146.7,1.93,5.92,1,1,1,1
ICU_04424,45,1,9.8,64.4,99.9,57.3,6.6,91.7,52.2,2.01,2.51,23,0,0,1
ICU_00485,36,1,,74.8,178.3,58.3,,,119.7,,,19,1,1,1
ICU_04272,37,1,23.7,82.2,112.4,65.3,24.6,100.0,96.5,0.98,4.19,4,1,3,0
ICU_05780,39,1,26.8,99.5,88.5,88.0,22.6,100.0,168.2,3.52,50.0,9,1,0,1
ICU_02152,62,1,,72.3,181.9,62.9,,,191.2,,,15,1,3,1
ICU_00141,85,1,20.3,76.0,127.6,107.1,18.7,96.3,71.5,3.44,4.02,14,1,3,1
ICU_02821,77,1,32.8,81.4,84.6,53.2,18.7,89.3,71.0,0.34,4.97,21,0,0,0
ICU_04618,61,0,20.2,105.7,143.7,52.1,21.5,89.2,143.6,2.1,,6,1,2,0
ICU_04785,56,1,19.7,111.6,124.2,85.2,22.7,86.3,77.5,0.8,16.9,15,1,2,0
ICU_03641,58,1,30.9,99.8,81.2,49.5,21.1,98.8,149.7,0.73,5.52,22,0,2,1
ICU_01103,59,0,21.6,106.6,99.9,52.4,16.3,94.0,93.7,1.43,11.66,20,0,2,0
ICU_05875,44,0,,93.3,112.5,71.8,,,289.7,,,22,1,1,0
ICU_03704,59,1,30.8,77.2,116.3,94.2,12.4,93.0,255.6,0.51,10.68,10,1,2,1
ICU_01371,92,0,28.8,112.6,93.1,69.0,16.4,100.0,130.9,0.35,4.8,14,0,5,0
ICU_02054,37,0,30.3,68.9,115.6,45.7,12.6,100.0,149.1,2.41,9.26,2,0,0,1
ICU_01274,83,0,18.0,93.5,85.7,73.8,24.7,90.3,95.8,0.86,15.67,9,1,0,0
ICU_00904,65,1,33.9,94.6,106.7,86.6,15.4,96.2,137.2,0.57,1.56,8,1,0,1
ICU_00526,32,1,23.2,58.9,163.2,77.5,20.6,90.2,60.4,3.65,5.23,15,0,2,0
ICU_05176,38,1,31.0,77.2,151.3,63.4,14.0,90.3,189.1,2.45,16.17,5,0,2,1
ICU_04073,59,0,37.2,56.0,136.9,56.7,22.3,96.5,109.7,1.94,2.86,0,1,0,1
ICU_00162,82,1,19.6,96.4,122.7,101.6,25.9,80.2,40.0,0.51,6.75,15,1,2,0
ICU_00043,56,0,,89.5,71.0,83.8,26.4,88.7,43.7,,,5,0,2,1
ICU_02110,52,0,,117.2,144.2,71.0,,,193.1,,,22,0,0,1
ICU_00619,66,0,34.0,108.4,140.0,53.6,26.1,92.7,131.3,0.6,13.41,10,0,0,1
ICU_05479,81,1,18.8,68.2,157.6,69.8,18.2,100.0,103.0,1.55,19.58,13,1,5,0
ICU_02299,34,0,21.7,72.5,95.4,83.9,26.6,98.4,81.5,0.3,15.26,19,0,1,1
ICU_04442,71,0,20.4,83.4,95.1,77.3,23.0,96.8,171.6,0.5,7.93,12,1,0,0
ICU_02031,44,0,26.3,76.2,164.7,123.2,24.3,91.5,122.1,0.66,27.75,8,1,1,1
ICU_04513,45,1,31.2,87.9,130.9,71.4,7.9,95.6,100.5,1.38,25.8,21,1,2,0
ICU_04149,66,1,21.7,85.2,100.2,80.4,12.7,97.1,144.6,1.54,13.39,5,1,2,1
ICU_04323,42,1,,78.9,161.9,74.6,,,104.4,,,3,1,1,1
ICU_05871,65,1,15.2,96.7,93.4,76.6,14.9,90.4,93.7,1.33,10.07,19,0,2,0
ICU_04037,58,0,28.7,84.7,91.1,69.3,24.0,100.0,119.7,1.19,5.47,5,0,3,0
ICU_03162,53,1,25.8,76.9,80.0,50.0,17.0,95.4,152.0,2.7,15.16,12,1,1,1
ICU_05061,80,0,35.9,54.5,88.1,62.4,6.0,93.8,170.3,0.72,1.21,4,1,1,0
ICU_01834,50,0,32.4,85.6,102.7,61.9,9.8,98.3,121.1,0.3,2.26,23,0,3,1
ICU_04409,77,1,36.4,71.7,122.8,64.2,21.4,96.8,246.2,0.8,15.73,15,0,0,0
ICU_05803,94,0,39.2,55.5,184.1,93.2,22.0,99.0,168.3,0.3,18.94,12,1,0,0
ICU_04941,58,1,22.3,106.5,64.8,93.6,24.4,87.8,193.0,1.87,8.6,9,1,1,0
ICU_03830,58,1,,101.3,88.9,78.7,,,108.4,,,11,0,1,0
ICU_00495,71,0,,113.0,82.2,69.2,,,207.9,,,4,0,1,1
ICU_05795,60,1,28.8,99.9,139.4,39.0,7.6,97.7,102.7,0.31,5.94,21,1,0,1
ICU_02784,53,1,36.2,67.0,105.9,51.2,16.7,89.9,270.7,1.69,16.57,21,0,0,1
ICU_02058,66,0,23.1,87.9,60.3,84.1,18.6,96.1,104.9,0.75,6.97,18,1,4,1
ICU_02279,70,1,39.8,55.3,135.0,67.7,6.0,88.4,137.6,3.36,15.6,9,0,0,1
ICU_02870,50,1,25.0,63.7,111.7,64.8,18.7,89.7,199.1,0.35,13.46,5,0,0,0
ICU_04931,22,0,39.7,96.5,73.3,88.0,10.4,100.0,153.5,0.96,12.86,8,0,1,1
ICU_01590,42,1,20.7,93.7,105.8,89.8,16.0,96.6,172.6,1.03,29.11,22,1,2,0
ICU_05286,40,0,26.3,93.5,158.2,55.2,23.6,97.9,221.9,0.47,26.1,19,1,2,1
ICU_03410,49,0,31.0,63.5,99.3,55.6,11.6,99.7,56.0,2.38,11.22,12,0,1,1
ICU_03718,58,0,31.8,84.0,111.6,57.1,19.1,94.8,222.0,0.49,11.85,20,0,2,1
ICU_04476,53,0,22.4,89.8,107.5,84.0,25.9,96.0,173.7,1.0,15.0,8,0,1,1
ICU_03702,45,0,35.3,84.3,118.3,36.7,20.2,100.0,231.1,2.59,,20,0,1,1
ICU_01261,63,0,17.8,99.8,111.6,73.5,12.5,85.5,202.2,0.3,8.57,14,0,1,0
ICU_01717,65,1,21.8,84.0,87.8,79.8,28.4,100.0,152.0,0.3,1.96,8,1,0,1
ICU_01275,64,0,34.6,69.1,106.7,72.9,9.6,100.0,147.1,2.09,1.0,20,0,2,1
ICU_01899,56,1,31.8,58.3,105.9,84.5,12.8,97.5,172.6,0.96,12.3,19,0,3,0
ICU_00108,66,0,36.1,74.6,110.1,75.6,27.8,92.0,204.5,0.55,16.41,15,0,0,1
ICU_04105,66,0,,54.7,98.5,92.9,,,170.4,,,23,1,0,0
ICU_04917,55,1,31.3,59.5,134.9,68.6,19.4,86.2,40.0,1.15,37.54,2,1,3,1
ICU_04385,54,0,,88.4,93.9,75.4,,,153.5,,,3,1,5,0
ICU_01539,18,0,28.6,86.9,102.1,38.9,18.4,95.6,192.7,3.4,2.06,8,0,1,0
ICU_03465,37,0,22.7,96.3,109.6,61.5,13.4,94.9,176.7,0.58,21.62,6,0,1,1
ICU_00360,71,0,30.4,95.4,95.2,50.9,16.1,95.3,143.2,1.41,20.94,10,0,2,0
ICU_02861,70,1,26.5,106.9,116.1,69.3,37.3,97.6,113.0,0.58,8.05,14,1,1,0
ICU_02528,95,0,26.2,80.8,147.9,75.8,23.9,97.6,81.8,1.0,15.89,0,1,3,1
ICU_01712,22,0,27.7,114.8,106.8,81.8,19.4,92.0,81.1,0.37,14.63,20,0,3,1
ICU_02063,60,1,16.8,69.7,139.1,87.9,20.2,90.5,206.6,1.15,,16,0,5,0
ICU_02489,27,1,21.4,82.4,124.8,85.4,17.4,100.0,127.7,0.3,11.91,10,0,1,1
ICU_04806,48,0,,68.4,158.7,75.9,,,72.9,,,10,1,4,1
ICU_00395,53,1,35.5,109.0,120.2,85.9,19.5,100.0,166.7,2.38,8.23,9,0,1,1
ICU_00802,63,0,19.9,97.0,138.5,109.0,10.0,100.0,79.1,2.19,1.37,23,0,2,0
ICU_02059,65,0,23.7,101.5,79.5,75.6,15.3,89.5,132.9,0.3,2.37,13,0,2,1
ICU_00839,58,1,28.3,81.8,139.6,75.6,26.8,100.0,119.4,2.27,4.6,23,0,5,0
ICU_00130,34,1,20.7,71.4,114.9,46.4,16.6,92.7,224.1,0.3,5.84,23,1,1,1
ICU_02798,55,0,23.5,55.7,124.1,78.4,18.3,89.0,193.4,0.84,1.0,4,0,0,1
ICU_04911,85,1,27.9,61.5,110.3,79.7,21.1,87.9,176.4,0.52,11.73,9,0,1,0
ICU_00145,76,0,,85.4,120.5,46.3,,,117.2,,,7,1,2,1
ICU_03281,62,0,,99.4,126.3,76.3,,,202.5,,,14,0,0,1
ICU_03452,59,1,37.7,93.8,104.3,50.7,13.7,96.0,198.0,2.02,1.0,21,1,1,1
ICU_03663,67,0,17.8,139.2,100.4,69.1,19.6,94.1,136.0,0.3,20.04,17,1,4,0
ICU_03820,54,0,21.1,106.4,125.4,69.0,24.8,100.0,53.1,0.75,18.54,11,1,2,1
ICU_05639,66,0,28.0,88.0,96.9,68.9,20.4,93.4,206.9,1.04,,21,1,2,0
ICU_00767,93,0,22.9,96.3,127.8,70.3,12.3,95.5,69.0,0.32,27.61,24,0,2,0
ICU_04600,58,0,22.8,132.5,75.0,93.0,28.5,92.4,192.6,1.29,6.99,0,0,4,0
ICU_02061,59,1,30.7,115.1,123.9,98.7,22.6,95.8,213.5,1.13,1.0,7,0,0,1
ICU_04340,78,1,12.3,110.4,185.3,54.6,18.3,88.9,142.9,0.66,3.21,6,0,0,1
ICU_03520,71,0,27.2,74.7,96.8,66.9,18.3,87.1,174.1,1.96,28.46,11,0,4,1
ICU_05945,77,0,17.5,62.6,95.0,82.4,20.4,98.2,95.2,0.3,4.38,9,1,0,0
ICU_02112,62,1,29.1,76.2,97.2,83.5,19.7,94.1,130.4,1.22,33.92,8,1,4,0
ICU_00822,95,0,22.1,59.4,60.0,81.2,6.0,100.0,174.0,1.31,1.0,11,0,3,1
ICU_00615,64,1,36.4,104.2,102.7,78.5,21.2,93.3,40.0,1.66,12.86,20,1,4,0
ICU_04469,68,1,37.2,110.1,110.0,77.4,16.6,100.0,200.4,2.38,2.26,20,0,1,1
ICU_04521,81,1,19.5,80.2,125.8,55.2,18.7,94.5,183.4,0.52,13.32,2,0,1,1
ICU_02993,58,0,26.2,116.2,120.3,38.2,15.3,90.8,54.5,0.3,5.6,14,1,1,1
ICU_04271,52,1,17.9,95.8,100.7,85.8,14.4,98.4,149.3,1.49,2.57,17,0,3,1
ICU_00163,47,1,,104.7,154.2,77.1,,,99.2,,,21,0,0,1
ICU_05161,24,0,20.4,77.5,120.1,78.0,11.1,100.0,144.3,5.34,20.47,15,1,0,1
ICU_00945,42,0,34.0,74.6,118.6,86.4,20.3,100.0,201.5,0.3,1.0,17,1,2,1
ICU_00618,70,0,38.0,119.5,108.2,82.9,13.9,99.3,114.4,0.74,3.54,21,1,2,0
ICU_01851,93,0,29.2,81.6,128.1,62.8,12.7,91.5,177.6,0.3,12.83,24,1,3,1
ICU_05776,70,0,,91.3,130.7,78.7,,,108.6,,,16,0,2,1
ICU_04993,72,1,14.0,69.2,133.3,77.6,6.6,97.8,169.4,0.86,2.9,10,0,1,0
ICU_00461,62,1,26.2,67.7,80.5,83.2,25.2,93.3,142.0,3.3,22.05,20,0,4,0
ICU_04926,53,0,39.3,70.4,129.8,107.8,14.0,92.6,148.1,0.3,1.1,6,1,0,1
ICU_03138,70,1,13.7,92.0,97.2,93.9,15.8,96.7,40.0,2.49,3.76,13,0,2,1
ICU_02544,95,0,24.1,97.3,79.6,67.4,13.9,96.3,196.0,1.39,8.68,4,1,3,0
ICU_00225,81,1,30.4,82.1,107.1,65.9,11.8,100.0,225.9,1.06,1.94,10,1,1,1
ICU_04728,90,0,,106.0,155.8,63.6,,,54.7,,,11,1,1,1
ICU_02877,49,1,23.0,80.4,65.6,88.1,22.2,87.2,148.8,1.47,8.32,1,1,4,1
ICU_05937,33,1,,104.9,84.1,92.6,,,210.6,,,16,0,3,1
ICU_01303,48,1,,106.4,116.0,66.5,,,123.8,,,10,1,2,1
ICU_03647,65,1,30.1,44.3,109.9,58.4,19.5,100.0,187.1,1.6,17.06,20,0,1,0
ICU_05815,74,1,30.7,91.1,139.8,67.0,18.2,90.5,79.8,1.06,1.0,23,0,1,1
ICU_02396,45,1,29.6,116.7,108.0,48.5,7.0,98.3,77.7,1.08,1.21,9,0,0,1
ICU_02496,56,1,34.2,91.4,77.4,102.1,19.5,90.2,124.2,1.27,3.72,15,1,2,1
ICU_05387,34,1,24.4,75.0,160.8,89.1,17.9,93.2,74.8,2.33,1.44,17,0,2,1
ICU_03443,90,0,33.5,110.2,88.1,66.7,8.1,94.9,135.4,2.71,1.06,12,1,1,1
ICU_04479,80,1,22.5,92.4,114.3,54.9,15.7,92.2,82.5,1.45,3.98,19,1,2,1
ICU_DUP_0060,43,0,31.8,64.5,121.0,38.6,14.6,92.0,248.7,2.49,15.92,13,1,0,1
ICU_02762,78,0,28.0,90.9,102.6,91.6,23.6,91.9,159.6,2.0,11.48,5,0,2,0
ICU_02115,52,1,22.3,105.8,119.1,72.7,18.4,100.0,184.2,2.85,40.56,19,0,1,1
ICU_02711,89,0,21.9,91.6,107.5,59.3,23.9,87.3,158.1,1.3,2.79,18,1,1,0
ICU_00696,67,0,18.3,77.3,72.4,49.3,8.3,93.3,100.4,3.56,8.03,14,1,0,1
ICU_03142,60,0,19.2,95.4,126.0,98.8,12.6,97.5,43.0,1.33,24.42,0,0,0,1
ICU_00826,90,1,35.4,83.7,129.3,79.7,15.3,84.6,126.7,0.3,28.05,20,0,0,1
ICU_03087,83,1,,62.0,174.3,91.9,,,111.4,,,18,1,0,0
ICU_00373,79,0,42.8,678.8906591823095,1159.0349193304269,64.2,27.8,95.9,846.661434243749,6.993220253233428,5.47,14,1,0,1
ICU_00490,61,0,25.5,64.8,92.5,81.9,15.6,92.3,121.5,0.55,1.0,7,0,3,1
ICU_05249,69,1,16.9,100.5,102.8,66.8,18.5,96.2,259.7,1.98,11.22,1,0,0,1
ICU_00127,51,1,33.1,72.7,141.8,57.4,22.7,97.9,238.7,0.3,4.87,21,0,3,1
ICU_05094,59,1,31.4,83.9,131.2,70.7,10.0,95.3,112.6,3.45,,0,1,2,0
ICU_03446,59,1,27.9,92.3,76.4,69.6,18.0,91.2,116.0,1.57,10.24,2,0,1,1
ICU_02094,80,1,26.5,69.2,135.2,64.1,20.9,100.0,126.8,1.47,17.39,14,0,2,1
ICU_00977,18,1,15.0,91.2,85.7,115.2,19.1,92.6,105.1,0.41,1.0,10,0,3,1
ICU_01700,68,0,27.1,88.2,191.1,71.1,21.3,100.0,171.0,0.3,4.39,16,0,0,1
ICU_02834,57,1,25.8,78.7,123.1,39.0,19.1,93.1,291.1,3.09,2.4,3,0,1,1
ICU_03455,95,1,44.9,100.7,102.8,71.6,21.0,96.6,109.3,0.9,3.34,9,0,2,1
ICU_05514,83,0,38.3,112.7,75.3,57.2,21.8,92.3,250.3,0.77,16.95,22,1,1,0
ICU_05192,72,1,,110.1,104.9,47.5,,,161.0,,,15,0,0,1
ICU_02984,32,0,,60.9,106.3,74.1,,,111.6,,,2,0,4,1
ICU_04076,55,1,33.0,76.0,154.6,119.3,18.7,100.0,210.0,0.59,3.72,0,0,1,0
ICU_00069,50,1,,127.9,68.3,79.4,,,131.3,,,12,0,2,1
ICU_02132,74,0,23.9,62.2,116.5,54.8,17.1,90.5,73.8,1.76,20.66,1,1,5,0
ICU_DUP_0025,54,0,27.6,96.7,63.2,61.0,18.2,100.0,105.4,2.32,1.57,11,0,3,1
ICU_01526,95,1,18.1,99.9,161.7,47.9,15.3,93.2,40.0,3.98,26.29,21,0,0,0
ICU_02009,78,1,20.2,66.3,60.0,81.1,21.6,96.8,196.1,1.12,25.99,11,0,0,1
ICU_04077,25,1,32.2,65.1,82.1,87.0,17.1,83.8,149.6,0.96,1.0,7,0,1,1
ICU_05321,40,1,19.3,44.0,154.8,72.0,17.1,87.6,125.6,0.3,5.78,8,0,4,1
ICU_00524,48,1,25.9,98.2,143.3,42.4,6.1,91.5,56.0,0.35,29.24,7,1,1,1
ICU_03056,52,1,22.0,57.4,65.2,83.5,25.7,85.7,135.1,0.42,3.04,17,0,1,0
ICU_04636,71,0,16.1,80.3,97.1,80.0,10.4,97.1,180.2,1.18,1.0,3,0,0,1
ICU_05774,67,1,27.6,87.8,129.1,77.7,19.5,97.4,158.8,1.03,14.7,5,0,1,1
ICU_04238,88,1,24.0,116.7,144.1,65.1,14.2,93.4,133.9,3.76,15.61,20,0,2,1
ICU_01961,67,1,27.2,71.6,175.6,74.6,25.2,92.7,123.8,0.99,,3,1,1,1
ICU_01125,41,1,39.3,95.9,149.7,70.5,6.0,92.3,171.3,0.3,15.78,20,1,1,0
ICU_05123,60,0,31.3,54.9,146.4,43.8,21.3,98.9,176.1,0.63,5.05,14,0,1,1
ICU_03304,81,0,50.1,114.6,118.3,92.3,26.3,87.6,144.6,1.14,,6,1,1,1
ICU_01126,67,0,30.5,81.1,119.1,94.4,18.0,94.4,149.1,0.48,27.4,9,0,5,1
ICU_00363,69,1,20.3,62.3,147.5,55.8,26.3,90.4,113.4,2.16,10.02,4,1,0,1
ICU_02736,55,1,17.4,73.9,98.9,49.5,21.0,96.1,151.8,0.3,12.88,15,0,0,1
ICU_04888,66,1,21.2,84.8,118.3,89.9,20.5,95.6,40.0,1.77,4.45,0,1,0,1
ICU_05144,78,0,19.5,94.0,98.6,107.7,13.7,91.6,60.5,2.28,20.7,18,1,1,0
ICU_03273,74,0,,93.4,94.5,62.6,,,219.1,,,10,0,0,1
ICU_01390,70,0,33.4,121.3,100.4,75.4,15.6,94.0,210.5,0.3,7.43,19,0,0,1
ICU_01457,68,1,31.4,55.7,111.4,100.0,9.0,100.0,153.4,1.01,3.68,19,1,0,0
ICU_02470,81,0,,74.8,88.1,78.2,,,161.8,,,5,0,2,1
ICU_02745,56,1,31.4,80.8,159.6,88.0,25.9,100.0,183.2,0.3,1.34,1,1,1,0
ICU_05704,55,0,35.0,68.5,72.5,65.2,12.4,100.0,178.2,0.53,5.4,21,0,0,1
ICU_01167,72,0,42.2,87.4,100.3,56.8,13.7,94.3,181.1,1.51,4.11,14,0,4,1
ICU_00504,50,1,25.7,477.7182557095722,776.2790417528755,50.0,15.9,94.9,1415.3063985489089,2.671258094842163,1.07,5,0,2,1
ICU_02108,56,0,36.9,124.2,98.3,51.3,22.6,99.2,73.0,4.34,1.89,20,0,4,0
ICU_01110,58,1,,98.4,100.2,72.7,,,101.6,,,11,0,3,1
ICU_02599,53,0,19.9,98.2,125.2,85.6,17.7,100.0,168.3,0.45,1.0,17,0,0,0
ICU_01805,33,0,31.1,91.7,104.0,48.3,29.8,97.9,143.3,1.03,13.65,19,0,0,1
ICU_02794,61,0,30.6,107.1,92.1,53.1,8.8,94.3,168.6,1.08,1.0,7,0,0,0
ICU_03082,26,1,32.6,79.8,87.7,50.0,22.6,94.6,215.0,1.21,1.73,24,1,4,1
ICU_03139,57,1,,93.5,162.7,94.0,,,125.7,,,12,1,0,1
ICU_00510,66,0,39.8,96.5,123.7,72.8,32.3,91.7,118.5,0.3,2.08,19,0,3,0
ICU_03739,37,0,18.2,114.4,81.6,79.9,19.5,90.7,104.7,1.49,8.08,2,1,2,1
ICU_DUP_0010,74,1,20.8,129.6,137.1,82.0,16.5,87.7,136.7,0.3,1.75,20,0,0,0
ICU_01477,69,0,,80.9,91.9,108.0,,,163.8,,,17,0,3,0
ICU_03211,40,0,29.2,110.7,69.1,86.7,12.1,93.6,56.3,0.69,7.33,10,0,1,0
ICU_DUP_0058,65,1,29.2,88.6,92.8,70.6,17.1,94.7,154.9,0.83,15.48,2,1,1,0
ICU_02757,48,0,31.8,65.9,130.0,93.4,9.4,96.2,141.1,1.06,12.54,13,1,0,0
ICU_03879,58,0,35.7,114.0,81.3,46.2,24.9,91.5,40.0,1.14,10.43,11,0,0,0
ICU_01395,65,0,24.9,89.9,160.5,62.5,25.8,93.7,231.2,0.87,2.11,15,0,5,0
ICU_05611,93,0,28.7,85.0,94.7,58.9,33.7,100.0,80.9,2.4,,9,1,0,0
ICU_05916,76,1,46.3,108.3,117.3,58.6,21.8,91.1,82.3,3.14,12.08,23,0,4,0
ICU_01429,57,1,24.4,98.0,144.6,100.1,27.4,100.0,128.5,2.45,1.0,15,0,0,1
ICU_01242,51,1,16.1,102.2,71.7,98.6,13.2,94.8,115.6,1.42,10.88,9,0,2,1
ICU_00196,46,0,30.0,62.2,128.8,49.5,20.2,100.0,153.2,0.31,16.97,7,0,0,0
ICU_05139,50,1,23.6,85.0,126.5,81.6,20.2,100.0,122.6,0.59,22.53,18,1,3,1
ICU_01980,44,0,31.4,84.6,170.7,84.4,19.2,91.9,150.9,1.71,4.54,16,1,0,1
ICU_00899,47,1,28.5,100.6,138.1,84.9,10.4,89.8,135.8,0.3,1.0,11,0,0,1
ICU_00010,53,1,14.8,99.1,174.3,66.9,15.7,99.9,156.9,0.44,2.52,8,0,3,0
ICU_01713,77,1,32.0,75.0,155.3,92.4,26.7,97.6,142.9,0.3,,14,1,0,0
ICU_05684,51,1,,61.3,108.9,94.5,,,87.3,,,9,1,2,1
ICU_04329,54,0,33.4,72.8,129.4,87.8,14.4,94.8,40.4,0.3,12.05,2,0,2,1
ICU_04267,26,1,20.1,87.8,94.8,85.5,13.4,99.9,113.6,0.62,,4,0,0,1
ICU_00550,63,0,22.6,94.5,104.1,58.6,10.5,82.0,172.8,1.34,2.66,12,0,2,0
ICU_03858,48,0,23.6,91.7,135.8,87.6,23.8,98.3,205.4,0.83,8.35,2,0,1,0
ICU_02859,65,0,,107.4,149.7,84.2,,,126.1,,,22,1,1,0
ICU_01253,68,1,15.0,99.5,169.1,85.4,27.8,90.7,52.9,2.73,32.8,23,0,3,0
ICU_00233,50,0,26.1,111.7,152.3,89.3,16.6,85.6,114.5,4.1,50.0,5,0,1,0
ICU_03771,53,0,24.6,149.8,78.5,65.5,15.5,95.6,40.0,1.05,3.48,18,0,1,1
ICU_04302,44,1,24.3,75.4,112.2,78.7,13.7,97.9,151.3,3.41,2.4,12,0,3,0
ICU_02827,60,0,19.1,125.0,84.0,73.3,21.2,92.7,180.5,1.89,1.54,20,1,1,1
ICU_00519,75,1,26.7,67.0,134.1,49.6,16.9,90.9,99.2,0.51,4.46,19,0,2,1
ICU_00746,65,0,,95.9,116.0,44.8,,,50.5,,,8,1,3,0
ICU_01994,68,0,20.4,67.1,122.3,46.5,6.1,100.0,197.9,0.3,16.81,14,0,0,1
ICU_00159,73,0,18.7,68.7,106.2,56.3,8.3,97.3,112.9,0.37,9.52,12,1,2,0
ICU_00582,73,1,30.2,116.6,129.9,32.7,13.3,85.2,209.2,1.1,34.9,8,0,5,0
ICU_02360,43,1,25.3,68.8,106.7,63.3,18.3,100.0,148.5,1.54,1.68,20,1,2,0
ICU_05968,68,0,39.9,118.9,117.8,81.2,15.8,96.9,213.9,0.36,37.24,3,0,0,0
ICU_05113,36,0,,46.8,118.9,73.8,,,189.1,,,11,0,0,0
ICU_02328,74,1,48.1,688.4362880366458,897.3440045345363,88.0,6.0,91.5,1026.246778645848,6.714866772515062,1.0,4,1,2,0
ICU_02038,61,1,21.7,98.0,152.7,84.7,21.7,89.8,146.7,1.16,2.63,21,0,1,0
ICU_04880,79,0,39.9,125.6,97.1,38.7,28.1,98.0,177.3,0.3,1.16,9,0,2,1
ICU_04504,58,0,29.1,80.3,145.6,95.0,18.4,95.2,230.5,1.52,24.51,20,0,1,1
ICU_05779,74,0,30.0,106.1,114.5,92.0,15.6,94.7,103.9,0.42,3.88,6,1,1,1
ICU_01642,60,0,25.9,115.1,120.9,70.5,21.9,86.4,194.0,1.08,8.53,8,0,1,0
ICU_02593,63,0,23.9,102.1,103.1,69.7,18.8,97.9,85.9,0.3,7.77,4,1,0,1
ICU_02664,70,1,29.5,84.4,92.2,86.8,10.1,100.0,133.3,0.3,7.06,9,1,3,1
ICU_01890,71,1,,101.5,141.5,63.0,,,147.5,,,21,0,1,1
ICU_01010,85,0,23.5,105.1,121.5,67.8,23.0,84.5,67.4,0.3,7.32,11,1,3,0
ICU_05150,95,0,31.3,97.1,122.3,93.4,13.7,100.0,110.4,0.3,5.51,7,0,2,1
ICU_03544,86,0,26.6,97.6,66.5,56.5,13.6,90.9,133.0,0.39,1.0,14,0,4,0
ICU_05646,51,0,25.5,101.4,91.1,73.4,8.0,97.5,83.5,4.83,11.05,17,0,2,1
ICU_00086,78,1,15.9,39.2,103.9,30.0,20.1,93.7,119.9,0.79,26.21,24,0,1,0
ICU_05918,73,1,19.8,67.2,119.1,93.0,21.4,100.0,111.2,0.3,23.17,2,0,1,0
ICU_04417,26,0,,56.8,103.2,86.7,,,150.1,,,15,1,1,1
ICU_01442,65,1,29.2,84.6,99.3,39.3,31.1,88.1,105.9,0.3,1.72,5,1,2,1
ICU_01822,57,1,28.4,98.5,122.7,44.5,24.9,100.0,198.6,0.3,19.73,5,1,0,0
ICU_01112,77,0,33.3,43.3,138.5,68.5,27.7,100.0,128.7,0.34,,7,1,2,1
ICU_01296,78,1,,89.9,103.3,98.0,,,89.3,,,19,0,1,1
ICU_04338,24,0,15.6,56.0,90.7,65.7,23.4,99.6,191.4,0.78,29.78,8,0,0,1
ICU_DUP_0056,75,1,26.7,56.6,156.4,74.4,11.6,89.5,40.0,0.3,5.72,12,1,0,0
ICU_01950,30,1,35.9,30.0,92.0,75.9,6.8,95.0,166.3,1.05,1.0,17,1,2,1
ICU_00347,36,1,24.1,78.1,104.8,69.1,20.3,87.8,72.1,1.07,1.0,17,1,4,0
ICU_03351,55,1,20.0,122.7,105.7,86.9,15.7,100.0,40.0,1.34,1.0,8,0,1,0
ICU_05135,62,0,,92.9,119.1,72.8,,,73.4,,,21,0,5,1
ICU_05491,80,1,33.2,66.1,125.9,86.4,9.5,93.4,187.3,2.66,27.4,17,0,2,1
ICU_00411,41,1,28.5,118.3,108.6,83.0,22.2,98.2,136.3,0.77,,24,1,2,0
ICU_03548,41,1,,92.9,79.3,103.8,,,175.5,,,4,1,1,1
ICU_03822,61,0,30.5,98.4,131.2,106.8,26.5,95.3,73.7,0.7,6.36,1,0,1,1
ICU_04078,55,0,12.2,57.1,123.6,91.5,15.8,96.7,234.1,0.3,1.38,7,1,0,0
ICU_02925,66,0,14.0,81.8,144.9,57.6,13.2,85.3,174.5,0.39,4.08,21,1,3,0
ICU_03503,62,0,26.8,71.3,123.2,67.4,14.1,96.7,199.5,1.13,3.96,16,1,5,1
ICU_04801,60,1,31.9,130.3,73.3,93.2,9.2,100.0,170.4,2.15,,11,0,0,1
ICU_01653,55,1,34.6,89.1,111.8,59.9,24.7,88.7,120.1,0.3,35.95,2,1,1,1
ICU_01389,48,1,36.3,49.3,75.5,65.7,16.1,94.1,183.2,0.3,5.02,24,1,2,1
ICU_01045,77,1,20.3,105.9,133.1,72.9,15.4,90.9,122.9,1.2,50.0,3,0,3,0
ICU_02781,50,1,22.8,63.9,85.8,47.9,18.3,99.1,51.1,1.8,18.01,7,0,0,1
ICU_05625,60,0,14.3,88.0,155.2,89.6,13.2,92.9,71.9,0.5,,22,1,2,1
ICU_05943,34,1,30.5,72.7,132.7,101.8,15.0,92.8,242.3,1.42,26.61,11,0,1,0
ICU_03333,72,1,22.9,80.7,90.8,86.3,15.5,93.7,98.5,0.42,1.0,7,1,1,0
ICU_01184,44,0,,91.9,103.0,53.6,20.1,,189.2,,,14,1,1,1
ICU_DUP_0041,37,0,14.5,82.2,136.7,62.7,10.8,94.6,199.3,0.3,13.02,7,0,2,1
ICU_01956,23,0,23.3,56.1,110.2,75.7,14.6,96.4,208.5,0.9,6.6,12,0,0,1
ICU_00422,57,0,29.5,93.6,115.2,57.8,16.1,92.6,104.7,0.55,2.91,21,1,2,0
ICU_04767,57,1,24.0,101.3,88.1,60.8,19.4,93.7,185.6,0.3,1.68,16,1,0,1
ICU_04741,70,0,13.0,81.5,130.2,65.2,21.4,95.0,158.5,0.3,1.0,2,1,1,1
ICU_04611,25,0,,62.1,89.2,62.6,,,129.2,,,1,1,1,0
ICU_02944,67,1,24.5,456.1224473793675,859.6130777917999,56.2,20.0,88.2,208.9865439889616,10.98452683509354,6.04,23,1,2,0
ICU_02674,43,1,32.7,65.1,114.4,40.4,6.0,96.6,42.6,1.38,4.69,22,0,2,1
ICU_04708,79,0,20.3,83.3,143.3,48.2,17.9,91.8,82.5,0.77,13.06,2,1,5,1
ICU_02978,71,0,34.1,138.8,136.7,78.1,15.8,92.3,128.6,0.3,3.04,20,0,2,0
ICU_05771,59,1,23.7,72.9,116.1,64.3,21.8,93.4,64.6,3.56,2.12,20,0,1,1
ICU_03695,56,0,,77.5,110.3,68.0,,,161.4,,,15,1,0,1
ICU_00241,59,0,,55.1,120.6,81.0,,,130.1,,,4,1,2,1
ICU_02997,39,0,,112.6,79.6,83.8,12.2,,132.9,,,9,0,4,1
ICU_01051,69,1,39.9,90.0,60.0,116.0,22.4,92.7,126.8,1.3,1.54,11,0,3,1
ICU_03681,54,1,18.5,77.1,146.5,74.4,26.8,89.3,175.3,0.3,4.12,4,0,1,1
ICU_00589,46,0,32.2,57.9,149.4,74.5,16.5,92.5,145.4,1.93,1.63,15,1,1,1
ICU_04467,69,1,28.3,70.2,106.7,47.2,27.0,91.6,112.1,1.03,11.82,12,0,4,0
ICU_DUP_0026,74,0,23.7,91.1,141.9,82.1,23.0,94.4,260.4,8.98,24.07,7,0,1,1
ICU_03973,63,0,25.1,113.5,111.1,66.2,14.6,95.8,167.6,0.65,3.31,14,1,0,1
ICU_04894,42,0,14.6,100.1,122.8,103.7,19.1,97.0,143.0,3.53,7.9,4,1,2,1
ICU_04684,43,1,31.8,107.6,79.2,50.8,14.3,92.3,126.1,0.3,8.52,5,0,0,1
ICU_01577,82,1,35.0,94.1,88.2,49.8,24.0,87.7,151.4,1.81,15.91,9,1,1,1
ICU_05828,64,0,28.1,106.2,117.8,122.0,18.6,90.3,127.9,1.47,1.0,1,0,4,1
ICU_02082,36,1,39.8,34.8,123.1,100.0,20.0,99.0,194.2,1.21,8.19,2,1,0,1
ICU_02365,89,0,,111.5,72.9,41.6,,,77.8,,,0,0,0,1
ICU_04695,58,1,34.4,132.9,164.7,66.6,24.1,96.2,207.5,1.2,1.0,19,1,0,1
ICU_05460,61,1,,71.9,104.1,56.8,,,119.4,,,11,0,1,0
ICU_02148,60,0,26.4,86.1,118.1,97.0,19.7,96.0,120.8,0.44,6.94,17,1,0,0
ICU_03230,54,1,,45.9,117.5,79.6,,,163.6,,,5,1,0,1
ICU_04449,88,0,25.5,85.0,109.3,97.9,21.5,100.0,155.1,5.84,18.99,9,0,0,0
ICU_04471,85,1,34.1,87.4,76.6,62.3,13.5,91.8,120.0,2.69,7.08,1,0,1,0
ICU_05078,68,1,41.6,95.5,108.0,93.3,26.5,94.6,174.9,0.56,29.3,0,0,5,1
ICU_02643,50,0,34.1,102.4,87.7,42.8,20.7,100.0,125.5,0.3,1.12,8,1,0,1
ICU_05777,55,0,36.4,154.3,96.5,66.5,19.4,92.2,81.1,0.3,7.62,11,1,3,1
ICU_01399,50,1,26.8,107.2,159.0,49.9,16.7,96.4,138.9,0.3,17.44,13,1,2,0
ICU_03549,61,0,,88.0,114.2,54.6,,,114.7,,,5,1,0,1
ICU_04108,58,0,26.1,108.6,134.6,74.2,9.0,99.1,108.0,2.68,24.33,14,0,2,1
ICU_03732,25,0,27.5,95.0,150.4,68.7,20.7,100.0,176.3,2.44,4.23,4,1,2,1
ICU_04325,80,0,26.1,59.6,173.8,67.4,21.7,94.9,187.0,2.53,10.01,21,0,2,1
ICU_04244,62,1,17.4,84.3,134.3,79.1,12.4,97.9,109.0,1.4,2.47,22,0,1,1
ICU_01340,64,0,45.6,119.2,104.1,78.0,15.8,88.9,110.4,0.3,2.72,9,0,4,1
ICU_04501,37,0,44.1,53.3,77.7,75.3,22.3,86.0,157.6,2.7,5.89,21,0,4,1
ICU_04444,27,1,23.7,69.9,80.2,110.7,16.6,88.1,93.6,1.06,4.04,17,0,4,1
ICU_05726,22,0,16.3,84.7,72.6,107.6,15.7,92.0,81.9,1.1,20.21,6,0,0,1
ICU_DUP_0050,66,0,34.2,89.4,102.7,72.8,25.4,94.9,40.0,0.96,7.28,6,1,1,1
ICU_03423,69,0,,67.8,118.2,84.6,,,126.2,,,6,1,2,1
ICU_00583,95,0,25.7,84.0,158.3,80.3,23.3,90.4,50.4,0.3,13.58,0,0,1,1
ICU_01114,64,0,35.5,98.2,115.1,88.0,16.4,96.9,43.4,0.91,1.87,14,1,2,0
ICU_05944,70,1,,87.1,83.7,83.2,,,190.6,,,0,0,1,1
ICU_01235,91,1,,100.2,157.4,49.6,,,181.8,,,8,0,3,1
ICU_03419,52,1,,91.2,106.7,76.0,,,204.1,,,3,0,3,1
ICU_02604,50,0,23.3,60.8,151.5,57.9,17.6,100.0,201.7,0.3,1.95,11,0,0,1
ICU_02073,65,0,24.0,89.6,107.2,81.4,22.4,100.0,140.1,0.3,7.22,9,0,4,1
ICU_02574,95,0,38.5,88.7,137.1,69.7,16.7,97.4,81.4,0.54,2.46,15,0,1,0
ICU_00883,80,0,33.8,95.7,95.7,52.5,23.6,97.3,148.5,1.44,1.0,22,0,2,1
ICU_05396,66,0,18.0,70.9,130.3,76.3,19.5,100.0,133.7,0.38,14.96,4,1,0,0
ICU_03773,48,1,25.8,108.9,149.3,75.6,12.1,97.0,87.5,1.35,1.0,0,1,0,1
ICU_04066,65,0,35.1,103.3,75.5,64.8,20.0,92.9,126.8,1.57,,1,1,4,1
ICU_00374,95,1,27.9,91.8,100.0,85.4,19.6,90.1,100.2,0.5,7.02,10,1,2,0
ICU_01187,57,0,27.8,76.2,190.9,67.5,12.8,91.2,199.5,0.97,1.0,7,1,3,1
ICU_04326,51,0,27.6,51.8,96.1,58.8,16.5,99.2,200.8,0.4,4.43,6,0,0,1
ICU_04040,65,0,28.1,111.6,92.9,107.1,22.5,96.8,46.1,0.3,4.71,1,0,2,1
ICU_01628,63,0,24.4,52.7,91.8,109.9,13.2,87.8,40.0,4.3,10.82,19,0,2,0
ICU_01453,95,1,35.0,123.3,118.6,82.2,23.2,91.0,99.4,0.3,1.0,6,1,0,1
ICU_05591,57,0,37.0,69.1,103.2,41.0,14.8,99.9,169.9,0.81,15.14,4,1,3,1
ICU_00673,55,1,16.4,76.3,81.6,61.4,8.7,100.0,223.8,1.43,5.62,15,1,2,1
ICU_02336,71,0,32.1,72.8,75.2,69.1,18.2,86.2,118.8,0.84,14.54,7,1,2,0
ICU_05778,62,1,24.0,74.1,182.1,79.3,12.4,91.2,169.6,0.52,,7,0,1,1
ICU_00909,95,1,25.9,78.0,92.4,94.7,16.0,94.9,111.6,1.14,7.0,12,0,1,0
ICU_01735,32,1,31.2,121.0,103.3,72.3,22.4,95.6,117.0,1.89,16.16,0,0,2,0
ICU_01529,41,0,27.3,90.9,71.4,55.2,16.2,94.1,193.7,0.3,6.03,17,0,1,0
ICU_02313,70,1,37.4,95.0,149.5,105.8,19.0,97.2,63.7,2.98,50.0,7,0,1,1
ICU_04576,40,0,17.3,55.8,142.5,90.7,8.9,78.4,168.2,1.14,,20,1,1,0
ICU_05766,73,1,29.1,105.8,114.2,89.6,16.4,99.3,103.7,0.49,13.14,6,0,3,1
ICU_02442,38,1,29.5,90.3,133.7,59.0,23.3,92.6,72.8,0.49,2.04,3,0,1,1
ICU_00285,26,0,29.4,93.5,84.3,62.1,18.6,97.2,104.1,0.3,4.62,4,0,3,1
ICU_02637,78,1,,93.1,120.5,73.2,,,79.5,,,15,1,1,0
ICU_05391,64,0,38.6,66.8,102.9,70.5,16.6,97.9,186.5,0.3,17.08,5,0,1,1
ICU_03041,64,1,27.3,75.4,108.5,68.6,13.3,93.3,205.3,0.67,7.0,10,1,0,1
ICU_01137,39,1,19.0,132.3,128.4,37.3,25.7,92.8,162.6,5.04,8.69,3,0,3,1
ICU_05623,70,0,25.4,89.7,116.8,54.6,9.7,91.8,161.7,1.04,23.73,18,1,2,0
ICU_04389,72,0,32.0,66.7,125.9,75.3,29.7,87.7,211.3,0.9,7.55,22,0,2,1
ICU_00675,47,0,32.9,60.2,159.8,53.1,22.9,94.4,66.6,2.47,8.55,10,1,5,1
ICU_05032,75,0,14.7,104.9,101.9,79.3,12.1,95.0,65.7,1.19,12.15,18,1,2,0
ICU_01255,40,1,19.6,96.8,83.5,80.3,28.0,93.8,83.3,1.39,8.8,12,0,0,1
ICU_01619,82,1,30.6,74.1,135.8,90.3,14.7,93.7,166.8,0.57,12.09,18,1,2,1
ICU_01603,47,1,25.2,94.2,98.3,67.8,11.9,100.0,47.1,0.3,8.74,19,0,1,1
ICU_01205,62,0,,78.1,136.4,90.5,,,78.8,,,3,0,2,0
ICU_03405,18,0,28.6,110.1,115.9,57.1,24.0,98.4,135.5,1.79,13.26,17,1,4,1
ICU_01682,45,1,22.8,110.8,82.0,79.9,16.6,94.5,129.0,4.83,1.0,13,0,2,1
ICU_03690,71,1,22.7,74.1,105.5,74.3,24.3,93.6,185.2,0.8,43.76,12,0,1,0
ICU_05022,58,1,30.4,59.0,95.1,65.1,15.9,93.9,134.3,0.76,5.84,8,0,2,1
ICU_01557,47,1,42.3,101.7,127.6,66.8,10.8,91.7,249.7,2.44,3.08,10,0,3,0
ICU_03842,79,0,26.7,112.4,106.9,79.0,11.2,95.3,203.5,0.47,14.13,11,0,4,0
ICU_03794,62,1,39.1,89.4,114.2,66.5,9.6,94.1,152.2,1.48,6.38,1,1,4,1
ICU_05953,76,0,26.8,93.2,153.9,74.0,7.8,99.7,99.2,1.23,1.0,17,0,0,0
ICU_01013,49,0,36.9,61.4,69.6,48.2,8.9,98.5,128.8,5.54,9.13,12,1,2,1
ICU_04210,57,1,33.3,91.9,122.4,78.9,13.4,89.4,105.1,0.98,26.37,23,0,4,1
ICU_04125,42,1,,69.2,97.4,76.5,,,104.0,,,9,0,3,0
ICU_03475,38,1,27.0,61.0,104.0,55.2,7.1,96.1,103.0,1.91,1.0,5,0,3,1
ICU_05410,52,0,22.1,53.4,84.9,31.2,18.0,95.3,145.0,1.04,1.32,8,1,4,1
ICU_04335,50,1,35.9,89.2,87.2,75.3,14.7,95.3,74.5,2.71,1.14,6,1,2,1
ICU_03144,69,1,26.1,494.22593051032896,799.4432149221456,56.2,12.8,88.8,904.2090500294992,4.671201136536,8.69,20,0,1,1
ICU_00039,65,0,22.8,93.8,135.1,79.9,14.7,90.9,123.1,0.4,1.0,21,0,0,1
ICU_02244,91,0,24.1,125.6,118.1,58.2,13.7,96.8,120.4,4.6,2.3,22,1,0,0
ICU_00056,46,0,28.2,99.6,95.3,69.4,17.7,98.4,108.2,0.79,13.19,7,1,3,1
ICU_01995,81,0,,93.0,160.2,86.5,,,171.1,,,15,0,1,0
ICU_02670,49,0,36.2,111.0,124.8,53.3,13.7,95.6,201.2,2.67,1.0,1,0,0,1
ICU_02493,87,1,29.9,87.6,100.0,52.5,8.7,96.1,183.7,1.73,4.57,12,0,1,1
ICU_01099,68,1,,97.4,159.8,48.8,,,119.1,,,3,1,3,1
ICU_00787,70,1,23.6,101.1,123.3,61.1,22.0,96.4,87.9,0.58,,11,0,3,0
ICU_02437,76,1,36.9,37.4,176.6,72.1,15.4,96.7,141.1,0.64,3.14,6,0,2,1
ICU_00463,65,0,17.3,85.2,147.6,104.9,21.0,85.2,110.1,1.29,1.0,17,1,1,0
ICU_04109,66,1,33.2,104.2,147.4,62.8,15.3,89.7,85.7,1.28,1.0,16,1,1,0
ICU_04425,41,1,45.6,949.972271673682,791.4859546431678,83.1,17.9,99.9,2019.8882277889293,2.909737678772783,31.29,3,0,2,1
ICU_03040,72,1,23.9,142.2,178.8,73.1,6.0,94.9,191.8,0.3,14.25,0,0,3,0
ICU_04654,74,1,45.4,88.7,151.4,64.5,10.7,95.1,109.6,0.3,28.53,21,0,0,1
ICU_02587,58,1,,71.5,125.0,111.4,,,155.1,,,11,1,3,1
ICU_05023,33,0,24.0,107.0,110.4,69.9,18.1,96.2,211.0,0.3,11.99,17,0,2,0
ICU_02502,56,0,13.8,100.4,136.3,76.3,12.7,91.4,122.6,0.76,47.15,2,0,0,1
ICU_03279,71,0,37.0,121.3,94.6,87.3,27.3,94.7,160.2,1.07,13.1,4,1,3,1
ICU_02879,58,1,22.0,92.7,98.1,60.1,24.4,97.0,117.7,0.3,11.99,19,0,4,1
ICU_01871,58,0,28.3,120.5,66.9,45.4,21.7,100.0,315.5,3.4,13.6,21,1,2,1
ICU_01284,47,1,32.4,117.3,109.3,61.0,21.2,92.6,86.3,0.81,1.9,17,0,2,1
ICU_03747,65,0,23.2,84.7,85.1,61.3,19.9,100.0,98.9,0.3,11.2,4,1,2,1
ICU_03940,68,1,32.6,78.5,144.9,76.1,19.5,100.0,154.7,0.77,1.0,19,1,2,0
ICU_01424,43,0,37.7,98.5,127.3,76.6,13.6,92.7,120.5,2.18,3.34,2,1,2,1
ICU_04350,25,1,19.1,109.4,93.5,58.0,20.3,98.9,110.5,0.68,12.07,1,0,1,1
ICU_01625,81,1,15.9,107.4,106.1,69.1,16.0,94.9,169.6,1.3,8.46,1,0,0,0
ICU_01102,95,1,29.5,75.9,105.0,37.2,22.4,100.0,272.6,1.29,9.46,19,0,3,0
ICU_03878,34,0,,57.1,100.7,60.1,,,145.7,,,21,1,3,1
ICU_05603,79,0,36.8,34.0,95.1,81.4,8.5,97.5,56.3,0.43,2.0,18,0,2,1
ICU_05151,46,0,33.1,106.4,164.2,66.5,11.1,93.4,47.5,2.63,37.42,9,0,5,1
ICU_04117,27,0,30.0,100.4,84.6,92.6,18.2,100.0,209.6,0.3,37.96,3,1,1,1
ICU_02536,79,1,26.0,90.9,182.7,59.5,22.6,92.0,131.8,1.04,9.26,20,1,5,0
ICU_05011,75,1,19.2,79.2,101.4,77.4,22.0,93.9,100.8,0.3,,7,0,2,1
ICU_05336,52,0,25.7,102.0,123.1,38.1,27.9,90.5,108.2,1.32,10.49,16,1,0,1
ICU_01829,62,0,29.0,74.7,79.6,73.1,12.7,84.7,195.2,0.39,19.88,8,0,2,0
ICU_00777,57,1,37.3,92.3,83.1,111.8,18.4,99.7,121.8,1.64,3.05,14,0,0,0
ICU_00071,89,0,36.8,86.0,131.6,69.7,15.7,88.7,101.5,1.54,11.93,11,0,2,1
ICU_05437,83,1,21.0,106.7,103.3,88.1,27.6,100.0,171.1,0.4,19.27,23,0,2,0
ICU_03284,33,1,20.5,116.6,102.3,66.3,26.1,94.1,132.5,1.9,14.7,8,0,1,1
ICU_00595,52,0,32.5,99.6,118.2,72.6,22.6,92.7,208.7,0.5,3.82,13,0,0,0
ICU_05378,72,1,,80.3,60.0,85.3,,,165.2,,,14,0,5,1
ICU_03388,77,1,17.6,64.1,149.8,53.5,9.6,99.5,170.1,2.81,4.04,0,1,3,1
ICU_01768,64,1,26.0,76.3,104.1,78.1,25.2,92.4,162.6,2.89,2.86,19,1,4,0
ICU_02548,80,0,34.8,74.2,135.5,63.1,10.2,99.5,111.0,0.3,3.15,9,0,3,1
ICU_03343,84,1,41.6,42.5,87.1,107.5,14.1,93.7,61.8,4.33,2.18,5,0,2,1
ICU_DUP_0077,73,1,,78.3,155.2,81.6,,,49.8,,,7,1,0,0
ICU_00916,72,1,10.6,88.6,139.6,50.2,11.7,84.8,89.4,0.3,2.75,23,1,0,0
ICU_02391,45,0,31.9,111.2,130.5,54.4,11.1,87.6,177.3,0.69,1.89,10,0,2,1
ICU_05219,40,0,38.5,100.4,211.4,76.6,22.1,93.3,40.0,1.04,7.91,4,0,1,0
ICU_02886,52,1,22.0,54.0,160.6,53.5,6.6,100.0,248.3,0.83,19.68,3,1,2,0
ICU_02940,79,0,35.4,103.6,94.4,57.6,15.9,92.1,52.3,0.3,13.14,19,1,0,1
ICU_03867,91,0,41.6,76.0,72.2,81.2,18.6,90.5,184.3,0.66,38.78,10,0,0,1
ICU_02329,77,1,,78.8,121.7,86.7,,,198.8,,,0,1,0,1
ICU_01727,76,0,25.7,90.0,146.5,53.8,21.8,94.1,40.0,0.47,1.49,12,1,3,1
ICU_05756,72,0,40.2,70.9,111.9,85.3,15.3,100.0,40.0,0.99,1.12,18,0,1,1
ICU_03380,95,1,20.1,36.0,120.7,101.4,13.0,83.1,138.5,0.3,2.05,6,0,3,0
ICU_00418,83,1,25.4,97.8,75.4,81.6,16.9,87.8,270.4,1.8,27.33,16,0,3,1
ICU_05924,30,0,25.0,114.2,96.9,40.0,9.7,100.0,40.0,1.19,14.52,3,0,3,1
ICU_04691,66,0,35.3,38.2,129.5,70.5,25.3,86.4,119.3,0.3,11.84,22,1,0,1
ICU_01135,79,0,17.0,110.2,148.7,64.0,19.0,100.0,137.1,1.8,14.53,22,1,2,1
ICU_03373,94,1,23.1,44.0,76.3,76.4,20.2,89.4,211.7,0.3,11.2,11,1,0,1
ICU_00007,75,0,26.1,88.5,147.3,78.2,9.5,92.6,242.6,0.38,2.23,9,0,1,1
ICU_03737,59,1,29.6,68.2,151.5,73.4,24.4,93.8,142.9,1.7,19.26,12,0,1,0
ICU_00868,73,0,21.3,71.9,69.3,53.0,30.9,90.1,91.0,0.3,10.8,8,0,4,1
ICU_05589,89,1,31.5,62.6,116.4,80.1,9.7,100.0,78.6,1.02,1.0,11,1,0,1
ICU_00782,68,1,34.4,107.2,60.0,46.6,14.9,97.3,108.5,0.35,1.0,23,0,2,0
ICU_05003,56,0,25.3,91.8,141.3,54.7,15.0,100.0,204.2,1.69,7.81,7,1,2,0
ICU_03083,41,0,38.5,130.4,148.3,88.8,22.2,100.0,257.5,0.57,6.07,18,0,0,1
ICU_00323,95,1,,72.9,135.4,83.8,,,209.9,,,0,0,1,1
ICU_04514,58,1,22.9,107.1,136.2,95.7,11.1,96.7,122.7,1.02,6.44,12,1,0,1
ICU_01901,55,0,18.7,87.5,129.2,71.7,10.0,94.2,40.0,0.3,41.11,9,0,2,1
ICU_02468,74,0,45.9,90.0,78.8,65.6,19.0,96.8,100.2,0.3,1.48,10,0,2,1
ICU_05721,92,1,35.2,107.3,143.6,89.7,29.3,95.5,98.4,1.23,12.27,23,1,3,0
ICU_01681,61,0,27.3,106.0,118.7,95.2,10.4,95.5,97.4,0.9,1.21,7,1,1,1
ICU_00372,88,0,22.7,104.2,80.7,84.6,19.0,88.3,161.8,1.23,7.22,14,0,2,0
ICU_04239,60,1,27.9,133.6,82.0,66.9,14.5,97.1,155.7,0.3,17.21,7,0,1,0
ICU_04266,67,1,20.7,91.2,100.0,53.5,23.1,100.0,110.5,2.08,2.0,21,1,1,1
ICU_00020,88,1,27.1,64.2,102.1,82.0,17.9,99.4,114.0,0.3,1.0,18,0,2,0
ICU_03606,47,1,17.0,91.3,93.0,94.3,14.9,92.0,187.6,1.6,7.01,13,0,0,0
ICU_01209,93,0,18.4,85.5,131.0,49.9,14.3,99.6,177.5,0.3,3.12,12,0,2,0
ICU_04262,75,1,18.4,70.8,103.5,78.7,24.3,94.6,95.6,1.81,18.97,8,1,1,1
ICU_01907,41,0,33.1,69.2,157.6,88.4,25.2,100.0,70.9,1.6,8.16,18,0,4,1
ICU_00695,56,0,26.7,53.7,123.3,76.5,9.6,86.2,133.9,2.69,29.22,13,0,2,0
ICU_02550,33,1,19.9,106.5,130.6,76.3,23.9,98.0,130.6,0.58,6.49,16,1,0,1
ICU_03994,24,1,27.7,108.1,115.2,58.2,13.9,92.8,180.5,1.14,9.99,10,1,0,1
ICU_01334,64,1,27.0,54.7,129.1,74.1,10.2,93.1,101.6,0.3,2.51,9,0,0,1
ICU_03995,62,1,26.5,84.7,85.2,70.9,20.7,94.9,172.6,3.16,1.0,16,0,1,1
ICU_02296,69,1,36.6,73.4,122.3,53.0,13.5,91.6,61.1,0.3,1.12,12,0,5,1
ICU_00272,82,0,29.7,86.1,93.0,87.5,14.9,91.9,40.0,1.14,2.69,0,1,3,0
ICU_01756,59,0,34.0,42.2,139.4,65.4,19.9,100.0,167.6,1.55,21.87,19,1,2,0
ICU_02927,65,0,23.7,93.4,63.3,56.2,20.1,96.5,241.1,5.36,6.96,14,0,1,1
ICU_04099,63,1,27.7,88.6,88.6,68.8,15.6,97.9,102.8,1.12,3.9,20,0,0,1
ICU_00345,66,0,19.8,109.5,132.7,96.4,23.1,99.1,222.8,1.2,15.58,15,0,3,0
ICU_05655,47,1,28.5,105.2,74.9,85.7,15.1,92.5,183.8,0.4,1.0,5,1,2,1
ICU_03485,52,0,28.6,90.5,103.6,87.7,19.9,97.3,156.7,0.3,15.02,0,0,1,1
ICU_03000,27,1,34.1,97.3,80.3,62.5,19.6,95.3,141.7,0.41,19.76,15,0,1,1
ICU_02483,48,0,34.8,107.6,117.8,73.6,19.5,95.6,205.1,0.37,2.78,10,0,0,1
ICU_00728,52,1,25.5,86.2,96.6,35.0,15.7,92.7,113.5,1.21,8.29,13,1,2,1
ICU_02734,95,0,21.4,120.5,123.1,39.8,18.7,92.4,82.7,3.24,1.0,6,0,3,0
ICU_01948,82,0,12.7,101.3,118.8,70.4,19.0,89.9,161.2,2.65,6.98,21,0,2,0
ICU_02201,58,1,31.2,93.5,137.0,56.4,18.7,90.4,141.9,0.3,3.55,19,0,0,1
ICU_04203,44,1,25.0,77.6,150.9,55.0,21.9,93.0,42.8,2.35,30.13,12,0,4,0
ICU_02950,83,0,,92.4,83.5,37.0,,,122.5,,,15,0,3,0
ICU_05823,83,1,23.7,61.9,99.1,96.1,6.0,95.5,141.4,3.46,5.45,20,1,5,1
ICU_01463,46,1,37.2,73.8,116.9,52.0,27.4,100.0,146.5,0.64,5.85,19,0,0,1
ICU_00195,68,0,22.4,74.7,144.7,91.4,15.1,96.7,180.6,0.3,12.38,0,0,2,0
ICU_00725,58,0,19.3,117.8,143.5,60.6,22.7,96.2,233.9,1.82,25.62,17,1,2,0
ICU_04237,55,0,22.1,42.9,136.2,111.9,9.7,89.6,123.8,0.5,8.61,14,0,0,1
ICU_02732,72,0,36.5,89.9,163.5,75.8,20.1,93.0,135.7,0.64,3.8,9,1,5,0
ICU_03210,83,0,41.2,86.0,143.2,84.0,24.9,92.6,146.6,0.37,2.02,19,0,1,0
ICU_03450,53,0,16.0,81.0,105.4,69.2,21.2,100.0,69.3,2.27,3.47,5,1,0,1
ICU_00733,31,1,25.1,121.9,137.8,60.4,18.8,94.6,91.6,0.3,10.04,22,0,3,1
ICU_02471,95,1,29.8,94.5,138.9,94.9,14.5,97.0,153.0,0.3,9.45,7,0,1,1
ICU_01038,66,0,16.2,78.3,76.8,59.8,26.7,92.4,98.3,1.28,12.45,18,1,0,1
ICU_02818,69,0,19.3,86.5,121.2,54.7,14.0,100.0,263.3,0.37,11.98,13,0,4,1
ICU_03097,72,1,31.3,69.6,119.1,74.8,9.6,86.8,116.5,4.74,1.08,10,0,0,0
ICU_00169,48,1,28.3,78.6,152.8,94.2,20.1,96.2,101.0,1.44,,11,0,1,0
ICU_00324,43,1,16.3,49.1,126.2,92.0,19.1,88.7,144.7,0.3,15.32,3,1,1,1
ICU_05471,68,1,19.3,94.4,147.0,84.1,20.2,90.0,259.0,1.06,2.0,16,1,1,1
ICU_00012,66,1,21.4,80.9,94.7,76.1,25.9,91.4,114.3,0.71,33.74,5,0,2,0
ICU_05049,58,0,32.8,78.9,161.2,92.3,24.7,100.0,85.9,1.11,1.38,20,0,5,0
ICU_05241,46,1,37.2,68.2,85.3,59.2,20.5,99.0,219.5,2.39,15.3,16,0,3,1
ICU_00445,74,1,22.8,69.7,175.3,81.5,16.4,94.3,145.3,0.3,,1,0,0,1
ICU_00646,18,0,32.3,112.3,131.4,98.4,18.3,93.7,162.8,0.3,7.85,1,1,1,1
ICU_04161,70,0,25.8,101.9,125.5,62.2,13.1,92.4,195.5,0.63,17.14,18,1,4,1
ICU_00815,35,0,26.9,89.3,148.0,76.9,23.3,86.9,107.1,0.38,1.0,14,0,3,1
ICU_04634,49,1,26.4,100.4,121.8,81.1,17.2,96.5,111.5,0.93,31.87,23,0,2,0
ICU_02546,37,1,25.2,61.5,104.7,67.9,6.6,99.7,148.3,0.3,9.2,23,0,1,1
ICU_03329,77,0,,86.0,113.1,59.5,18.0,89.0,125.5,,,22,0,2,0
ICU_03212,92,1,27.3,63.4,78.4,58.6,29.3,86.0,105.7,0.45,1.27,12,0,4,1
ICU_01061,18,1,18.9,87.9,112.3,97.7,18.7,93.7,217.1,1.23,11.54,14,1,2,0
ICU_04353,31,1,25.5,109.0,121.2,48.1,16.4,95.4,69.0,0.3,21.77,20,0,3,1
ICU_02381,44,1,29.9,89.9,133.2,69.1,30.4,85.2,160.0,0.52,5.1,23,1,5,1
ICU_03542,77,0,18.4,111.8,148.3,67.2,12.4,96.4,182.5,0.3,11.32,15,0,1,0
ICU_01341,62,1,30.8,121.3,101.3,76.1,24.4,95.8,189.6,1.41,11.7,14,0,0,1
ICU_03616,44,0,22.8,64.8,107.2,72.2,16.6,100.0,139.9,1.31,6.09,20,0,1,1
ICU_00549,51,0,19.9,90.4,143.6,43.8,27.8,96.9,198.7,2.57,2.14,0,1,0,1
ICU_05230,94,0,,103.7,128.6,83.1,,,240.1,,,10,0,1,1
ICU_00276,65,0,31.5,69.4,107.9,65.8,13.8,93.4,108.7,0.39,4.62,14,0,1,1
ICU_05807,55,1,39.9,81.1,175.3,75.7,18.5,91.0,243.9,2.32,,7,1,0,0
ICU_01238,72,1,21.3,89.7,166.1,81.8,22.5,100.0,124.3,0.3,1.1,22,1,2,1
ICU_05141,71,0,35.6,127.1,100.8,67.5,29.8,99.6,75.5,2.04,2.21,9,0,0,1
ICU_02515,67,1,24.9,119.0,134.5,76.8,12.0,84.1,51.7,1.06,5.17,13,1,5,0
ICU_01046,73,0,,70.0,126.1,80.1,24.4,98.5,222.4,,,16,0,1,0
ICU_05086,61,1,31.6,74.2,99.7,50.6,18.9,96.6,93.7,0.69,20.4,13,1,3,1
ICU_05687,53,0,35.0,57.6,83.2,107.4,12.5,95.2,195.1,0.36,1.0,23,0,0,1
ICU_05056,74,0,29.4,88.5,139.5,96.1,21.2,100.0,157.2,0.3,1.0,7,0,0,1
ICU_04248,70,1,31.8,81.6,104.3,98.0,11.8,94.4,144.2,0.3,,3,1,3,1
ICU_DUP_0065,90,1,21.5,86.2,140.6,59.3,28.1,88.7,193.1,0.3,2.16,9,0,4,0
ICU_02337,62,0,,98.4,91.4,62.5,,,40.0,,,6,0,3,1
ICU_00858,52,0,17.6,120.3,128.5,74.4,18.2,98.4,40.0,0.91,8.82,16,0,2,1
ICU_00149,67,1,21.3,71.0,79.4,81.4,13.3,89.0,184.3,1.01,4.24,11,0,1,1
ICU_01985,71,0,35.2,104.5,132.3,42.4,20.1,100.0,139.1,1.03,3.04,10,0,2,1
ICU_03145,70,1,32.0,104.9,126.3,82.7,23.7,85.6,84.2,1.28,46.78,20,0,0,0
ICU_00455,47,0,25.0,89.4,95.1,91.6,20.3,100.0,174.6,3.08,21.7,21,0,3,1
ICU_00193,39,0,34.8,89.4,121.3,57.7,9.7,88.6,40.0,0.3,1.0,2,0,0,1
ICU_03277,64,1,26.4,102.0,107.8,66.8,19.0,96.8,287.9,0.3,5.54,22,1,0,1
ICU_00503,72,0,33.1,119.1,125.1,59.3,18.6,100.0,246.7,0.3,13.59,17,0,4,1
ICU_01195,69,1,32.3,82.4,90.7,46.1,27.5,90.3,147.0,0.46,3.17,11,1,3,1
ICU_04657,45,0,22.0,83.7,117.6,92.2,18.3,100.0,126.9,0.63,1.0,14,0,2,1
ICU_03020,83,0,,61.1,121.5,42.7,26.6,,125.8,,,14,1,2,1
ICU_00183,70,0,16.3,72.9,114.7,70.2,14.5,87.0,139.1,0.61,1.0,22,1,1,0
ICU_03745,58,1,25.1,104.8,78.9,78.5,23.9,95.5,189.1,1.15,13.69,12,0,5,1
ICU_00890,76,0,38.6,71.8,140.1,93.4,31.0,93.8,216.6,0.33,13.34,19,1,1,1
ICU_05531,48,0,19.8,95.6,111.5,48.7,24.7,99.1,86.7,0.75,10.9,4,1,1,1
ICU_05861,84,0,25.4,85.2,153.7,70.1,10.3,84.0,149.8,0.43,5.32,17,0,0,1
ICU_04798,25,0,29.3,80.2,131.2,61.1,23.9,95.4,150.7,1.42,29.06,23,0,0,1
ICU_00573,58,0,,105.4,116.0,72.2,,,152.9,,,20,0,1,1
ICU_04645,91,1,16.3,90.5,85.0,73.5,29.8,88.4,108.6,1.81,6.26,15,1,1,0
ICU_00833,48,0,27.0,79.8,149.3,83.7,18.1,95.6,134.8,0.33,7.26,16,0,1,1
ICU_02402,52,1,23.1,68.6,121.5,85.6,19.5,84.2,72.5,2.51,21.98,12,1,1,0
ICU_01026,62,0,23.0,62.9,124.0,67.2,18.7,94.0,94.6,1.65,28.61,18,0,0,1
ICU_05369,90,0,39.7,78.6,128.9,89.7,19.1,88.9,145.1,3.35,27.97,22,0,0,0
ICU_04534,75,1,26.7,56.6,156.4,74.4,11.6,89.5,40.0,0.3,5.72,12,1,0,0
ICU_04764,44,0,35.7,87.1,61.6,62.7,30.5,96.0,142.1,0.3,13.67,7,1,1,1
ICU_05692,67,1,37.9,43.6,114.4,81.1,24.4,96.6,74.8,,,17,1,3,1
ICU_03969,85,1,37.3,41.5,108.2,53.2,14.8,100.0,61.4,1.02,24.02,20,1,0,0
ICU_05653,82,0,37.9,95.7,170.0,31.9,18.8,96.6,103.4,0.48,9.43,8,0,0,1
ICU_00416,89,0,17.4,77.2,62.2,52.7,19.0,89.0,169.2,0.3,6.66,12,0,3,0
ICU_03489,33,1,26.2,89.9,171.6,88.5,24.9,93.8,75.5,0.7,3.66,2,1,3,1
ICU_00862,89,0,14.7,70.1,97.2,58.5,31.9,95.1,73.5,0.35,4.14,16,1,0,0
ICU_01146,42,1,25.6,72.6,129.0,70.1,12.6,84.9,122.1,4.43,29.21,20,1,1,1
ICU_02138,39,1,13.5,75.7,137.1,74.7,6.0,100.0,100.5,2.36,17.12,8,1,2,1
ICU_01286,28,0,28.9,67.4,148.7,75.5,18.1,87.9,70.4,0.88,23.57,14,0,1,1
ICU_01159,56,0,24.7,79.4,161.8,65.0,28.5,95.1,140.7,0.86,19.21,3,0,0,1
ICU_05418,51,0,30.4,109.4,103.6,64.7,18.9,94.8,210.4,1.8,14.95,11,1,2,1
ICU_01843,63,1,,83.5,129.3,109.7,,,117.2,,,2,1,1,0
ICU_01789,86,1,34.8,88.9,114.8,65.1,22.2,87.7,182.6,0.3,6.68,7,1,0,0
ICU_04531,79,1,18.2,56.9,133.0,36.7,15.3,94.5,221.4,1.02,1.22,12,1,2,0
ICU_01886,47,1,12.8,115.3,141.2,88.2,22.9,92.6,194.3,0.92,4.6,1,1,4,1
ICU_00846,67,1,31.9,102.7,132.2,58.6,17.8,98.6,201.1,1.51,33.94,3,1,1,1
ICU_00479,82,1,,93.8,88.5,90.7,18.5,,159.1,,,15,1,1,1
ICU_04296,43,1,17.0,64.3,145.5,67.5,15.2,99.3,279.2,0.51,11.53,23,0,2,1
ICU_04748,46,1,17.7,156.9,129.0,100.4,16.4,95.4,160.1,0.63,1.0,20,1,4,1
ICU_00059,79,1,25.3,58.9,99.1,64.7,16.4,95.7,113.8,0.3,15.12,18,0,3,0
ICU_04303,74,1,20.0,77.2,112.9,60.7,11.9,96.7,176.3,1.56,7.19,10,1,2,0
ICU_00310,58,0,24.8,90.6,136.9,67.6,12.0,99.6,266.6,0.3,1.45,11,0,2,1
ICU_02301,44,0,30.1,75.7,140.5,75.9,9.5,95.1,103.3,0.3,4.31,9,0,1,1
ICU_05334,48,0,14.9,71.7,166.5,68.0,13.0,94.1,137.0,1.57,,6,0,1,1
ICU_04213,28,1,26.5,69.4,128.0,30.0,12.6,99.9,53.0,0.77,6.37,12,0,3,1
ICU_00093,56,1,25.3,76.2,85.8,73.9,6.0,91.1,193.5,4.2,15.91,18,1,0,1
ICU_02325,74,0,38.0,82.8,68.9,91.1,17.0,95.3,133.1,1.01,1.0,0,0,2,1
ICU_05907,18,1,35.3,97.5,149.0,34.1,24.4,92.9,155.6,0.3,3.49,21,0,5,1
ICU_03574,39,1,23.7,74.6,122.6,88.6,23.7,95.1,161.2,0.38,20.51,9,1,3,0
ICU_03215,94,0,,59.3,99.2,93.4,,,164.9,,,18,0,2,1
ICU_03202,66,1,33.7,84.1,92.7,76.0,23.7,92.1,134.8,0.72,5.75,22,1,2,1
ICU_00330,61,0,40.6,86.9,143.7,94.8,13.4,88.4,193.4,2.78,1.0,22,0,0,1
ICU_01202,64,0,29.3,57.6,110.8,47.1,18.6,89.8,167.3,0.82,4.57,12,0,1,0
ICU_04686,47,0,,79.6,111.9,51.4,,,186.0,,,4,1,4,1
ICU_00167,95,0,12.6,103.1,87.1,76.5,26.2,86.7,256.0,1.0,25.26,0,0,1,1
ICU_02974,78,1,34.8,74.6,184.0,80.8,17.7,94.1,160.6,0.34,15.76,4,1,0,1
ICU_05148,75,0,,92.3,136.4,91.9,,,123.1,,,14,0,0,0
ICU_02954,44,0,,74.9,105.9,48.2,15.7,,81.7,,,18,1,2,0
ICU_05856,21,1,,70.8,133.1,59.6,,,197.0,,,18,0,5,0
ICU_05221,62,0,26.1,104.3,82.5,95.0,14.4,100.0,217.2,0.55,6.53,10,1,3,0
ICU_02796,72,1,34.4,94.7,112.0,78.6,23.4,95.3,111.0,0.46,3.83,13,0,1,0
ICU_01821,63,1,17.0,93.2,176.1,89.7,16.2,100.0,262.5,0.86,1.07,6,1,2,1
ICU_00985,41,1,24.5,89.4,120.4,60.5,18.7,99.9,40.0,1.06,2.99,21,0,0,0
ICU_00460,95,0,,85.8,101.9,85.8,,,180.0,,,5,1,3,1
ICU_00292,51,1,22.5,132.9,151.1,62.8,8.5,91.5,92.1,1.06,7.64,19,1,1,0
ICU_04614,63,0,24.8,101.2,117.5,44.0,21.3,91.7,40.0,1.21,6.31,16,1,4,0
ICU_00443,60,0,24.8,90.7,162.5,67.0,22.7,90.1,105.6,0.98,14.81,15,0,0,0
ICU_05547,70,0,,72.0,104.9,66.9,,,122.4,,,4,1,0,1
ICU_01522,57,0,13.7,67.8,96.9,76.3,16.0,97.9,120.6,1.12,1.92,24,0,4,0
ICU_05121,54,0,29.2,863.4103678744926,900.1655011603658,73.7,10.3,88.4,762.6132493392116,12.548712281585818,1.0,23,1,1,1
ICU_04277,44,0,28.9,79.5,113.0,87.3,16.1,98.1,184.4,1.34,4.25,9,0,3,1
ICU_00700,52,0,31.0,709.943731488004,894.4615906237105,82.6,28.4,100.0,1515.7518553469665,4.9375542920288895,5.64,24,0,4,0
ICU_05707,67,0,16.8,110.8,130.3,88.2,16.0,98.2,182.0,3.26,7.47,17,0,0,1
ICU_03166,54,0,15.9,67.7,154.9,82.6,6.0,100.0,113.8,0.57,1.08,16,1,1,1
ICU_04119,43,1,30.4,75.2,106.0,67.0,17.6,95.5,172.7,2.14,7.7,21,0,0,0
ICU_05296,63,1,18.8,83.9,127.7,59.4,23.7,97.7,40.0,0.55,3.02,21,1,0,0
ICU_00070,68,0,19.6,79.3,112.3,52.6,12.0,100.0,239.5,0.54,8.5,5,1,1,0
ICU_04976,86,0,35.0,56.1,100.4,80.1,10.6,100.0,105.9,0.96,6.18,15,1,1,0
ICU_04946,48,1,,85.9,124.3,90.6,,,231.5,,,21,0,3,0
ICU_00444,38,1,29.2,54.6,113.1,63.4,13.8,96.1,135.4,0.48,2.27,19,0,3,1
ICU_00514,51,0,19.4,117.5,117.8,81.3,11.8,89.8,71.3,0.37,35.73,18,1,0,1
ICU_04512,51,0,26.3,55.4,145.0,74.7,18.2,99.1,97.6,2.66,24.93,17,1,1,0
ICU_04131,62,0,31.1,98.1,97.9,55.3,6.0,94.2,77.7,0.3,1.0,15,1,1,1
ICU_02626,87,1,27.5,63.0,102.3,64.4,14.5,95.4,150.1,0.48,26.99,19,1,1,0
ICU_02021,66,0,21.0,64.5,101.6,88.2,22.9,98.4,106.8,0.3,33.43,2,1,1,1
ICU_00288,67,1,29.0,60.9,111.2,81.1,17.3,99.9,226.1,0.5,5.11,11,1,1,1
ICU_03539,59,0,21.7,85.0,96.4,71.6,19.7,95.9,198.0,0.3,28.08,18,0,2,0
ICU_02323,92,0,46.5,81.8,95.2,65.4,28.3,97.7,40.0,1.19,15.51,6,1,2,0
ICU_02918,63,1,43.5,84.0,120.8,68.5,17.7,95.6,126.2,2.48,13.81,18,1,5,1
ICU_03885,71,1,24.3,598.1257369369947,892.5743826009941,40.6,14.5,85.4,1252.1470769214368,3.7152279055607718,1.0,15,1,0,0
ICU_00368,63,1,31.4,97.0,74.2,49.4,16.6,90.7,224.1,1.66,3.46,9,1,1,1
ICU_05330,52,0,14.1,72.8,130.0,72.2,27.9,97.1,122.0,0.31,13.52,5,0,3,1
ICU_05386,86,0,31.8,94.0,110.0,96.6,16.2,98.7,108.5,0.48,12.46,4,0,1,1
ICU_02706,64,1,50.2,99.0,107.2,70.4,18.9,100.0,156.2,0.67,8.45,6,0,4,1
ICU_03009,53,1,27.3,84.1,61.2,97.3,15.9,92.9,180.8,0.78,4.59,2,1,2,1
ICU_03042,51,1,38.6,75.3,147.2,88.7,10.7,100.0,40.0,0.3,15.41,3,0,0,0
ICU_03311,70,0,26.1,123.7,168.5,69.8,16.9,100.0,151.6,0.45,14.21,21,1,2,0
ICU_00810,58,1,27.5,96.3,100.8,43.8,30.7,86.7,77.1,0.3,25.67,23,0,1,0
ICU_02769,58,1,22.2,133.8,140.0,68.2,11.2,94.8,51.8,1.61,7.17,0,0,0,1
ICU_03848,59,0,,111.9,101.0,98.6,,,152.6,,,7,1,2,1
ICU_03585,38,1,29.6,112.7,137.6,82.2,9.6,95.8,50.8,0.3,2.88,2,1,4,1
ICU_01254,84,1,25.5,112.5,142.5,55.2,29.1,90.2,213.7,1.42,15.49,12,1,0,1
ICU_04677,81,1,39.2,99.8,143.7,93.6,6.4,99.8,170.0,0.9,3.2,20,1,4,0
ICU_00402,62,1,16.7,114.9,160.9,90.5,17.7,100.0,137.8,2.66,3.22,14,0,0,1
ICU_04364,51,0,34.5,78.1,92.7,62.9,34.1,90.0,182.3,2.46,8.25,16,1,0,1
ICU_04884,73,0,22.7,80.2,60.0,52.9,21.3,95.3,145.0,0.37,3.03,17,0,1,0
ICU_03403,60,1,,125.3,126.3,79.8,,,189.8,,,20,0,2,1
ICU_01802,49,0,21.2,108.0,115.6,71.1,26.8,99.8,225.9,0.44,9.6,16,0,1,0
ICU_02000,49,0,,73.1,90.2,75.8,,,40.0,,,20,1,3,0
ICU_05899,81,1,19.7,81.0,89.5,73.1,31.3,95.3,116.6,2.67,15.89,19,1,1,0
ICU_00755,95,1,40.4,90.6,69.9,97.2,21.7,100.0,98.4,1.38,4.66,2,0,1,1
ICU_DUP_0017,83,0,18.0,93.5,85.7,73.8,24.7,90.3,95.8,0.86,15.67,9,1,0,0
ICU_02771,48,1,39.5,74.4,85.9,77.7,17.7,91.7,40.0,0.3,2.16,12,1,5,1
ICU_02775,56,1,36.7,127.0,136.1,76.1,23.4,96.7,137.9,3.18,1.79,5,0,2,1
ICU_04608,74,1,26.2,81.1,95.5,99.9,13.6,89.0,42.6,2.48,6.99,10,1,1,1
ICU_04505,68,1,32.3,90.6,149.3,87.8,7.4,92.6,173.2,1.2,10.71,12,1,1,1
ICU_00874,61,1,26.8,70.5,96.9,76.7,11.4,100.0,125.0,1.36,1.62,3,1,3,1
ICU_04446,46,1,21.1,118.9,110.1,112.3,15.0,100.0,55.0,2.39,4.31,12,0,1,1
ICU_02678,63,0,15.1,105.9,70.3,76.6,25.5,89.9,173.3,0.3,23.37,0,0,2,1
ICU_05758,52,0,37.3,51.6,87.0,66.1,19.9,83.5,107.1,0.3,11.81,18,1,2,1
ICU_05028,85,1,27.8,71.2,121.6,48.8,14.8,100.0,178.0,1.96,,11,0,5,0
ICU_04702,73,1,30.7,74.0,140.2,89.3,20.7,96.2,213.2,0.3,7.36,11,1,0,1
ICU_03769,52,1,18.0,131.2,80.7,97.4,28.4,92.1,203.7,0.3,8.27,23,0,4,0
ICU_02820,56,0,44.2,84.2,110.8,61.4,15.2,93.1,200.7,0.46,17.56,24,0,2,1
ICU_02312,66,0,32.2,94.7,120.6,53.7,26.5,92.0,49.4,2.18,1.0,13,0,2,1
ICU_05441,50,1,26.3,70.0,70.6,63.3,13.5,88.6,130.6,0.75,11.56,14,1,0,1
ICU_00119,75,0,16.8,89.2,101.8,77.5,9.5,96.7,228.7,1.26,3.21,13,0,1,0
ICU_01189,44,1,32.6,64.2,174.0,75.3,26.2,93.7,168.5,1.03,2.31,19,1,1,0
ICU_02392,35,0,33.3,131.4,179.4,85.0,15.9,91.4,106.6,1.97,10.94,24,0,5,0
ICU_01909,64,1,22.9,61.0,134.2,89.0,16.6,94.3,85.6,0.3,15.81,23,0,1,1
ICU_04242,51,0,13.6,121.1,107.7,55.1,9.4,90.0,40.0,0.3,7.04,6,0,0,1
ICU_03072,65,1,29.9,113.7,99.4,77.1,21.2,91.8,108.0,0.5,1.0,5,0,0,1
ICU_02111,59,1,20.1,87.9,109.6,99.3,8.8,85.8,160.0,0.91,1.0,24,1,2,1
ICU_04838,86,1,34.6,67.6,107.7,96.2,28.5,89.4,128.8,4.02,14.15,4,0,0,1
ICU_02965,57,0,21.2,78.1,114.1,53.9,10.7,88.7,40.0,0.3,17.77,15,0,0,0
ICU_05609,62,1,29.9,89.1,142.9,56.0,18.8,93.5,132.6,0.78,10.55,20,0,0,0
ICU_01951,84,1,26.6,97.3,74.6,71.8,19.7,94.7,249.3,0.73,12.64,13,0,2,1
ICU_03089,64,1,27.9,59.8,129.1,89.8,22.8,93.9,40.0,0.86,21.92,9,0,2,0
ICU_02783,43,1,21.4,87.3,139.4,98.1,11.2,85.5,262.5,0.36,1.08,10,0,1,1
ICU_04068,40,0,26.4,112.3,126.6,63.4,17.3,96.6,189.8,0.69,1.7,23,1,3,1
ICU_00214,56,0,32.4,104.3,126.1,86.5,15.5,96.9,177.2,2.49,3.19,7,0,1,0
ICU_03980,86,1,23.1,93.6,83.7,45.8,10.9,100.0,74.3,0.39,9.74,9,1,3,0
ICU_03184,47,1,,71.5,118.4,69.7,,,212.9,,,11,1,2,1
ICU_00009,71,1,,57.9,116.4,108.6,,,123.2,,,1,1,0,1
ICU_04465,41,1,33.9,45.5,119.9,54.6,14.8,89.5,93.8,0.48,1.59,6,0,1,1
ICU_01659,82,0,23.8,99.7,108.7,66.3,27.5,97.3,263.8,3.26,7.09,18,1,0,0
ICU_02128,74,1,25.1,78.8,102.6,65.9,30.2,88.0,97.9,1.3,2.49,15,1,1,1
ICU_05697,48,1,26.8,74.6,120.5,80.3,19.2,97.1,101.4,1.92,1.56,12,1,0,0
ICU_02022,86,0,32.4,69.4,155.0,108.9,29.5,99.7,130.9,0.5,14.17,17,1,0,1
ICU_03591,72,1,26.3,56.0,132.7,58.0,19.8,91.7,72.4,1.44,8.4,8,0,3,0
ICU_03325,70,1,20.2,102.0,124.4,60.3,13.5,92.7,101.7,0.45,13.03,15,1,1,1
ICU_00094,54,1,,60.6,139.3,73.7,,,40.0,,,14,1,1,0
ICU_05558,61,0,28.3,99.5,123.2,82.9,30.6,95.2,204.2,1.01,1.0,12,0,2,1
ICU_DUP_0049,54,0,27.5,99.2,180.8,51.9,8.8,92.4,228.5,0.35,5.57,19,1,3,1
ICU_04420,86,0,21.1,89.2,99.7,68.0,8.3,85.8,80.4,1.12,38.4,9,0,2,0
ICU_DUP_0006,62,1,26.5,99.2,107.9,95.8,29.7,92.3,76.5,0.99,1.36,9,0,1,1
ICU_01432,77,0,39.9,55.2,114.5,52.0,16.2,92.1,203.0,2.21,2.89,9,0,2,1
ICU_02003,56,0,,54.6,139.2,71.2,,,155.8,,,9,0,1,1
ICU_03802,40,0,26.9,83.8,118.9,30.0,12.2,86.9,193.7,0.3,14.07,22,0,0,1
ICU_00758,46,0,25.6,54.9,175.9,95.9,25.5,92.6,223.3,0.69,7.3,6,0,4,0
ICU_04473,71,1,30.2,68.1,149.7,68.3,17.4,91.2,137.1,2.43,1.0,11,0,0,1
ICU_01643,70,1,43.2,103.5,130.6,75.4,12.1,98.9,118.8,1.41,3.47,6,1,3,1
ICU_03525,40,1,46.3,111.9,131.9,97.5,7.2,92.1,189.8,0.57,6.56,11,1,1,1
ICU_00078,63,1,29.7,91.5,140.1,70.6,16.8,100.0,137.9,1.67,1.0,20,1,2,1
ICU_DUP_0027,63,0,24.1,97.5,105.5,84.4,21.2,100.0,124.8,2.01,4.1,11,0,3,0
ICU_00219,63,0,26.1,72.2,90.0,73.7,17.7,100.0,167.1,0.3,50.0,7,0,1,1
ICU_01986,75,0,28.5,84.7,107.1,65.7,6.0,87.2,116.8,1.33,11.3,7,0,0,0
ICU_01299,67,1,,94.0,145.4,72.4,,,143.4,,,18,0,4,1
ICU_05832,42,0,23.9,90.9,163.2,44.8,11.2,95.4,139.4,2.64,12.22,14,0,2,1
ICU_04086,77,0,34.9,78.1,112.5,78.0,19.3,99.4,64.0,0.66,39.66,14,1,1,0
ICU_01835,68,0,,89.0,82.1,48.1,,,193.3,,,24,1,2,1
ICU_03164,41,0,34.9,73.8,94.2,38.4,14.2,96.4,134.8,0.3,16.71,9,1,0,0
ICU_04134,60,0,24.8,64.9,95.7,57.2,6.0,89.4,56.1,1.17,10.6,0,1,0,1
ICU_02090,67,1,41.2,109.9,103.4,79.4,17.7,95.2,182.4,0.56,11.16,12,0,5,0
ICU_01664,85,1,,123.7,80.8,84.5,,,147.4,,,15,0,3,1
ICU_03817,59,0,,90.1,98.0,67.2,,,40.0,,,20,0,1,0
ICU_03592,95,0,34.6,84.6,140.0,57.3,15.6,96.9,84.0,0.59,1.0,13,0,2,0
ICU_05728,64,1,28.3,124.0,150.2,82.8,14.7,99.2,162.6,0.7,,4,0,0,1
ICU_02067,59,1,18.6,58.4,137.6,69.9,20.5,93.7,185.1,0.77,10.33,7,0,2,1
ICU_03313,43,1,22.3,143.4,122.4,96.5,9.1,87.6,145.7,1.22,5.83,7,0,2,0
ICU_03018,53,1,40.1,48.4,94.5,83.0,23.1,95.3,40.0,2.06,31.05,5,1,0,1
ICU_03987,52,1,36.0,92.9,111.4,84.2,15.6,99.8,71.0,2.04,1.97,16,0,1,1
ICU_02143,66,0,15.2,141.7,137.8,90.4,11.6,85.7,65.0,0.9,45.21,4,0,0,1
ICU_05122,57,0,35.2,63.3,126.4,81.2,15.1,93.1,67.9,5.47,26.47,0,1,1,1
ICU_03934,63,1,32.2,121.7,132.9,81.1,17.7,94.6,79.0,0.4,5.54,0,1,2,1
ICU_02016,57,0,14.0,108.8,78.1,91.7,25.1,100.0,166.7,0.38,30.15,3,0,1,1
ICU_01068,53,0,17.8,75.9,108.7,87.5,27.0,94.6,148.0,1.8,16.81,8,0,3,1
ICU_02071,84,0,27.9,83.2,116.4,75.7,16.1,96.3,180.2,0.3,11.72,18,0,0,0
ICU_DUP_0024,88,1,31.0,68.4,108.1,64.1,22.1,91.6,254.6,0.3,14.92,3,0,2,1
ICU_01260,72,1,,92.5,65.0,87.6,,,213.8,,,3,0,0,1
ICU_05381,50,0,24.6,52.7,133.2,89.8,17.2,87.3,153.4,3.87,,18,1,1,0
ICU_02478,37,1,22.3,102.3,139.9,69.7,16.7,92.8,278.0,2.64,1.68,6,1,0,1
ICU_05338,55,1,32.5,50.5,190.9,82.4,19.3,98.8,251.6,0.3,4.05,5,1,0,1
ICU_03990,31,0,22.0,81.0,157.1,64.6,13.4,91.2,122.3,0.93,1.0,19,1,0,0
ICU_02654,50,1,25.3,138.6,81.6,59.5,16.1,95.3,100.3,0.3,1.75,19,1,2,1
ICU_00454,52,1,23.3,104.4,121.7,30.4,25.5,93.7,40.0,0.64,9.7,6,0,0,1
ICU_04390,71,1,26.6,91.9,127.9,84.3,20.1,86.4,132.6,1.12,1.66,15,0,2,1
ICU_03307,68,0,18.9,85.9,118.6,40.6,11.5,90.1,166.7,2.53,1.2,17,1,1,1
ICU_04462,77,1,25.3,112.4,159.1,56.0,17.5,100.0,159.3,,,19,0,2,0
ICU_00966,49,1,25.3,102.7,124.3,92.0,14.7,100.0,119.1,0.85,15.36,21,1,1,1
ICU_DUP_0037,68,0,29.3,97.4,136.4,109.1,26.2,92.1,158.9,1.85,4.35,20,1,2,0
ICU_03970,54,1,36.2,117.0,98.4,58.4,24.9,97.5,179.0,1.25,1.77,18,0,4,0
ICU_04427,46,1,25.9,101.6,123.1,59.7,18.1,88.9,141.0,0.3,6.67,12,0,2,1
ICU_01674,91,1,24.2,71.4,139.4,104.2,33.7,100.0,243.7,0.59,1.67,18,1,0,0
ICU_03978,72,0,36.3,77.3,152.8,61.6,24.1,97.4,170.7,0.3,1.1,23,0,0,1
ICU_03494,71,1,20.7,79.0,114.4,74.1,19.5,98.8,72.6,1.46,10.16,4,1,2,0
ICU_05869,55,1,37.1,86.9,124.6,70.4,20.3,91.8,164.9,0.3,14.07,21,0,1,1
ICU_04217,53,0,26.0,128.2,126.7,54.9,13.1,98.9,117.8,0.47,12.73,7,0,1,1
ICU_02778,60,0,27.2,109.3,118.8,30.0,26.7,100.0,165.1,2.12,6.64,14,1,2,0
ICU_05750,61,1,,61.9,64.4,59.0,,,144.0,,,8,0,3,1
ICU_04209,41,0,,93.6,142.8,96.7,,,207.1,,,3,0,1,1
ICU_05408,58,1,31.1,99.4,134.5,89.1,6.0,87.5,124.7,1.31,9.67,8,0,0,0
ICU_03895,80,0,21.3,64.1,78.2,108.4,9.4,94.7,106.2,1.86,1.0,10,1,2,0
ICU_02057,77,1,,87.9,111.7,73.4,,,109.5,,,16,0,4,0
ICU_01520,83,1,16.2,101.3,60.0,90.1,13.7,85.6,82.6,1.94,3.03,2,0,1,1
ICU_02006,62,1,23.6,93.4,148.6,52.5,12.1,93.0,68.0,0.87,3.6,1,1,0,1
ICU_01164,80,1,14.5,106.7,154.9,85.2,18.4,92.5,71.3,0.68,15.87,12,0,2,0
ICU_04948,55,1,23.2,42.8,116.8,67.5,17.5,97.0,133.2,0.3,1.41,21,1,0,0
ICU_01221,67,0,42.1,112.0,125.4,96.5,9.8,93.8,173.0,1.95,1.0,22,0,2,1
ICU_00949,66,1,14.2,104.1,108.7,30.0,24.9,94.1,40.0,1.29,11.31,20,0,1,1
ICU_00268,54,1,22.0,87.9,112.4,75.7,16.9,97.0,40.0,1.03,50.0,2,1,1,1
ICU_03080,83,1,23.3,57.4,117.0,60.8,10.9,98.8,115.7,2.13,2.64,4,1,1,1
ICU_00403,62,0,,104.0,123.1,76.7,23.8,100.0,164.8,,,22,0,2,1
ICU_03105,68,1,35.8,121.0,90.6,87.4,9.6,100.0,40.0,0.3,15.74,3,0,2,0
ICU_04499,40,0,,109.8,142.9,73.5,,,104.8,,,13,0,2,1
ICU_02353,37,1,29.5,99.1,92.2,57.9,17.9,91.0,137.4,4.24,13.53,11,1,2,0
ICU_01437,90,0,25.9,91.6,105.9,60.0,13.0,88.1,194.0,1.88,19.57,17,0,2,1
ICU_01798,81,0,,86.0,60.0,66.8,,,229.5,,,5,0,0,1
ICU_02400,49,1,30.0,110.8,72.8,71.0,22.4,90.9,136.0,3.27,12.33,5,0,0,1
ICU_02519,46,1,31.3,95.3,104.9,83.2,17.1,95.5,181.9,0.3,10.53,3,1,1,1
ICU_02125,71,1,15.8,90.9,151.9,65.8,9.8,100.0,93.0,0.3,2.97,10,1,4,1
ICU_05132,69,1,17.9,86.3,131.4,109.7,15.4,100.0,128.7,2.02,6.42,16,0,5,1
ICU_01025,69,0,22.1,93.4,136.2,69.0,11.2,95.8,82.3,0.3,6.05,20,0,2,0
ICU_00102,55,0,,47.9,109.6,80.1,,,209.7,,,12,1,3,1
ICU_02322,70,1,,94.6,84.1,76.3,,,193.1,,,12,0,3,1
ICU_04740,71,0,33.9,578.556999655432,662.8386120647366,81.1,8.3,95.5,842.6959193292007,1.5120886499783242,1.94,17,0,1,0
ICU_00365,54,1,21.0,122.1,89.9,51.4,11.5,97.6,138.2,0.35,7.56,18,1,1,0
ICU_03288,50,0,19.0,102.3,124.2,53.3,22.2,90.8,117.9,2.89,2.09,13,0,1,1
ICU_05870,50,0,28.8,103.1,87.7,80.0,14.6,100.0,63.9,1.03,11.85,5,1,2,1
ICU_02068,87,1,20.3,88.2,124.2,53.4,21.4,92.0,155.4,1.74,7.05,10,0,5,0
ICU_05619,59,1,18.7,64.8,107.5,75.6,17.8,90.9,105.0,0.92,6.31,7,1,0,1
ICU_05320,66,1,,57.3,125.6,79.6,,,269.7,,,5,1,1,0
ICU_02884,18,0,27.8,114.0,116.9,59.0,14.8,93.5,158.9,0.83,14.85,18,1,1,0
ICU_00152,49,1,25.8,111.2,116.6,89.4,11.0,94.7,211.6,1.48,5.53,2,0,3,1
ICU_05548,53,0,24.8,91.9,74.6,61.7,19.9,100.0,200.1,0.34,,2,1,0,1
ICU_01236,92,0,,82.0,65.5,49.0,,,125.4,,,3,0,0,1
ICU_05975,50,1,19.2,80.0,144.6,68.4,15.8,92.7,101.5,1.79,18.7,11,0,3,1
ICU_01200,64,0,19.5,80.0,116.3,71.1,21.2,98.3,143.5,1.42,1.16,10,1,2,0
ICU_05160,66,0,17.2,95.9,119.3,37.0,15.0,92.9,160.1,1.93,11.09,1,0,0,1
ICU_02062,69,1,38.3,93.3,140.1,58.3,22.3,93.5,182.6,0.46,15.62,14,0,5,0
ICU_05185,26,1,32.3,62.4,95.4,97.6,21.9,82.3,189.9,2.3,6.36,20,0,1,1
ICU_05927,64,0,24.6,94.1,154.1,87.2,20.1,93.4,160.6,,,5,1,2,0
ICU_03935,68,1,17.7,111.3,76.7,88.2,16.2,99.4,124.9,0.62,4.74,19,0,0,1
ICU_04228,66,1,27.1,128.8,116.3,56.2,16.1,90.2,95.1,3.48,3.78,19,1,3,0
ICU_04381,65,1,,72.6,149.7,74.2,,,205.0,,,11,0,2,0
ICU_01634,55,1,27.0,99.8,160.0,69.8,13.2,100.0,177.5,0.3,17.31,10,0,0,1
ICU_00564,83,1,22.8,118.0,88.3,66.1,12.9,100.0,40.4,0.3,35.97,14,1,4,0
ICU_05902,59,1,30.5,100.8,171.6,43.6,11.1,94.7,133.4,1.03,1.32,1,0,1,1
ICU_00796,61,1,38.5,67.1,105.0,81.9,29.9,100.0,243.4,0.4,9.57,14,0,1,0
ICU_05551,69,0,27.4,109.4,154.6,86.4,18.2,100.0,40.0,1.43,7.14,5,0,0,1
ICU_02369,84,1,28.8,61.7,64.1,95.7,25.0,99.1,81.6,0.3,1.0,14,1,0,1
ICU_05313,65,0,24.7,108.9,125.9,67.2,25.1,96.6,216.4,2.52,9.99,18,1,2,0
ICU_05346,57,0,22.3,137.6,99.9,74.9,10.6,97.3,126.1,3.73,2.69,16,0,3,1
ICU_04548,69,0,28.3,111.8,153.0,79.7,15.9,100.0,173.4,0.81,6.99,3,1,5,0
ICU_00759,74,1,19.9,91.7,94.1,67.3,12.6,99.7,173.1,2.81,4.93,16,1,2,1
ICU_04779,18,1,31.0,68.0,115.4,30.0,13.0,89.8,44.8,0.3,1.03,18,1,5,1
ICU_01870,42,0,11.3,65.6,136.9,83.0,18.2,92.1,54.6,0.68,1.62,13,1,3,1
ICU_01541,93,1,18.0,74.9,122.4,94.4,30.7,97.1,67.3,0.91,2.98,13,0,0,1
ICU_04724,60,1,35.0,97.9,92.9,90.6,19.0,100.0,174.2,1.48,4.18,20,0,1,0
ICU_04423,79,0,23.9,73.4,137.0,89.6,21.4,99.9,90.3,0.72,2.84,15,1,3,1
ICU_05211,42,1,44.5,135.3,150.9,95.7,20.2,100.0,148.8,0.8,16.42,21,0,1,0
ICU_00750,45,0,26.3,71.9,113.9,63.1,15.1,92.5,211.6,0.45,3.84,1,0,1,1
ICU_05145,64,0,32.6,54.8,107.0,68.6,24.2,93.8,85.6,1.39,1.73,17,0,2,1
ICU_00351,88,0,53.0,66.2,100.2,45.0,26.5,93.9,205.0,1.33,1.0,0,0,0,1
ICU_03657,24,1,19.3,100.4,125.9,52.6,11.7,85.1,168.8,0.39,1.51,24,1,0,0
ICU_00088,52,0,28.9,82.2,98.4,81.1,27.0,100.0,91.4,2.14,1.0,8,0,1,1
ICU_02492,53,1,20.5,112.9,178.4,46.9,21.3,91.9,171.5,1.13,2.23,14,0,1,1
ICU_05682,43,1,,88.5,92.4,100.3,,,202.2,,,18,0,1,1
ICU_03850,52,1,17.3,96.1,123.8,81.8,27.6,86.2,154.1,0.54,,8,0,4,1
ICU_04009,73,0,14.3,98.3,150.5,76.2,14.5,96.3,193.6,1.24,1.0,16,1,1,0
ICU_03631,50,0,16.5,97.4,145.6,65.1,28.9,100.0,94.8,1.38,1.0,0,1,0,0
ICU_03369,64,1,27.5,111.7,135.6,46.8,21.7,98.7,70.7,0.3,7.78,15,0,3,1
ICU_04101,47,1,32.6,88.1,130.2,93.9,17.1,100.0,208.8,0.3,22.77,11,0,2,1
ICU_04554,60,1,22.9,732.3498772058388,683.2003978873826,106.8,12.6,100.0,799.8051984995632,17.733658161010997,10.89,3,0,0,1
ICU_03319,95,0,18.8,81.0,60.0,31.9,19.9,88.2,122.9,1.18,42.84,23,1,2,0
ICU_02983,67,1,21.8,77.7,114.7,98.3,19.6,95.1,123.3,0.41,2.88,2,0,3,1
ICU_05550,44,1,,69.1,100.2,47.4,,,40.0,,,12,0,2,1
ICU_03748,87,0,27.6,32.9,130.4,78.2,23.0,87.0,71.1,0.3,1.5,12,0,5,1
ICU_05186,55,0,28.4,108.9,175.7,82.6,11.5,90.5,97.7,1.85,41.81,19,0,1,0
ICU_03015,80,1,,99.1,121.2,67.9,,,167.1,,,17,1,2,0
ICU_04865,31,0,38.2,111.4,75.1,57.3,19.8,85.7,64.7,2.06,1.0,23,0,2,1
ICU_02342,70,1,35.3,75.9,116.5,96.5,17.8,79.7,123.7,0.3,16.39,9,0,0,1
ICU_01746,79,0,17.5,103.8,149.7,80.2,17.2,92.1,40.0,0.3,37.95,20,0,0,0
ICU_00421,93,1,38.4,82.0,115.3,59.2,19.7,87.0,114.4,0.3,7.76,1,1,2,0
ICU_00040,75,0,,103.3,106.5,99.6,,,190.9,,,3,0,1,0
ICU_03007,34,1,,98.1,90.3,73.3,,,40.0,,,0,0,2,1
ICU_05469,64,1,28.0,87.0,115.5,74.2,24.4,89.8,178.3,3.35,9.34,0,0,2,0
ICU_01679,54,1,25.3,68.8,110.8,71.8,17.7,90.9,237.2,1.19,4.14,20,1,2,0
ICU_05340,43,1,21.0,86.8,118.5,93.7,11.1,95.9,156.4,0.3,2.2,7,0,0,1
ICU_01410,85,0,20.6,105.2,60.0,98.8,25.9,84.1,243.0,1.01,26.15,10,1,2,1
ICU_03671,77,1,32.8,127.3,132.6,81.4,14.6,96.8,90.8,0.3,2.7,15,1,2,0
ICU_03115,66,1,24.5,102.2,140.2,53.4,15.8,100.0,98.2,2.12,1.81,6,0,2,1
ICU_04632,68,0,13.4,73.3,109.1,77.2,21.2,96.2,203.3,3.88,5.47,4,1,4,1
ICU_00996,94,1,20.6,111.4,158.4,100.0,18.8,96.1,47.0,2.35,31.21,20,1,3,0
ICU_02729,53,0,23.6,99.8,123.0,79.4,21.8,91.7,53.3,2.39,3.42,12,1,3,0
ICU_03640,53,0,,81.5,175.5,78.3,,,80.3,,,15,0,1,0
ICU_00235,73,1,34.4,112.5,107.8,84.7,18.0,100.0,155.0,1.8,10.15,0,0,0,0
ICU_02815,76,0,34.4,98.0,71.9,87.0,15.6,100.0,40.0,2.45,8.42,13,0,0,0
ICU_04051,65,0,27.6,109.5,103.9,30.0,18.0,98.5,110.3,0.89,23.98,2,1,1,1
ICU_04905,78,1,26.0,72.5,155.2,43.7,22.8,98.8,186.1,1.99,22.71,3,0,1,1
ICU_02405,86,0,18.7,65.5,116.8,70.3,12.0,99.0,47.8,7.64,2.44,4,1,0,1
ICU_00464,59,1,26.0,96.5,99.3,58.4,24.0,87.7,84.1,1.34,38.97,21,0,0,0
ICU_04195,53,1,32.5,114.9,107.5,70.5,15.2,95.3,68.1,3.4,5.02,9,0,0,1
ICU_03666,75,0,26.0,89.7,87.5,92.0,23.2,92.5,185.6,2.05,2.02,18,0,1,0
ICU_01345,35,1,25.3,93.3,99.4,58.7,16.1,100.0,146.2,0.74,1.0,17,0,0,0
ICU_02517,22,1,28.6,110.4,137.4,74.2,25.5,99.2,140.2,0.52,5.38,21,0,0,1
ICU_05082,63,1,23.7,59.4,127.2,83.1,32.1,92.2,72.6,2.37,,20,1,1,0
ICU_05172,54,1,19.9,75.4,136.9,65.2,22.5,95.8,105.3,0.3,1.0,18,1,0,0
ICU_04416,66,0,17.7,104.3,150.6,71.9,9.9,100.0,108.9,0.3,10.95,11,1,1,1
ICU_01663,51,1,40.4,121.1,118.8,30.0,21.4,100.0,189.0,0.3,35.27,11,0,4,1
ICU_05575,26,0,30.2,60.9,106.2,73.4,21.4,100.0,40.0,1.01,11.61,12,0,1,1
ICU_03501,50,1,,89.4,106.0,56.2,,,173.4,,,19,0,2,0
ICU_04004,37,0,,109.7,123.1,89.6,,,170.5,,,16,1,0,1
ICU_04252,65,1,42.7,98.9,143.0,86.4,17.1,88.1,67.8,0.3,14.76,8,1,0,0
ICU_02030,76,0,29.2,80.8,112.7,88.0,22.7,92.0,205.1,1.53,2.13,14,1,3,1
ICU_05444,75,1,34.8,101.6,164.8,42.5,22.8,88.1,74.1,0.3,3.91,16,1,0,1
ICU_04519,45,1,31.3,32.9,109.7,44.5,12.3,97.0,210.6,0.3,22.71,16,1,0,1
ICU_04511,81,1,21.0,105.0,95.4,65.6,13.9,97.2,131.1,2.52,3.93,6,0,1,1
ICU_04454,84,1,,336.43312331462954,1211.301559765003,62.5,,,777.2017350775792,,,21,1,1,0
ICU_DUP_0040,50,1,35.9,89.2,87.2,75.3,14.7,95.3,74.5,2.71,1.14,6,1,2,1
ICU_03711,38,1,32.3,64.0,117.8,58.4,29.2,98.6,64.1,0.39,,5,0,2,1
ICU_05045,81,1,22.4,99.2,79.6,63.1,30.2,97.8,191.1,0.6,1.0,0,0,0,0
ICU_03014,51,1,23.7,74.5,88.7,43.8,14.4,95.6,141.5,,,18,0,2,1
ICU_05226,54,0,20.6,83.1,161.8,60.1,16.7,93.7,110.7,0.53,5.46,21,0,2,1
ICU_02581,69,0,20.1,89.1,101.8,75.4,14.2,93.9,51.8,0.34,6.32,4,0,0,0
ICU_05495,39,1,28.6,63.0,103.3,59.7,21.6,96.9,83.1,0.84,4.69,9,1,3,1
ICU_01192,51,1,27.8,94.9,119.1,114.4,14.2,91.0,108.3,0.3,2.07,13,0,0,1
ICU_04426,68,1,32.8,80.6,117.5,77.0,13.6,92.9,156.0,0.58,5.44,17,1,1,1
ICU_02774,53,0,17.0,102.9,105.3,75.9,12.2,91.5,135.2,2.4,2.01,9,0,0,1
ICU_01404,79,0,22.7,105.1,112.2,87.7,12.7,100.0,222.2,0.33,10.89,7,0,0,0
ICU_03194,34,0,23.5,117.1,115.1,88.2,17.4,93.3,135.3,4.92,5.77,18,0,3,1
ICU_00896,58,0,33.8,99.6,88.2,56.0,17.1,95.1,76.5,0.3,7.32,9,0,1,0
ICU_03179,71,0,19.5,88.5,121.6,48.8,28.8,100.0,71.9,0.3,3.05,24,0,4,1
ICU_03259,87,1,22.9,109.0,140.1,91.8,25.1,97.5,147.7,1.22,10.34,4,0,4,1
ICU_00261,60,0,23.7,115.2,82.9,60.0,14.1,84.4,198.3,0.3,3.4,21,1,2,0
ICU_03005,37,0,,97.5,123.2,78.5,,,200.8,,,7,1,0,1
ICU_02588,47,1,,68.1,77.9,63.4,,,153.6,,,4,0,0,1
ICU_00388,79,0,,931.5973457250736,1063.4612438691204,90.5,,,1222.5639687202547,,,11,0,2,0
ICU_04819,56,1,29.5,105.6,108.2,52.8,17.3,87.0,104.6,1.74,2.93,5,0,0,0
ICU_05673,95,0,25.7,141.4,144.8,77.5,18.8,91.3,132.2,1.12,4.64,13,1,3,1
ICU_03786,67,1,27.9,91.1,105.7,71.0,20.5,93.3,143.9,0.88,1.0,11,0,4,0
ICU_01376,49,0,21.8,123.1,173.8,58.5,12.9,93.6,187.2,1.21,1.42,7,1,0,1
ICU_01434,58,1,15.4,63.4,107.6,112.6,19.3,96.9,121.4,1.93,10.22,5,1,0,1
ICU_05278,48,0,18.5,56.3,86.4,68.5,14.3,89.1,135.8,1.18,6.2,5,1,1,1
ICU_01372,37,1,29.2,95.6,91.5,68.8,16.1,99.0,156.6,0.3,4.55,22,0,1,1
ICU_05019,69,1,30.9,87.3,147.0,89.0,12.4,91.0,272.9,0.92,1.29,12,1,4,1
ICU_04230,33,0,25.2,85.8,121.1,53.0,13.0,96.5,82.1,3.67,22.67,0,0,2,1
ICU_00303,72,0,,96.4,112.6,84.4,,,142.5,,,16,0,0,1
ICU_04974,35,1,23.9,62.2,81.7,82.0,13.9,93.9,183.5,0.63,19.12,14,0,0,1
ICU_02949,32,1,35.2,93.4,103.3,76.8,12.8,98.7,130.4,0.64,20.43,11,1,0,1
ICU_00642,57,1,19.9,71.2,121.2,80.1,9.4,93.2,178.0,1.43,19.04,22,1,4,1
ICU_00038,38,1,15.4,66.1,130.0,79.1,6.0,100.0,126.2,0.7,9.82,23,1,3,1
ICU_02499,68,1,28.7,123.7,127.7,37.1,11.7,89.6,101.6,0.3,6.89,4,0,4,1
ICU_00376,77,0,,89.1,94.6,70.8,,,46.0,,,2,0,4,1
ICU_05157,95,1,26.0,107.9,153.2,46.5,24.3,100.0,161.0,0.95,29.28,13,0,1,1
ICU_01869,54,1,37.2,89.3,109.9,78.7,8.4,100.0,168.4,1.23,14.52,24,0,2,0
ICU_02640,94,1,37.0,109.0,149.9,47.6,22.0,91.6,229.5,0.73,4.99,13,1,2,0
ICU_02267,67,0,17.1,85.2,102.4,61.3,19.0,100.0,164.9,1.03,11.36,13,1,2,0
ICU_03095,85,1,34.3,72.9,118.2,88.5,18.1,92.0,228.1,0.3,1.0,4,0,3,0
ICU_03518,85,1,30.4,75.8,69.5,62.5,22.2,92.3,125.0,0.53,1.0,13,0,1,1
ICU_01004,74,1,29.8,80.0,109.9,57.4,8.2,82.8,40.0,2.19,9.47,13,0,1,1
ICU_00584,65,0,29.6,104.8,165.4,79.2,20.0,87.7,123.0,0.3,12.42,24,1,0,1
ICU_01932,53,0,23.3,70.0,78.2,66.2,16.5,86.7,45.8,,,22,0,1,1
ICU_02357,64,1,29.9,91.1,162.9,81.0,12.7,96.0,89.7,0.69,44.06,22,0,1,1
ICU_00921,43,1,20.8,77.9,118.1,92.4,22.2,88.1,144.9,0.56,35.78,3,0,3,1
ICU_04098,59,1,,132.2,124.9,79.4,,,237.7,,,6,0,2,1
ICU_01990,76,0,,93.4,72.6,78.7,,,158.5,,,18,1,2,0
ICU_04978,69,0,32.9,78.5,146.7,79.3,9.0,90.0,154.8,0.3,18.17,11,0,4,1
ICU_01564,75,0,42.5,99.4,178.2,61.9,12.1,95.2,75.8,0.3,1.0,16,0,2,1
ICU_01072,63,0,,49.2,74.9,89.9,,,103.1,,,3,1,2,1
ICU_05188,45,1,19.2,83.7,99.6,61.4,22.2,99.8,118.3,1.58,15.75,9,0,0,1
ICU_04184,53,1,30.2,71.1,92.7,80.6,15.5,92.1,56.4,0.3,11.83,22,0,1,1
ICU_00006,90,0,45.8,76.2,142.1,56.3,20.4,93.5,94.5,1.9,11.08,3,0,1,0
ICU_03188,78,0,15.2,69.4,129.7,71.5,17.6,99.3,213.4,0.41,7.1,9,0,1,1
ICU_03626,46,0,20.4,76.6,164.8,59.9,22.3,91.3,201.6,1.54,18.16,1,1,0,1
ICU_02480,51,1,,74.9,89.1,86.2,,,67.3,,,15,1,0,1
ICU_01988,50,1,,62.6,122.1,66.8,,,119.2,,,11,0,1,0
ICU_02333,55,0,28.0,79.8,84.5,36.4,14.2,93.6,164.3,1.17,5.34,23,1,3,0
ICU_00309,58,0,24.9,64.1,121.6,45.1,21.6,96.7,99.7,0.3,4.68,4,0,5,1
ICU_02911,68,1,,93.2,96.9,90.5,,,121.7,,,3,0,2,0
ICU_04451,53,1,28.6,130.5,75.0,41.3,24.8,90.4,40.0,2.45,27.29,13,0,3,1
ICU_03655,68,0,25.2,30.2,86.2,60.7,24.8,99.2,198.0,4.9,1.0,3,1,1,0
ICU_02014,76,0,20.8,90.7,88.0,77.3,7.7,87.6,198.0,1.18,6.13,24,0,2,1
ICU_00712,52,0,23.0,97.9,138.3,91.6,13.4,95.4,161.0,0.3,1.86,11,0,3,1
ICU_03785,52,1,,95.0,127.1,104.1,,,153.7,,,2,0,0,1
ICU_00436,91,1,34.7,86.0,172.8,60.1,24.0,92.6,155.1,2.92,12.59,7,0,3,0
ICU_01130,67,0,34.6,67.4,136.6,87.0,6.0,98.2,40.0,3.17,,5,1,2,1
ICU_01128,60,0,32.8,96.7,69.3,83.0,20.3,100.0,173.3,4.84,1.34,9,0,4,0
ICU_00620,47,1,20.1,59.1,141.7,73.3,21.7,99.4,202.5,0.37,1.0,8,0,1,1
ICU_04268,41,1,30.2,98.7,127.9,82.1,6.2,94.0,114.1,2.19,2.01,12,0,0,1
ICU_03510,83,1,30.3,42.2,120.0,79.4,15.3,99.1,148.3,7.04,17.95,13,0,0,1
ICU_00910,56,1,23.5,112.3,147.6,55.9,20.1,100.0,132.4,0.55,8.33,12,1,0,1
ICU_01555,68,0,35.4,73.0,109.3,82.0,11.3,100.0,101.4,1.39,23.99,13,1,5,0
ICU_02651,89,0,20.0,78.5,97.7,68.1,26.6,99.1,155.0,0.32,5.21,3,0,1,0
ICU_02531,45,1,26.6,74.5,109.6,51.4,15.0,88.2,83.1,0.49,1.0,23,0,1,1
ICU_03048,69,0,,125.5,161.4,51.2,,,113.7,,,15,1,4,0
ICU_01818,58,0,28.7,87.3,134.1,74.6,15.1,95.9,135.7,0.3,1.56,15,1,2,1
ICU_04027,57,0,,477.93622428604226,949.0890465347533,54.4,,,391.1085315422426,,,5,0,0,1
ICU_04735,79,1,35.8,68.7,72.1,96.2,18.2,91.7,165.9,0.3,,6,1,0,1
ICU_01094,75,0,29.8,84.9,81.2,79.5,24.2,96.1,158.4,0.45,1.0,24,0,3,0
ICU_01662,23,0,39.6,69.2,143.0,64.3,11.7,96.8,173.5,0.8,16.79,1,0,1,1
ICU_03433,60,1,28.3,761.5010675806566,644.1886508330856,98.8,21.2,95.0,1009.4234785543626,7.957618913868796,3.43,0,1,3,1
ICU_00206,71,0,28.0,104.2,103.5,77.4,18.0,95.5,114.6,0.3,18.29,19,0,4,0
ICU_00505,53,1,22.6,95.4,89.2,93.3,19.1,96.6,179.1,0.42,1.86,0,1,2,0
ICU_04546,60,1,15.9,93.3,110.6,54.2,7.3,91.0,155.6,1.86,24.18,6,1,0,1
ICU_01387,90,1,,82.5,130.0,86.4,,,185.0,,,24,0,2,0
ICU_00744,71,1,23.7,114.3,92.2,96.0,18.7,100.0,246.5,0.3,3.67,2,0,2,1
ICU_02696,81,0,18.6,84.3,93.4,45.4,18.3,93.1,189.2,1.0,5.56,12,0,2,1
ICU_03942,51,0,23.9,87.5,108.9,91.2,15.1,95.8,90.7,0.3,4.21,11,1,3,1
ICU_00653,42,0,25.0,60.2,122.0,51.4,17.9,86.8,208.6,1.63,4.63,15,0,1,1
ICU_05217,52,0,,85.1,146.3,88.0,,,148.9,,,0,1,3,1
ICU_00369,48,1,23.9,61.9,117.9,71.6,16.0,96.7,209.5,0.91,3.15,18,1,0,0
ICU_00901,54,0,39.2,60.9,139.9,51.9,21.6,96.7,92.1,0.39,1.65,19,0,1,1
ICU_02451,47,0,20.3,90.5,151.1,87.3,17.6,99.9,111.0,,,17,0,3,1
ICU_00386,68,0,,906.8200406513394,644.548282904776,57.0,,,967.1718842286581,,,19,0,1,1
ICU_01521,72,1,,112.0,123.3,74.0,,,117.3,,,0,1,0,1
ICU_05732,80,1,54.7,69.6,116.5,57.3,12.4,99.0,191.9,0.51,28.29,22,0,1,1
ICU_03338,71,0,19.9,57.3,106.6,48.5,19.5,96.8,134.7,0.3,10.2,9,0,3,1
ICU_05520,48,1,,38.7,110.1,46.4,,,129.6,,,16,1,3,1
ICU_03535,90,1,13.7,70.1,87.9,85.9,15.0,92.9,150.2,0.36,,1,0,0,1
ICU_05467,66,1,,130.2,143.6,87.1,,,97.2,,,15,1,3,1
ICU_00304,61,1,26.2,110.9,164.2,48.5,28.3,93.5,173.3,0.42,1.29,24,0,0,0
ICU_02742,62,1,53.1,88.8,151.8,73.0,18.0,100.0,168.0,0.51,14.67,3,0,2,1
ICU_04571,56,0,27.4,99.4,106.0,78.3,25.0,95.6,181.6,1.57,8.47,3,1,2,1
ICU_DUP_0045,92,1,24.2,123.9,121.8,80.2,24.1,100.0,219.8,0.54,18.09,7,1,0,1
ICU_00143,65,1,23.9,94.2,111.6,64.0,16.9,95.7,186.3,1.84,24.1,15,0,3,0
ICU_03435,78,1,,95.1,78.6,62.5,,,169.2,,,17,0,0,1
ICU_01006,78,0,27.1,64.4,120.0,84.9,23.1,88.0,95.1,2.62,16.83,23,0,4,0
ICU_00898,83,0,24.3,92.8,165.1,74.8,18.0,98.8,171.9,0.53,,11,1,0,0
ICU_00602,77,0,28.3,96.7,120.8,36.0,11.2,100.0,193.8,0.3,11.43,3,1,0,1
ICU_01063,30,0,26.6,54.3,87.8,69.6,10.3,88.0,136.8,1.16,16.63,22,1,1,1
ICU_02760,73,1,24.1,92.4,128.5,63.4,12.4,95.1,127.7,1.87,9.1,8,1,3,0
ICU_05853,44,0,,80.6,111.1,69.4,,,68.5,,,23,0,2,1
ICU_05793,64,1,28.8,85.1,130.5,54.0,19.8,97.7,57.5,6.04,1.25,18,0,1,0
ICU_00912,66,1,39.1,107.6,126.6,87.4,16.6,100.0,101.8,1.25,1.0,6,0,0,1
ICU_01487,30,1,,100.3,110.5,80.0,,,180.7,,,8,1,1,1
ICU_01953,50,0,,82.6,98.4,51.7,,,141.9,,,4,1,1,1
ICU_01579,47,0,21.5,73.4,170.5,89.9,29.4,100.0,242.3,0.7,41.35,9,1,4,1
ICU_04304,38,0,17.1,98.6,132.4,80.1,21.5,90.5,191.0,2.67,6.15,8,1,2,1
ICU_01483,54,0,22.5,64.4,146.4,121.2,34.2,97.9,102.8,1.84,3.61,12,0,2,0
ICU_01970,72,0,55.8,112.4,99.1,78.7,20.8,100.0,123.4,3.02,23.18,8,0,3,0
ICU_04763,68,0,28.9,120.2,137.7,42.4,13.2,94.3,137.1,0.35,17.06,3,1,2,0
ICU_03988,95,1,24.7,104.7,149.0,114.3,22.3,87.4,77.6,0.64,49.54,0,0,2,0
ICU_05215,71,1,34.0,96.5,105.5,89.7,15.4,88.9,217.3,0.69,8.57,12,0,3,1
ICU_00415,48,0,9.6,118.3,144.4,106.7,10.0,89.5,60.3,2.98,,20,0,2,1
ICU_00775,33,1,16.4,90.6,112.2,68.6,22.4,100.0,161.1,1.43,9.28,17,1,2,1
ICU_05223,45,0,31.9,76.0,110.3,86.7,19.7,90.1,143.0,0.3,12.46,2,1,3,1
ICU_01830,74,0,15.6,48.8,133.3,81.6,12.0,100.0,60.6,0.3,12.97,2,0,1,1
ICU_02573,61,1,36.3,99.0,74.3,80.5,16.5,98.9,81.5,1.06,8.67,5,1,1,0
ICU_05328,70,1,34.1,82.8,126.8,81.9,7.7,89.3,155.0,0.43,16.28,22,1,2,0
ICU_04720,80,1,,134.3,121.2,57.2,,,254.2,,,4,0,2,1
ICU_DUP_0075,49,0,35.0,86.5,102.1,78.1,18.9,100.0,128.0,0.56,16.31,4,1,0,0
ICU_00886,72,0,54.6,43.9,114.0,81.0,12.3,90.1,166.3,0.93,2.81,22,0,0,0
ICU_01478,46,0,28.2,101.2,177.7,47.6,18.1,94.2,92.3,1.42,6.4,20,1,0,0
ICU_01039,80,0,26.8,97.9,115.3,51.9,22.4,94.9,149.1,0.3,1.73,17,1,2,1
ICU_04962,59,1,31.0,83.4,144.7,86.9,17.4,100.0,149.2,4.7,1.0,8,1,3,1
ICU_03668,59,0,29.9,106.2,144.8,89.7,27.3,96.2,248.8,1.3,3.37,20,0,3,0
ICU_05102,66,0,25.0,86.9,158.8,84.3,20.9,99.9,141.0,0.65,1.0,2,0,1,1
ICU_01502,47,1,,61.1,76.2,39.0,,,106.5,,,23,1,2,1
ICU_04331,41,1,23.2,75.1,107.1,63.8,28.8,96.2,148.3,0.3,11.3,1,1,0,0
ICU_04781,67,0,31.1,86.0,92.1,82.0,17.9,100.0,66.4,0.3,3.18,24,0,2,1
ICU_05425,73,0,32.6,55.1,102.1,113.4,28.5,95.6,164.1,2.66,12.78,18,1,1,0
ICU_04241,78,1,37.5,68.2,153.5,79.0,17.3,89.7,147.0,0.99,23.12,6,0,1,1
ICU_03932,77,1,22.7,72.4,114.4,74.4,8.6,94.6,53.1,2.69,19.37,17,1,2,0
ICU_04574,48,1,41.2,101.2,142.5,77.0,6.0,97.7,86.9,0.3,2.49,24,0,3,1
ICU_05748,61,0,,58.1,143.7,78.7,,,151.4,,,13,0,1,1
ICU_00471,20,1,37.7,50.1,137.0,50.5,18.9,93.4,194.2,0.3,2.1,12,1,2,1
ICU_00717,64,1,26.9,89.9,165.0,63.8,15.6,96.1,176.0,0.51,29.85,7,0,4,0
ICU_05891,74,1,26.7,91.5,140.4,78.0,23.4,92.9,188.2,2.65,38.63,4,1,1,1
ICU_DUP_0054,77,0,34.9,78.1,112.5,78.0,19.3,99.4,64.0,0.66,39.66,14,1,1,0
ICU_03872,42,1,41.1,99.5,128.2,62.4,23.6,97.6,40.0,4.16,1.0,16,1,0,0
ICU_00805,56,1,,55.1,108.5,81.3,,,40.0,,,21,1,3,0
ICU_03306,71,1,30.9,73.4,89.1,88.0,27.5,93.3,134.7,0.3,26.01,16,0,2,1
ICU_05825,31,1,23.7,85.8,60.0,53.2,11.1,100.0,237.8,1.19,2.37,14,1,5,0
ICU_03022,54,1,33.7,89.2,125.6,61.1,7.3,91.5,123.4,0.35,1.82,17,0,1,1
ICU_03707,86,1,20.1,64.0,138.1,67.2,18.4,91.3,193.3,0.46,12.16,4,0,4,0
ICU_01355,18,0,27.1,55.2,103.2,56.8,12.3,95.0,159.0,0.3,18.02,21,0,1,1
ICU_02889,68,1,,97.3,141.9,61.2,6.7,87.7,118.8,,,3,1,1,0
ICU_03579,42,1,25.7,88.2,137.0,54.5,23.0,98.3,76.4,2.45,7.12,11,1,1,0
ICU_04984,72,0,19.2,84.0,121.5,59.9,32.3,91.1,92.4,3.18,,21,1,0,0
ICU_00202,81,0,20.0,99.7,122.9,30.0,20.8,100.0,98.5,1.65,14.47,7,1,4,0
ICU_01183,33,0,28.4,98.9,89.5,73.9,12.0,86.0,143.5,0.3,10.52,20,0,1,0
ICU_05535,95,0,,95.7,145.4,49.1,,,127.9,,,18,0,0,0
ICU_01837,63,0,19.7,699.5945215300461,1068.408414742324,79.0,32.8,100.0,1476.4424650267124,13.0126976187597,20.33,12,1,1,1
ICU_00803,53,1,37.1,84.2,187.6,93.7,14.7,94.4,211.4,1.86,3.23,2,1,2,1
ICU_02871,70,0,20.3,97.0,142.9,68.2,18.8,90.7,164.6,0.59,1.0,20,0,1,0
ICU_00053,73,1,23.7,79.5,128.8,83.9,34.9,96.0,180.3,0.5,14.64,14,0,1,1
ICU_00894,86,0,38.0,102.8,85.2,98.4,18.3,100.0,124.1,1.47,16.0,19,0,1,0
ICU_02056,53,0,37.2,81.2,133.0,86.2,20.7,98.6,160.2,5.53,3.39,2,1,0,1
ICU_00118,82,0,,92.6,130.9,71.9,,,154.2,,,2,1,1,1
ICU_03068,66,1,20.6,105.5,111.5,65.5,26.5,92.4,227.9,1.02,9.08,23,1,0,0
ICU_04915,65,0,29.9,72.9,91.2,94.6,9.4,97.9,231.1,1.14,1.84,17,1,4,1
ICU_05786,60,0,21.7,91.3,144.1,79.1,13.1,94.2,195.4,0.3,1.2,22,1,2,1
ICU_02874,61,1,,95.9,167.1,72.6,,,134.0,,,11,1,0,0
ICU_01179,42,1,31.1,115.4,138.6,74.8,15.6,100.0,40.0,0.3,5.7,15,0,0,1
ICU_03567,81,1,18.7,106.0,109.8,93.5,18.1,91.7,261.2,3.23,25.19,4,1,3,1
ICU_02780,77,1,52.3,85.0,121.5,88.2,22.5,100.0,186.9,0.3,6.4,1,0,4,1
ICU_05333,83,1,19.2,113.3,77.0,45.8,20.8,100.0,144.2,0.63,10.27,4,0,4,1
ICU_04378,67,0,,110.3,113.3,82.3,,,93.2,,,24,1,1,0
ICU_01873,76,0,45.4,30.0,86.1,70.2,7.9,91.3,186.9,2.15,2.17,7,1,2,0
ICU_00474,91,0,26.8,131.4,60.0,46.6,11.5,92.2,115.7,3.9,11.86,21,0,1,0
ICU_01732,61,1,41.8,78.2,111.4,63.8,14.4,100.0,103.5,0.9,4.55,18,0,2,0
ICU_DUP_0057,65,1,,126.7,144.9,48.5,,,148.4,,,8,1,3,1
ICU_02969,66,1,,129.3,150.7,56.1,,,212.7,,,10,0,0,1
ICU_05906,58,0,32.5,101.3,191.2,92.2,11.0,96.9,207.0,0.59,11.2,19,1,1,1
ICU_01654,68,1,44.8,103.0,82.6,79.2,17.4,96.9,188.6,1.26,2.0,5,1,2,1
ICU_02308,71,0,32.2,128.3,108.1,47.0,21.7,98.7,181.1,1.09,35.27,16,0,0,1
ICU_02395,35,1,,71.0,96.5,73.5,,,166.2,,,0,0,3,1
ICU_00065,86,1,29.6,70.1,147.5,89.7,22.6,94.9,226.8,0.33,8.64,3,1,1,0
ICU_03346,56,1,17.9,61.1,86.4,87.6,18.8,92.5,279.9,2.24,1.2,9,1,0,0
ICU_00988,58,1,27.6,72.5,118.7,96.2,11.4,99.5,117.5,0.63,2.67,9,1,1,0
ICU_00355,43,1,30.3,87.2,184.8,86.6,22.2,99.6,103.7,1.16,24.14,3,1,2,1
ICU_04903,55,1,37.1,111.6,93.1,53.1,17.5,95.4,185.3,1.54,,2,1,4,1
ICU_00823,55,1,14.9,52.4,139.5,78.1,17.2,95.6,97.0,0.48,3.29,19,1,0,0
ICU_00687,55,1,30.7,92.5,126.4,66.6,28.5,93.0,123.5,0.3,2.51,8,1,1,1
ICU_05303,71,1,29.6,88.7,145.2,60.6,18.4,100.0,52.5,2.0,16.42,20,1,0,1
ICU_05826,60,0,14.5,76.3,66.8,68.1,23.4,91.3,110.7,0.37,1.0,20,0,1,1
ICU_03113,40,0,23.3,555.7451065682644,718.2393021320734,89.1,12.1,92.8,1258.922133978574,8.454028059901335,10.57,5,1,2,1
ICU_00297,67,1,20.1,125.8,86.6,78.8,15.8,99.6,123.2,1.01,2.97,16,1,2,0
ICU_01005,69,0,30.8,122.0,120.6,85.8,19.3,92.7,85.8,0.68,1.44,17,0,1,1
ICU_01716,67,0,25.0,81.9,139.4,59.7,6.0,100.0,70.3,0.33,2.99,9,0,3,1
ICU_01121,83,0,24.8,89.3,109.8,72.9,16.6,87.5,213.1,1.42,12.37,20,0,5,1
ICU_01613,60,1,25.5,121.8,154.0,47.3,11.0,91.1,166.3,3.55,1.72,13,1,2,0
ICU_02124,62,1,35.2,51.3,66.4,68.8,11.0,90.2,182.1,0.33,43.6,18,0,3,0
ICU_04716,95,0,32.0,42.0,92.6,52.7,14.8,93.2,196.6,0.62,8.31,16,0,4,0
ICU_04871,86,0,15.6,105.3,133.4,59.6,20.9,82.7,40.0,1.08,1.0,18,1,3,0
ICU_03532,60,1,,109.8,136.7,75.2,,,197.5,,,20,0,0,0
ICU_01421,81,0,28.0,114.7,112.2,64.7,19.2,100.0,202.2,1.71,21.78,17,0,0,0
ICU_05620,56,0,40.8,104.7,111.6,70.5,22.3,96.0,90.1,1.07,18.38,7,0,2,1
ICU_01811,64,1,32.9,92.3,119.0,70.5,26.6,96.7,123.9,2.83,2.49,7,1,1,1
ICU_04485,33,1,18.0,66.9,97.5,78.7,18.1,100.0,145.0,0.3,1.0,9,1,4,0
ICU_02552,95,1,53.9,65.9,105.8,74.1,11.1,95.9,119.3,2.64,28.77,22,0,4,1
ICU_04520,53,1,,118.6,124.0,85.4,,,66.2,,,7,0,1,1
ICU_05570,61,0,46.7,49.9,161.7,81.5,17.5,100.0,151.7,1.18,35.45,9,0,2,0
ICU_02946,63,1,38.8,87.1,147.0,89.4,15.4,97.0,178.6,1.64,28.05,1,0,0,1
ICU_02349,54,1,22.1,133.8,75.8,83.1,14.8,91.0,60.1,0.3,4.41,8,0,1,0
ICU_02285,70,1,38.7,80.6,91.8,57.1,11.7,96.1,101.3,1.71,4.73,3,0,0,1
ICU_05411,52,1,22.0,85.1,154.8,53.2,23.8,90.7,83.1,3.52,2.69,20,1,2,1
ICU_00135,89,0,25.3,90.0,103.4,93.3,22.1,90.6,184.9,2.2,4.63,14,0,1,0
ICU_01070,61,1,33.4,39.1,60.0,40.7,12.2,96.8,114.5,0.81,2.17,21,1,1,1
ICU_04160,62,0,21.7,101.4,108.7,91.2,23.5,97.2,163.6,1.26,5.89,17,1,0,1
ICU_00951,68,1,39.2,114.4,131.0,80.3,27.1,100.0,174.6,0.3,3.58,23,1,1,0
ICU_03649,54,0,24.6,105.9,60.0,68.6,20.6,100.0,212.8,0.93,16.61,20,0,3,1
ICU_00831,45,0,28.4,121.5,143.6,73.8,12.9,97.2,271.5,0.63,6.08,4,1,1,1
ICU_02971,60,1,29.6,75.2,149.2,68.8,11.2,98.1,180.0,1.04,1.0,1,1,3,1
ICU_00509,47,0,,81.1,129.6,87.2,,,209.7,,,14,1,4,1
ICU_01512,49,1,27.2,75.8,75.1,88.1,13.8,92.9,103.2,0.9,20.47,9,0,4,1
ICU_05117,51,1,24.0,99.0,112.0,57.3,19.1,93.9,217.0,0.3,1.0,19,1,4,0
ICU_02232,26,1,20.6,76.5,84.5,81.0,14.8,90.9,217.4,0.3,13.46,23,0,1,0
ICU_00251,78,0,,72.3,67.2,57.3,,,76.0,,,1,1,4,0
ICU_05370,39,0,26.2,100.1,110.2,81.0,21.3,93.5,234.5,0.72,1.0,11,0,0,1
ICU_02479,74,0,49.1,52.9,153.2,63.5,12.1,93.6,115.1,1.92,6.23,17,0,2,1
ICU_03619,78,1,,97.8,123.5,125.9,,,176.9,,,14,1,1,1
ICU_01469,70,1,29.0,93.7,147.1,99.0,17.2,88.2,113.6,2.27,23.51,14,0,1,0
ICU_00452,44,1,23.9,115.3,135.8,68.6,23.2,85.2,117.6,0.88,21.39,15,1,2,0
ICU_03953,72,0,28.7,60.9,126.5,108.5,19.5,94.0,183.0,0.3,4.71,13,1,1,1
ICU_04057,70,0,31.0,95.1,126.8,82.1,12.9,100.0,40.0,0.3,,19,1,4,0
ICU_00686,57,1,17.3,95.2,97.7,60.0,16.0,94.6,204.3,3.06,5.97,13,1,0,1
ICU_01156,49,0,34.7,82.3,110.7,81.8,13.1,94.4,46.6,0.3,15.31,23,0,0,1
ICU_05492,55,0,21.4,112.8,111.2,66.4,22.2,97.8,186.0,0.78,14.21,15,1,1,1
ICU_02645,47,0,28.5,73.1,111.8,65.1,15.6,88.8,64.4,2.7,11.2,10,1,3,1
ICU_01904,60,0,25.7,84.5,95.3,97.8,26.7,94.6,151.2,0.67,,3,0,1,0
ICU_03367,65,0,44.3,114.2,121.6,77.2,14.4,99.0,219.2,1.48,1.26,10,1,3,0
ICU_01048,88,1,21.5,66.6,93.2,68.8,14.3,95.9,229.3,0.3,4.53,3,0,3,1
ICU_03866,67,1,14.0,97.3,140.8,59.5,13.7,88.7,153.1,1.35,4.31,4,1,3,0
ICU_04156,71,0,21.6,103.2,188.3,113.7,24.4,89.2,111.2,2.07,5.32,22,1,3,1
ICU_DUP_0008,95,1,28.6,49.6,122.6,95.1,18.0,90.4,144.1,1.77,22.77,9,1,2,1
ICU_01086,80,1,16.7,106.6,88.0,87.8,12.4,99.5,106.7,4.5,10.82,5,0,0,1
ICU_00989,62,0,31.7,90.2,104.8,82.0,12.5,88.6,40.0,4.07,1.0,16,0,3,1
ICU_02197,62,1,17.7,120.0,101.1,56.5,10.9,100.0,145.6,0.3,1.88,22,0,2,0
ICU_05021,48,1,31.4,130.7,105.6,76.9,20.6,93.7,201.8,0.3,1.04,0,0,2,1
ICU_05979,70,0,30.0,107.1,121.6,87.5,6.0,92.3,40.0,0.3,3.94,19,1,4,0
ICU_05033,71,1,25.7,91.7,125.0,68.6,19.9,93.7,178.0,1.59,15.72,6,1,2,0
ICU_02242,95,1,17.1,100.9,63.0,81.5,23.5,100.0,116.2,6.52,4.17,19,1,1,0
ICU_03972,68,0,26.5,114.4,126.6,105.9,13.5,82.0,203.5,0.72,3.99,11,0,3,1
ICU_00091,79,0,22.4,125.8,103.1,89.7,16.9,98.8,176.9,1.38,1.0,10,1,0,0
ICU_01280,64,0,30.7,92.5,134.8,81.3,6.7,89.6,162.8,0.51,14.69,11,1,1,0
ICU_01719,54,0,27.3,80.0,147.9,72.3,17.4,96.5,106.5,0.3,5.6,18,1,2,1
ICU_05950,64,0,35.3,314.5521893515285,599.5851042908648,54.0,25.7,97.9,1480.5131812924697,29.04480288675461,2.24,12,0,1,0
ICU_04434,52,1,,104.4,98.1,82.1,,,136.8,,,3,1,3,0
ICU_02485,77,1,22.6,133.4,101.7,81.0,14.2,99.1,146.0,0.83,10.65,2,0,0,1
ICU_04711,72,1,35.0,83.4,144.3,69.2,15.5,92.7,118.4,2.87,2.47,21,0,1,0
ICU_05878,47,1,22.2,41.5,98.3,75.3,18.5,93.4,160.5,4.81,50.0,19,1,3,0
ICU_05282,80,1,,75.5,122.0,103.8,,,67.2,,,23,0,2,0
ICU_05329,30,0,32.1,104.3,132.7,79.8,13.0,91.8,131.5,2.51,21.76,3,1,1,1
ICU_05789,63,1,,118.7,102.5,82.1,,,112.1,,,8,1,1,1
ICU_04175,70,1,25.3,81.1,60.0,69.1,10.0,93.1,145.1,0.43,12.22,10,1,2,0
ICU_02221,50,1,21.3,118.5,139.0,55.2,21.3,87.4,110.9,0.51,1.76,6,1,2,1
ICU_04216,95,1,30.9,59.4,114.2,97.0,20.6,91.0,151.5,0.3,4.82,4,0,0,1
ICU_01251,77,1,36.5,94.6,162.9,56.0,19.4,92.7,276.1,1.98,12.98,20,0,0,1
ICU_03121,50,1,28.1,65.8,83.1,41.5,12.5,98.7,111.4,1.95,,22,0,0,1
ICU_00941,77,0,21.0,82.7,119.3,68.7,25.3,91.7,100.8,1.61,3.7,0,1,0,1
ICU_02856,49,0,30.1,843.6374901207149,1104.3538531633403,36.5,22.4,100.0,604.8046502800423,,,17,0,2,1
ICU_03899,68,0,19.7,98.9,145.2,65.3,28.9,100.0,58.6,0.57,7.0,16,0,1,0
ICU_05317,58,0,30.3,90.0,91.5,60.5,16.1,100.0,211.0,0.4,1.61,19,0,1,1
ICU_00013,27,1,28.7,132.0,115.8,70.2,14.5,97.0,202.1,2.27,16.12,22,0,0,1
ICU_04736,47,1,27.5,49.9,128.0,75.3,17.5,91.0,142.5,3.24,7.73,13,1,0,0
ICU_01109,95,1,20.3,69.9,119.7,98.5,18.6,88.5,110.3,0.3,8.6,22,0,1,0
ICU_05231,71,0,34.5,87.5,139.1,77.8,27.0,91.5,163.4,0.35,26.49,21,0,0,0
ICU_01211,49,0,18.2,90.4,69.0,61.4,16.1,88.4,187.4,0.71,26.01,21,1,0,0
ICU_02996,66,0,28.1,89.8,150.2,76.5,20.1,93.6,44.3,0.73,1.0,14,0,2,0
ICU_03033,44,1,15.2,92.9,135.5,53.1,18.2,91.7,142.3,2.27,7.73,24,0,3,0
ICU_05991,67,1,24.7,65.2,105.7,68.8,20.5,93.5,96.5,2.3,1.84,24,0,1,1
ICU_DUP_0039,64,1,27.8,87.4,131.9,50.7,29.3,98.1,144.1,0.79,4.13,10,0,0,0
ICU_02586,38,0,23.1,90.5,142.4,79.8,25.8,100.0,85.2,0.44,13.89,24,1,4,0
ICU_03299,82,0,23.6,70.3,104.8,68.9,27.0,98.3,188.3,0.72,10.63,9,0,3,1
ICU_05415,73,1,28.6,74.6,168.1,82.0,18.7,88.9,130.1,1.3,6.72,20,1,1,0
ICU_00245,55,0,35.2,107.2,83.8,71.5,19.5,96.4,183.2,0.71,7.74,2,0,3,1
ICU_01881,91,0,27.7,119.1,146.3,52.2,17.0,100.0,95.9,0.31,18.87,0,0,1,1
ICU_02656,42,1,32.6,104.5,164.9,71.9,14.0,100.0,170.8,1.58,,20,0,1,1
ICU_02795,46,0,35.8,90.1,122.6,43.1,8.7,93.3,91.3,1.67,2.75,5,1,0,1
ICU_04198,18,1,29.2,98.6,123.5,76.3,25.5,100.0,241.0,0.3,7.31,18,1,0,1
ICU_02146,33,0,37.0,79.0,179.5,65.6,18.3,98.9,232.4,0.96,9.15,0,0,1,0
ICU_05309,44,1,15.9,70.9,60.0,73.8,13.9,92.7,58.1,1.57,1.0,22,0,0,0
ICU_03076,75,0,28.5,65.0,122.9,95.2,6.0,100.0,131.7,1.4,6.92,0,1,2,1
ICU_01234,47,0,19.2,102.3,144.5,63.2,21.3,100.0,193.2,0.53,3.09,22,1,1,0
ICU_02382,68,1,23.1,58.0,169.7,69.9,10.4,100.0,40.4,2.32,2.43,14,0,1,0
ICU_00502,36,1,24.2,64.2,127.1,82.6,25.9,99.5,158.3,0.79,,19,1,0,1
ICU_03231,25,1,21.1,117.1,82.3,44.1,20.8,100.0,78.7,0.85,11.61,9,1,0,1
ICU_01431,76,0,31.9,75.9,127.8,65.9,6.0,91.8,119.5,0.61,7.04,13,1,2,0
ICU_04737,62,1,22.1,58.1,113.2,65.4,22.8,98.0,148.6,0.84,4.76,4,1,0,1
ICU_DUP_0004,81,1,19.5,80.2,125.8,55.2,18.7,94.5,183.4,0.52,13.32,2,0,1,1
ICU_03342,43,0,21.2,595.1109752521004,1645.5959451689494,47.7,16.8,100.0,381.136226697939,18.01360374688256,7.16,6,0,2,1
ICU_00237,65,1,26.3,100.8,74.7,44.7,15.6,94.2,83.0,1.82,1.11,19,0,0,0
ICU_05838,39,0,,99.9,113.3,91.0,,,289.7,,,22,1,5,1
ICU_00476,72,1,21.5,107.0,101.6,74.7,16.5,96.6,184.8,1.06,12.9,8,1,1,1
ICU_01903,68,1,22.5,95.6,79.7,51.6,22.3,100.0,148.9,5.29,17.63,10,0,0,0
ICU_04771,44,1,35.0,95.4,126.3,84.6,19.7,100.0,184.7,0.61,10.32,14,0,0,0
ICU_02375,88,1,24.9,49.1,118.4,72.5,24.0,93.6,153.9,0.95,5.32,16,1,3,1
ICU_03828,83,1,19.9,79.7,138.4,81.3,18.3,93.1,208.8,0.73,2.03,2,1,3,1
ICU_00186,70,1,25.7,75.8,137.7,70.9,21.9,97.8,208.1,2.46,3.04,0,1,3,0
ICU_00671,24,0,36.2,102.5,79.9,45.8,6.0,96.1,134.4,1.21,5.84,13,0,3,1
ICU_01053,66,0,34.2,89.4,102.7,72.8,25.4,94.9,40.0,0.96,7.28,6,1,1,1
ICU_01772,50,0,20.5,111.4,133.9,69.0,24.9,92.0,293.0,0.3,1.84,15,1,1,1
ICU_05189,93,1,30.6,51.0,115.4,57.2,18.6,91.0,166.6,1.67,8.21,1,0,1,0
ICU_05210,63,0,20.5,30.0,84.5,96.6,22.9,99.2,112.1,1.11,15.93,18,1,1,0
ICU_02953,89,1,21.7,126.8,139.7,72.9,14.9,92.9,102.1,0.3,1.8,15,1,2,0
ICU_01060,75,0,37.8,53.1,156.7,39.9,15.0,98.2,76.5,0.37,8.53,12,0,1,1
ICU_05079,88,0,15.1,462.50677003743397,1420.5743684197762,71.5,6.0,100.0,1076.1984076816752,4.049351087606804,3.26,6,0,0,0
ICU_05614,52,1,31.2,135.9,122.1,75.5,18.8,95.8,125.8,2.84,2.27,16,0,1,1
ICU_05051,68,1,17.8,124.5,96.5,66.9,18.7,99.9,122.8,1.76,1.0,17,0,1,1
ICU_03090,29,1,28.5,69.2,100.9,64.8,10.9,100.0,157.9,0.3,20.38,14,0,3,1
ICU_02371,52,1,24.4,101.2,112.3,60.0,30.7,98.8,112.3,0.54,2.61,14,0,2,1
ICU_05518,39,0,21.0,104.0,105.8,67.2,23.0,99.3,119.6,0.3,1.0,23,0,0,1
ICU_00729,47,1,31.2,134.0,143.2,67.9,25.0,93.6,158.7,0.93,4.46,14,0,2,0
ICU_02868,71,0,35.4,113.6,135.4,104.6,9.4,97.5,220.3,0.3,18.02,10,0,3,1
ICU_01307,61,1,37.5,83.6,121.0,84.2,25.1,96.5,137.3,0.75,1.09,10,0,2,0
ICU_01454,72,1,28.0,61.7,105.0,35.4,19.4,99.1,217.1,0.3,11.13,3,0,2,0
ICU_01971,18,0,,90.9,167.1,61.8,,,105.3,,,11,1,1,1
ICU_03340,74,0,23.9,56.5,121.5,75.4,14.0,92.4,275.3,4.48,5.56,0,0,0,1
ICU_03418,38,0,42.8,60.2,90.6,72.7,11.9,88.5,65.7,0.49,18.5,0,1,0,1
ICU_00449,42,0,33.3,960.1298674378197,1170.1493918451597,61.3,27.0,90.1,1607.6338575447214,16.629416496367188,25.45,4,1,3,1
ICU_03890,74,0,20.1,145.8,141.1,47.9,27.2,96.8,105.6,5.36,50.0,3,0,2,1
ICU_01748,65,1,38.8,93.1,141.4,77.3,12.8,97.0,239.8,0.3,10.87,1,0,1,1
ICU_01758,91,1,28.7,100.1,60.0,59.5,16.1,87.8,57.4,0.33,5.03,3,1,0,0
ICU_04318,64,0,21.7,64.5,147.7,75.4,17.2,92.0,161.6,2.08,1.0,4,0,1,1
ICU_04676,74,0,25.2,104.6,140.7,41.9,21.0,94.2,127.9,1.35,1.0,18,0,3,1
ICU_02646,55,1,14.4,101.5,79.4,89.3,19.0,93.7,213.2,0.72,37.35,6,0,0,1
ICU_04697,84,0,18.7,109.2,109.4,79.8,23.8,98.7,258.4,1.41,18.24,21,1,0,0
ICU_04402,46,1,37.0,30.0,141.9,62.0,9.0,96.5,40.0,0.3,8.21,13,1,0,1
ICU_04904,73,0,22.4,71.9,90.9,92.9,21.8,87.3,85.5,2.25,16.21,16,0,4,1
ICU_00614,95,0,34.4,116.5,150.8,63.1,15.9,100.0,93.8,1.49,6.53,23,0,0,0
ICU_05831,59,0,,57.0,115.2,95.5,,,188.2,,,5,0,2,1
ICU_05814,18,1,,169.2,139.8,57.0,,,189.4,,,13,1,0,1
ICU_01542,91,1,57.0,87.0,111.5,42.6,19.3,90.1,147.4,0.84,14.29,14,1,0,0
ICU_03566,66,1,23.1,88.5,123.7,62.0,14.5,100.0,40.0,1.3,15.55,11,0,2,1
ICU_00353,59,0,26.6,108.8,80.2,84.3,21.0,88.9,120.6,1.01,1.8,14,1,3,1
ICU_05981,91,0,28.9,81.3,171.7,50.4,6.0,98.2,65.7,0.3,19.0,10,1,0,1
ICU_05921,64,0,40.7,76.6,126.0,38.9,19.6,93.7,186.7,5.37,2.64,4,0,0,1
ICU_04977,64,0,21.2,125.0,94.4,67.0,29.1,90.1,123.8,2.01,1.96,19,0,0,0
ICU_05456,50,0,,112.3,117.0,90.4,,,62.0,,,20,0,1,0
ICU_02916,58,0,28.0,85.0,122.3,76.4,13.5,90.9,170.1,0.3,22.49,3,0,1,1
ICU_03379,48,0,42.0,45.6,129.3,80.8,16.8,98.0,69.9,1.58,34.02,9,1,0,1
ICU_05718,72,1,34.1,95.8,106.8,66.3,6.0,94.2,101.4,1.08,25.63,2,1,4,0
ICU_00291,53,1,26.3,90.3,93.5,64.6,11.3,100.0,220.3,3.24,11.67,7,0,1,1
ICU_01069,68,1,32.5,733.6035613905735,736.1483677243716,90.9,20.5,97.2,1423.4352074935857,17.504781090199725,34.12,18,1,2,0
ICU_01955,86,1,31.4,98.9,106.3,43.4,8.1,85.5,199.3,0.3,26.75,10,1,1,1
ICU_00827,52,0,25.1,85.6,89.9,97.8,9.1,93.2,208.1,0.3,7.19,17,1,0,1
ICU_00743,62,0,32.6,103.3,111.3,87.7,11.9,86.4,175.7,0.67,1.0,15,0,2,1
ICU_03939,48,1,22.4,86.4,138.0,56.7,20.7,90.4,79.3,0.94,,5,1,1,1
ICU_02835,56,1,19.2,129.6,95.7,103.7,32.0,96.4,125.3,0.3,9.3,8,1,1,0
ICU_05372,42,0,21.6,82.9,98.3,85.3,18.9,91.7,274.7,0.42,1.0,1,1,1,1
ICU_02671,72,0,37.4,66.7,138.0,53.8,29.5,90.4,44.9,2.19,15.18,12,1,2,0
ICU_04707,53,0,27.1,125.7,107.5,98.9,23.0,92.2,171.1,0.92,49.89,19,1,4,1
ICU_03270,58,0,22.1,106.2,60.0,55.9,23.5,100.0,167.0,1.32,3.12,3,1,0,1
ICU_00956,68,1,,113.1,166.8,47.8,,,118.0,,,8,1,0,1
ICU_00205,45,0,23.9,92.7,61.7,70.4,6.1,91.1,214.2,1.11,5.27,7,1,2,1
ICU_04058,79,1,44.7,86.7,70.1,108.0,18.0,94.8,90.6,0.55,1.0,10,1,2,1
ICU_01314,62,1,27.8,88.0,127.0,57.5,19.8,90.0,47.5,0.3,19.23,7,0,3,1
ICU_04789,58,0,23.3,79.5,133.6,30.0,9.1,99.0,90.6,0.38,35.61,22,0,0,1
ICU_04729,62,1,,60.9,90.1,80.8,,,52.0,,,20,1,3,0
ICU_01118,65,0,34.2,88.6,112.3,72.5,11.1,99.3,162.6,2.12,8.39,21,1,2,1
ICU_DUP_0014,73,1,28.6,74.6,168.1,82.0,18.7,88.9,130.1,1.3,6.72,20,1,1,0
ICU_03829,70,1,29.3,62.7,84.4,84.2,15.4,100.0,147.7,1.91,1.0,23,1,2,1
ICU_02266,29,1,19.8,98.8,118.3,91.0,15.4,95.5,276.5,0.49,14.67,20,1,1,1
ICU_03831,52,1,15.5,67.7,88.7,87.8,22.6,92.5,93.8,0.78,,11,0,2,0
ICU_00282,90,0,26.7,76.2,129.0,96.7,19.9,96.6,166.0,2.53,1.0,24,1,1,0
ICU_00891,71,0,40.2,100.1,73.8,44.4,14.5,99.2,179.2,1.61,1.37,2,0,0,1
ICU_04850,18,0,19.2,93.1,152.5,64.5,16.8,84.9,204.0,0.74,9.58,11,0,2,1
ICU_03813,63,0,26.5,95.1,139.2,54.6,9.5,100.0,220.3,0.87,9.96,13,0,1,1
ICU_03431,86,1,,68.6,83.1,50.3,,,111.5,,,12,0,4,0
ICU_05486,64,1,26.4,88.7,134.7,62.1,20.6,100.0,112.8,6.12,1.0,12,0,0,1
ICU_01705,57,0,,79.4,137.2,89.4,,,114.2,,,3,0,2,0
ICU_03929,65,1,35.0,109.0,147.3,70.4,14.1,98.0,245.5,0.3,3.29,9,0,1,1
ICU_00072,61,1,,109.8,60.0,30.0,,,68.8,,,3,0,0,1
ICU_02992,63,0,29.9,94.4,96.0,56.5,31.6,96.4,138.7,0.63,5.12,10,0,1,1
ICU_01550,60,1,28.2,97.6,110.3,43.0,18.3,93.6,104.2,2.08,11.67,21,1,2,0
ICU_00283,39,1,16.1,40.8,103.8,92.7,29.1,86.6,107.6,0.3,18.7,23,0,1,1
ICU_02240,63,1,33.8,81.3,103.6,65.6,16.1,96.4,110.8,0.38,21.74,20,0,3,1
ICU_01044,58,0,18.3,87.8,97.1,79.5,23.8,96.2,166.5,0.3,6.32,16,0,3,0
ICU_05797,57,0,19.3,80.6,60.0,94.0,24.5,95.6,129.7,1.59,1.0,16,1,5,0
ICU_DUP_0033,53,0,17.0,102.9,105.3,75.9,12.2,91.5,135.2,2.4,2.01,9,0,0,1
ICU_02822,61,0,,71.4,63.7,102.9,,,116.6,,,4,1,1,1
ICU_05085,95,1,17.6,81.0,81.9,55.1,15.9,93.7,191.6,1.67,26.73,6,1,1,0
ICU_03287,58,0,30.6,95.5,108.7,35.1,15.2,90.6,104.4,2.01,,10,1,3,1
ICU_05896,33,0,28.0,107.6,126.7,57.2,18.2,91.5,178.0,0.3,9.94,20,0,1,1
ICU_02801,95,0,,98.1,177.9,79.3,,,155.2,,,3,0,0,1
ICU_04395,37,1,25.0,30.0,136.2,85.3,21.4,96.8,141.1,3.03,2.15,1,1,5,1
ICU_01440,73,1,14.8,52.1,98.8,70.9,20.4,97.3,204.7,0.92,11.98,3,1,2,1
ICU_03122,70,0,29.8,119.8,134.8,62.8,13.3,86.1,72.0,0.37,4.75,17,1,1,1
ICU_03993,75,1,,89.8,149.1,77.5,,,158.2,,,0,1,0,0
ICU_01324,63,0,24.9,109.6,122.2,52.8,31.4,99.5,78.7,4.4,1.19,22,0,1,1
ICU_00434,89,0,22.7,589.7993295519998,1083.3091912398459,30.6,15.8,99.2,689.1222425544665,5.572786742097073,20.82,21,0,3,1
ICU_04422,84,1,28.4,81.1,88.3,98.3,25.3,92.8,348.3,1.72,4.68,22,0,1,0
ICU_01998,59,1,20.6,62.3,119.5,55.8,23.7,95.8,221.9,0.3,37.57,20,0,0,1
ICU_02033,71,1,30.7,89.1,126.0,48.6,12.3,94.1,214.0,0.3,3.03,8,1,2,0
ICU_00446,68,1,18.5,102.4,129.4,53.9,20.6,100.0,173.7,0.3,2.25,19,0,0,0
ICU_00935,52,1,36.9,102.3,138.9,76.2,12.6,93.1,159.1,1.0,30.35,24,0,4,1
ICU_05090,29,1,,127.5,103.4,47.6,16.2,,198.7,,,0,1,3,0
ICU_05505,77,0,14.0,110.6,126.0,81.9,21.2,100.0,159.1,0.34,9.21,2,1,0,1
ICU_02623,87,0,19.3,85.9,112.0,89.6,15.7,90.9,155.1,0.87,10.99,12,0,4,1
ICU_00512,57,0,45.8,68.6,127.8,80.6,20.1,87.7,239.6,0.43,5.95,10,0,3,1
ICU_00731,44,1,24.2,100.1,86.0,76.4,30.9,95.1,118.7,2.37,14.66,20,0,4,1
ICU_03891,72,1,41.9,86.0,82.7,89.6,21.4,92.5,118.0,1.23,4.94,5,0,1,1
ICU_01031,31,1,18.6,62.1,113.9,36.5,19.7,100.0,178.0,,,2,0,2,1
ICU_04805,33,1,,59.4,60.0,67.3,,,42.9,,,17,1,2,1
ICU_05376,95,0,,83.0,60.0,75.2,,,126.3,,,0,1,1,1
ICU_00273,62,1,26.3,69.0,138.3,71.8,11.9,91.7,118.3,0.97,5.37,10,1,0,1
ICU_01856,87,1,35.8,79.7,153.7,55.1,32.0,100.0,63.0,4.98,15.43,16,0,0,0
ICU_04698,64,1,27.8,87.4,131.9,50.7,29.3,98.1,144.1,0.79,4.13,10,0,0,0
ICU_05590,52,0,27.1,115.6,133.9,64.9,19.5,90.2,63.4,0.97,11.07,24,0,0,1
ICU_04433,51,0,31.2,78.5,113.6,67.7,20.8,89.7,208.6,0.3,18.13,23,0,1,1
ICU_03573,65,1,27.0,61.1,175.8,45.1,17.0,97.8,106.5,2.81,1.0,17,1,2,1
ICU_02361,37,0,26.5,75.8,117.5,96.9,15.9,94.3,121.9,1.06,3.3,21,0,0,1
ICU_01145,62,0,25.4,65.8,117.0,40.9,11.5,94.4,154.8,0.3,4.67,3,1,0,0
ICU_05695,71,1,38.7,74.8,144.9,77.7,34.6,97.3,131.1,0.4,8.4,5,0,0,1
ICU_00645,57,1,18.5,55.0,152.4,61.8,17.1,100.0,144.2,0.3,9.02,8,1,3,0
ICU_01027,64,1,34.7,91.9,166.1,76.1,18.9,100.0,174.8,0.7,32.13,0,0,0,1
ICU_02532,71,0,28.8,83.2,91.7,87.8,23.6,98.3,128.2,1.56,3.54,10,1,2,0
ICU_05459,58,1,,116.6,129.2,82.1,,,92.5,,,23,1,1,0
ICU_03057,65,0,26.5,97.0,129.4,58.5,12.4,96.6,121.6,0.88,8.7,16,1,2,1
ICU_00366,66,1,26.2,67.9,141.5,76.8,18.7,93.3,85.5,0.3,1.0,7,1,1,0
ICU_01174,48,0,26.6,79.3,121.9,47.4,16.9,96.2,175.3,0.63,1.26,12,1,0,1
ICU_02514,59,1,22.4,72.1,79.7,46.0,12.5,88.9,40.0,1.75,6.3,11,0,4,0
ICU_01977,79,1,,49.2,104.2,88.7,,,178.8,,,15,0,0,0
ICU_04085,57,1,30.6,103.6,156.8,58.4,12.6,85.7,191.9,1.2,,1,0,1,1
ICU_03948,56,1,,76.4,77.6,66.1,,,50.3,,,20,1,0,1
ICU_05989,54,0,24.8,115.3,152.2,72.5,27.3,87.4,190.0,0.64,2.3,24,1,2,0
ICU_01397,44,0,36.6,92.0,139.8,47.5,8.8,99.2,179.1,1.36,4.6,15,1,1,1
ICU_02899,67,1,16.3,73.4,101.6,71.2,9.0,91.5,146.2,2.09,4.28,2,0,1,0
ICU_03129,54,1,38.9,102.8,148.8,54.8,7.0,99.4,40.0,3.74,10.93,0,0,2,1
ICU_02851,77,1,28.8,94.9,60.0,85.1,14.4,92.4,202.7,0.3,14.44,22,0,0,1
ICU_04839,50,1,26.8,85.8,112.4,64.1,6.0,97.9,171.1,0.3,11.5,22,0,3,0
ICU_00450,60,1,40.2,82.1,105.3,70.4,8.8,94.5,85.0,0.34,2.72,18,0,3,1
ICU_01388,62,0,27.1,74.9,122.8,55.0,13.1,94.9,209.7,0.3,11.69,22,1,1,1
ICU_05245,61,1,20.5,113.2,109.3,67.7,9.4,90.9,189.9,1.08,2.73,9,0,0,0
ICU_00925,34,1,20.8,82.3,122.5,79.8,15.0,88.2,186.4,1.19,1.0,4,0,2,1
ICU_00004,57,1,21.2,107.8,117.8,93.4,16.4,87.6,137.2,1.48,4.23,21,0,2,0
ICU_05451,63,0,35.9,67.8,100.2,78.3,18.6,94.7,125.8,0.71,7.94,20,1,2,1
ICU_05487,69,1,32.4,96.1,151.1,76.7,19.4,99.1,66.3,0.44,1.96,21,0,0,1
ICU_03339,94,1,31.6,127.4,70.9,63.3,22.9,96.1,166.2,1.86,4.99,17,0,3,1
ICU_00480,59,0,31.6,93.3,77.8,80.5,8.2,98.4,40.0,0.99,11.54,20,1,1,1
ICU_05996,82,0,30.0,80.6,100.6,65.0,6.0,96.0,239.5,0.5,1.93,18,0,0,1
ICU_05207,52,0,31.6,105.7,102.4,46.8,19.6,100.0,205.6,0.94,30.34,7,1,3,0
ICU_05745,68,1,26.1,88.6,80.5,74.5,10.4,94.1,256.3,0.87,5.48,1,0,2,1
ICU_04831,40,0,24.2,87.0,78.4,68.3,12.1,95.6,75.3,1.06,13.26,10,1,0,1
ICU_00498,46,0,22.9,67.0,138.4,60.8,17.4,93.8,196.7,0.5,,24,0,0,1
ICU_01692,77,0,35.2,100.1,124.4,74.1,17.1,100.0,164.5,2.06,16.25,3,0,1,1
ICU_03276,83,1,22.7,88.0,77.0,63.4,12.3,90.8,63.5,0.54,8.85,17,1,1,1
ICU_01226,62,1,20.2,76.7,134.2,63.4,18.1,94.2,81.9,0.64,2.64,8,1,3,0
ICU_02171,60,1,,42.3,76.1,72.4,,,222.6,,,1,1,3,1
ICU_01330,89,0,29.2,73.0,182.0,70.1,15.6,90.6,211.8,1.22,7.26,14,0,2,1
ICU_01095,60,0,19.7,106.7,97.0,46.4,17.4,93.6,154.4,3.11,27.35,6,0,4,1
ICU_02551,28,1,26.8,60.3,114.9,76.8,11.4,100.0,53.8,3.09,3.47,1,1,5,1
ICU_04647,61,1,29.9,71.2,79.1,77.2,9.9,96.3,176.9,0.5,1.7,8,1,3,0
ICU_04848,51,0,23.4,95.1,88.0,68.6,7.0,100.0,223.6,0.59,9.43,23,1,2,0
ICU_02518,57,1,39.0,38.1,137.4,71.6,21.2,96.1,116.2,0.38,5.1,4,1,0,0
ICU_00392,38,1,,136.4,154.1,83.1,,,196.3,,,16,0,0,0
ICU_01803,34,1,20.8,73.4,121.7,39.3,16.5,93.9,158.2,2.45,3.95,9,1,3,0
ICU_04247,95,0,26.3,51.2,97.1,75.4,17.0,90.8,75.7,2.82,3.04,19,0,0,0
ICU_01229,95,1,37.4,100.4,86.8,58.6,14.5,86.3,126.2,0.44,31.27,24,1,1,0
ICU_04968,56,0,16.7,106.3,130.8,67.2,18.8,100.0,110.2,0.3,25.33,5,0,0,1
ICU_02121,76,0,18.5,109.0,142.2,64.7,15.8,97.9,189.1,0.88,32.25,3,1,0,0
ICU_04944,93,0,28.9,92.4,95.4,95.7,6.0,87.7,123.9,3.49,5.28,23,1,1,1
ICU_02370,59,1,17.8,140.9,116.3,76.9,23.2,94.1,174.4,1.98,2.34,15,1,2,1
ICU_04301,37,0,26.4,115.6,143.4,82.6,9.4,96.9,218.3,0.76,6.69,5,1,0,0
ICU_03587,45,0,23.4,87.0,60.0,101.3,19.9,87.2,233.5,0.8,4.47,3,1,2,1
ICU_05579,62,1,23.3,99.7,90.7,85.9,19.7,100.0,218.6,0.3,4.27,19,0,0,1
ICU_05516,71,0,20.9,105.9,144.1,83.4,12.1,96.9,73.0,1.51,16.57,4,0,4,1
ICU_02955,93,0,22.8,88.9,93.9,58.3,14.5,90.9,197.3,0.3,6.33,1,0,2,1
ICU_03791,54,1,29.0,66.7,127.3,93.4,13.7,93.2,138.9,0.55,25.32,21,0,2,1
ICU_02667,39,1,36.6,122.5,68.9,80.2,22.0,94.0,185.5,0.36,1.0,5,1,1,1
ICU_00664,49,0,18.7,97.5,106.8,82.8,26.2,96.3,151.6,0.3,1.54,1,1,3,1
ICU_02800,65,1,20.8,93.5,69.8,85.6,30.1,96.8,125.1,0.88,7.5,19,0,2,1
ICU_04637,40,0,,80.7,75.1,53.9,,,63.4,,,22,0,1,0
ICU_05644,75,0,16.2,104.3,99.0,35.9,9.9,88.0,180.4,0.3,6.84,5,1,0,1
ICU_03823,65,1,18.1,99.2,133.7,30.7,9.2,95.3,82.3,0.3,,10,1,1,1
ICU_02988,41,1,26.7,92.2,118.2,85.0,16.4,94.8,40.0,1.55,5.51,13,0,0,1
ICU_00356,61,1,22.3,30.0,86.4,80.1,14.9,91.8,169.9,0.87,2.34,18,1,2,1
ICU_01311,76,1,24.9,79.4,119.4,52.1,22.9,100.0,46.5,0.83,20.31,4,1,1,0
ICU_01172,63,0,36.8,61.3,106.7,56.7,23.0,81.6,100.7,2.21,2.78,21,0,0,1
ICU_05184,80,1,39.7,99.4,81.5,88.6,20.7,88.8,192.0,1.63,4.09,0,0,0,1
ICU_02177,65,1,30.6,72.3,105.0,59.6,23.1,88.3,69.5,0.42,9.14,23,0,1,1
ICU_04633,77,0,35.9,106.8,157.1,87.2,16.4,100.0,52.3,1.32,1.0,6,1,2,1
ICU_05371,41,1,,101.0,111.6,38.3,,,50.1,,,13,0,0,1
ICU_03149,45,1,26.7,76.0,100.9,53.3,8.9,88.0,167.1,0.56,7.37,21,1,2,1
ICU_00565,54,0,16.1,81.2,129.7,62.9,25.6,94.4,204.1,0.4,2.55,7,1,0,1
ICU_00150,66,1,36.6,62.7,133.5,75.1,28.1,87.2,64.5,0.3,9.35,17,0,5,1
ICU_02173,64,0,31.8,80.1,131.8,82.1,19.5,98.4,68.8,0.57,6.9,15,0,1,1
ICU_03562,22,1,26.2,101.2,125.9,75.4,13.3,91.1,187.8,4.34,5.17,18,1,2,1
ICU_00457,43,0,31.8,64.5,121.0,38.6,14.6,92.0,248.7,2.49,15.92,13,1,0,1
ICU_04392,67,1,,107.7,114.8,91.5,13.8,,160.7,,,8,1,1,1
ICU_02583,84,0,21.7,47.4,80.4,57.1,6.6,96.1,203.7,1.02,2.62,21,0,0,1
ICU_00236,25,1,24.8,119.0,109.0,79.0,21.9,91.5,168.0,0.3,1.51,17,0,3,1
ICU_05755,43,0,22.1,59.9,91.1,52.1,11.4,93.0,192.4,0.3,30.72,4,0,4,1
ICU_00603,86,1,,85.9,100.9,68.0,,,40.0,,,4,0,3,0
ICU_00763,60,0,28.0,64.5,115.2,73.6,14.3,92.9,202.0,0.3,5.32,6,1,2,1
ICU_02752,53,1,14.6,101.7,60.6,62.4,28.9,91.3,95.5,0.93,31.47,4,0,1,1
ICU_04799,75,0,14.8,67.5,112.6,59.8,21.2,96.6,159.4,1.08,7.6,17,0,0,1
ICU_02416,71,1,,67.4,113.3,71.8,,,127.4,,,15,0,3,1
ICU_00429,30,1,39.0,60.6,125.5,37.4,19.7,97.3,70.4,3.69,22.51,16,1,0,1
ICU_04672,70,1,,79.6,163.0,69.5,,,64.7,,,22,0,2,1
ICU_03322,34,1,31.4,65.7,65.4,58.4,17.3,93.2,40.0,3.07,,3,1,1,0
ICU_03143,51,1,19.0,99.4,91.2,99.5,15.4,86.9,40.0,1.02,10.96,22,1,0,0
ICU_05712,77,1,33.7,88.4,154.5,82.1,28.0,95.8,134.1,0.3,5.83,11,1,2,0
ICU_01975,55,0,24.6,98.7,112.2,66.0,15.5,100.0,91.0,1.84,23.65,10,1,1,0
ICU_01337,56,1,30.5,714.0330285615469,1369.406177023359,79.6,16.2,100.0,1086.1795823279292,5.2336323906563695,29.25,13,1,4,0
ICU_05242,75,0,13.3,60.7,120.2,57.8,22.4,82.4,154.7,0.3,12.53,8,0,3,1
ICU_01777,61,1,,85.6,160.4,57.1,6.0,,162.3,,,14,1,3,1
ICU_03029,62,1,11.3,87.6,91.8,84.6,11.0,100.0,93.8,3.48,1.46,9,0,2,0
ICU_02439,33,0,33.3,61.4,134.9,96.2,12.7,91.5,158.8,0.61,1.0,6,1,1,1
ICU_01553,47,1,18.2,101.3,125.6,83.1,13.5,98.3,125.3,0.73,2.94,12,1,0,1
ICU_03540,67,1,36.8,74.8,97.1,93.8,9.4,91.5,182.4,1.14,6.22,5,1,2,0
ICU_00249,69,0,,526.1722801793097,883.2039032208128,88.4,,,1232.910548632941,,,19,1,2,0
ICU_04474,77,0,,125.0,61.8,77.4,,,241.9,,,11,1,2,0
ICU_05808,95,0,21.7,60.6,109.1,61.5,23.2,86.1,168.0,0.69,2.49,8,1,1,1
ICU_05175,94,0,21.4,88.6,118.0,72.0,27.9,93.8,119.0,0.31,17.09,5,1,1,0
ICU_02032,70,1,34.6,114.1,123.0,95.5,13.8,96.1,217.9,0.3,23.81,22,1,1,0
ICU_01138,72,0,26.5,101.3,155.6,86.9,13.7,100.0,56.9,0.3,5.22,17,0,2,0
ICU_01219,95,0,40.1,62.4,116.1,82.9,23.6,95.6,243.0,1.88,6.43,2,1,4,1
ICU_02338,62,0,24.6,80.9,149.6,83.9,27.2,100.0,128.4,1.42,,10,0,4,1
ICU_00334,79,1,17.2,62.2,162.5,30.0,26.3,93.0,104.1,0.35,3.42,1,0,0,1
ICU_01294,63,1,22.5,94.1,166.7,70.7,19.2,98.9,240.6,1.18,2.91,12,0,1,1
ICU_02715,24,0,34.3,58.7,96.0,70.2,26.7,100.0,97.2,1.3,6.36,13,0,1,1
ICU_01878,31,0,32.4,86.7,116.3,55.4,25.0,93.0,117.9,0.3,8.47,12,0,1,1
ICU_02610,73,1,,59.5,115.7,61.6,,,96.1,,,1,1,0,1
ICU_00539,51,1,32.4,95.3,134.3,70.3,11.5,92.9,173.3,1.57,12.13,19,0,0,1
ICU_03132,30,0,19.7,98.2,112.5,94.4,20.8,92.6,299.1,0.3,6.11,8,0,1,0
ICU_05171,39,1,21.6,115.4,119.8,43.9,21.3,92.9,223.2,0.56,3.64,19,0,0,1
ICU_01794,65,1,,91.1,150.5,50.8,,,146.9,,,4,0,1,1
ICU_03859,58,1,25.6,65.1,93.2,75.8,14.1,91.5,209.4,0.72,2.59,23,0,0,0
ICU_03623,62,1,32.2,103.7,120.8,46.2,16.5,90.8,94.1,0.86,18.21,22,0,0,1
ICU_04259,46,0,29.8,70.9,101.6,87.1,14.3,85.1,50.9,1.83,13.54,18,1,5,0
ICU_01244,50,0,11.9,65.3,91.5,95.0,18.6,99.0,40.0,0.96,1.0,17,0,0,1
ICU_05634,47,0,,74.1,84.2,64.9,,,94.1,,,11,0,4,1
ICU_03181,71,0,51.1,86.4,112.9,104.3,13.9,98.7,200.7,1.26,4.08,10,0,1,1
ICU_01445,50,0,19.1,119.0,138.0,72.5,22.5,98.9,127.3,1.63,13.5,11,0,0,0
ICU_01468,40,1,,101.1,130.2,66.8,,,123.4,,,11,0,1,0
ICU_03930,74,1,29.3,90.2,97.8,30.0,6.0,94.5,193.9,4.09,3.59,8,0,1,1
ICU_04844,82,0,,55.2,96.9,66.7,,,174.8,,,9,1,2,1
ICU_04294,83,1,26.5,111.5,114.1,58.5,25.0,100.0,41.2,0.62,7.65,14,1,0,1
ICU_03507,60,1,37.9,76.8,96.0,96.4,13.9,100.0,40.0,0.44,3.87,0,1,0,1
ICU_05485,75,0,,108.6,105.7,82.4,,,60.9,,,13,1,2,0
ICU_01087,66,1,28.9,94.3,66.5,59.2,23.2,98.7,102.3,0.89,1.0,17,1,1,1
ICU_05938,84,1,,99.7,131.4,71.4,,,137.1,,,2,0,0,1
ICU_01841,28,0,19.8,103.9,120.1,48.4,17.1,97.0,112.6,2.48,6.24,4,0,0,1
ICU_02981,84,0,16.0,116.8,114.8,104.6,18.8,99.0,60.0,0.3,1.29,24,1,1,0
ICU_00271,36,0,22.6,83.7,110.5,64.4,15.2,100.0,172.4,1.18,17.26,6,1,3,1
ICU_04006,18,0,30.4,95.9,90.2,80.8,24.4,95.6,127.0,2.46,7.78,1,1,0,1
ICU_02817,68,1,30.2,80.9,120.7,56.2,20.0,96.9,183.9,0.9,19.8,8,0,2,1
ICU_00997,73,0,23.7,78.9,144.8,80.5,25.8,98.3,50.2,0.3,15.04,11,0,0,0
ICU_03411,54,1,,70.4,155.5,70.9,,,91.3,,,17,0,2,1
ICU_02776,57,1,,121.0,163.9,65.4,,,102.7,,,14,0,0,1
ICU_01640,62,0,28.3,339.0613405995805,1033.9524955467616,74.5,15.8,97.8,1483.8441241584683,5.238532768069052,1.31,15,0,0,0
ICU_00856,47,1,,90.2,60.0,83.2,,,123.5,,,9,0,0,1
ICU_01239,91,1,21.0,112.3,80.5,64.4,17.6,91.5,127.2,1.04,1.0,2,1,1,1
ICU_00853,83,1,19.3,59.7,78.7,89.6,14.8,92.1,40.0,1.53,15.26,13,0,5,1
ICU_03265,95,0,29.3,91.3,79.7,88.3,17.9,100.0,152.4,1.66,31.27,8,0,1,1
ICU_03110,41,0,27.6,102.4,145.2,87.2,25.4,93.5,143.5,0.3,,6,1,4,1
ICU_00707,93,0,25.7,90.9,128.9,31.3,20.9,99.2,198.0,0.86,3.0,6,1,0,1
ICU_04986,58,0,,51.5,98.4,82.3,,,173.4,,,6,1,3,1
ICU_03096,80,0,19.2,92.9,189.3,62.2,8.9,97.8,44.5,2.88,6.34,12,0,1,1
ICU_02966,68,1,29.4,58.1,117.4,86.4,19.8,81.3,180.6,0.62,12.01,6,0,2,1
ICU_05260,84,1,31.5,50.6,128.4,86.7,6.8,86.7,78.3,0.54,28.24,7,0,0,1
ICU_01800,95,0,18.1,45.3,139.8,103.2,16.9,98.2,133.8,0.3,7.03,12,1,1,1
ICU_01934,95,0,20.8,73.1,146.3,74.9,16.1,99.7,92.8,4.18,10.16,3,0,5,0
ICU_02446,67,1,,93.9,121.0,52.2,,,139.1,,,20,1,2,1
ICU_04464,51,0,22.0,70.0,111.9,69.2,15.1,100.0,114.0,1.72,17.55,11,1,1,1
ICU_04377,95,1,30.0,45.4,130.3,73.5,28.8,96.4,236.6,0.3,10.95,2,1,0,0
ICU_DUP_0009,68,1,29.4,58.1,117.4,86.4,19.8,81.3,180.6,0.62,12.01,6,0,2,1
ICU_05417,26,0,21.2,41.5,109.5,75.2,17.5,93.4,184.9,0.3,5.97,5,0,3,1
ICU_03252,73,1,15.5,75.5,109.5,65.3,18.7,96.0,141.0,1.2,3.96,24,1,1,1
ICU_02608,78,1,,76.0,130.4,58.9,15.2,90.7,116.3,,,4,0,2,1
ICU_02937,57,0,27.7,128.6,130.8,57.5,17.0,100.0,164.7,1.01,20.37,24,0,1,1
ICU_04983,59,1,,92.3,131.4,59.1,,,95.4,,,22,0,2,0
ICU_05006,80,1,24.2,53.6,91.0,71.5,17.4,100.0,139.0,4.51,16.59,4,0,0,0
ICU_05664,53,0,28.6,65.8,139.1,106.9,26.2,91.4,156.3,0.47,15.63,12,1,2,1
ICU_05985,51,1,41.4,77.2,144.1,78.4,17.9,99.6,71.9,0.79,26.24,9,0,0,1
ICU_01874,85,1,,104.9,89.8,90.5,11.2,,196.1,,,6,0,0,0
ICU_02182,58,0,19.3,80.4,129.2,63.2,20.0,97.7,202.8,1.75,26.66,24,1,5,0
ICU_03100,49,1,23.8,92.2,139.9,69.4,15.4,92.5,211.2,0.62,11.64,13,1,1,1
ICU_03905,56,0,19.6,113.0,86.5,72.9,17.5,100.0,214.5,1.15,10.6,10,0,2,1
ICU_05104,69,1,,51.3,126.5,73.6,,,105.7,,,19,0,1,0
ICU_01297,56,1,23.2,91.5,115.3,61.4,16.7,97.7,172.7,2.43,50.0,18,1,1,1
ICU_04322,83,1,28.7,74.9,119.7,55.6,20.6,97.8,181.8,0.36,1.0,0,0,0,0
ICU_04653,73,0,26.0,92.1,182.6,62.4,20.1,89.9,193.3,3.03,2.27,18,1,0,0
ICU_00990,65,1,23.2,79.9,124.9,71.9,18.0,97.4,104.4,0.3,7.83,12,1,1,1
ICU_03712,67,1,23.9,79.5,91.2,84.5,18.3,92.4,58.6,0.3,22.9,11,0,0,1
ICU_03755,26,0,31.4,110.8,92.1,78.1,17.9,96.2,214.4,0.3,19.16,24,0,3,1
ICU_01760,91,1,21.7,64.8,66.0,75.6,25.4,96.0,159.3,0.68,1.0,1,0,0,1
ICU_03394,95,1,37.5,65.1,146.7,71.7,15.3,88.8,200.1,0.7,3.87,23,1,5,0
ICU_00184,57,0,33.1,78.8,91.4,48.0,24.7,95.5,75.9,2.94,11.19,16,0,3,1
ICU_02565,54,0,,105.2,158.6,81.2,,,85.6,,,3,1,0,1
ICU_01357,69,1,23.1,96.4,117.1,96.7,15.6,95.5,129.4,0.3,6.28,22,1,0,0
ICU_01997,46,1,28.2,101.9,120.4,57.4,21.7,100.0,118.0,0.3,6.42,21,1,0,1
ICU_05794,56,0,30.7,67.0,116.6,70.9,21.1,91.7,184.2,2.45,17.68,6,1,1,1
ICU_00809,45,1,16.8,66.0,147.0,88.7,27.9,94.1,223.7,0.3,10.95,13,1,4,0
ICU_05383,92,1,17.3,67.4,161.9,69.2,17.4,92.7,88.0,0.3,22.29,20,1,4,1
ICU_05730,59,0,26.8,92.4,130.1,88.6,9.7,92.9,144.4,0.3,32.01,2,0,4,1
ICU_01150,44,0,36.0,74.6,98.5,42.0,21.7,95.3,140.7,2.92,5.4,16,1,4,1
ICU_01481,55,1,25.9,95.5,150.1,65.4,22.1,90.6,207.7,2.24,20.74,24,1,0,0
ICU_00540,77,0,24.0,970.1154714714709,782.7401466039152,54.9,11.2,89.5,1913.2495572136115,5.06178499992143,12.83,16,0,1,1
ICU_01231,37,0,,82.2,136.7,62.7,,,199.3,,,7,0,2,1
ICU_04432,66,1,23.9,104.6,120.9,73.7,17.7,86.3,125.1,0.34,1.0,8,1,1,0
ICU_00244,40,1,34.5,69.0,102.2,83.2,23.9,97.5,71.2,0.3,7.37,15,0,2,1
ICU_01739,92,1,22.2,55.3,117.1,81.2,20.2,100.0,156.6,2.91,1.8,10,1,0,0
ICU_05915,45,1,18.1,63.9,138.3,56.4,28.9,85.4,176.7,1.1,3.61,1,1,2,0
ICU_04570,51,1,,90.0,94.5,71.1,,,103.2,,,20,1,0,0
ICU_00969,36,0,36.7,76.4,93.4,59.3,13.1,98.2,88.0,1.58,38.48,6,0,1,1
ICU_01967,59,0,27.2,79.3,182.9,63.8,28.1,100.0,145.0,0.56,,0,0,0,1
ICU_00209,95,1,33.2,88.0,90.0,48.9,12.1,100.0,62.8,1.4,1.76,12,0,3,0
ICU_05265,47,0,,68.3,103.9,73.6,,,40.0,,,5,1,5,1
ICU_02234,40,0,24.7,125.5,157.8,69.9,12.0,100.0,40.0,0.3,8.01,3,0,0,1
ICU_01438,70,0,10.5,124.3,123.3,82.7,19.3,92.0,88.8,0.3,6.18,17,1,0,1
ICU_00081,68,1,34.2,64.7,143.5,36.1,15.4,92.8,69.3,0.3,14.23,9,0,2,1
ICU_01920,26,1,27.6,107.1,173.1,63.5,19.4,95.5,134.5,0.92,2.32,20,1,0,1
ICU_02288,51,1,,94.7,91.6,75.4,,,161.1,,,10,0,0,1
ICU_03297,44,0,21.2,144.9,96.9,63.6,24.9,94.6,198.9,2.41,18.72,23,0,1,0
ICU_01364,83,0,21.3,61.5,68.4,59.1,9.2,100.0,85.4,4.04,3.09,1,1,1,0
ICU_00848,50,1,25.6,92.5,120.7,62.5,23.1,91.1,213.8,1.21,8.31,1,1,4,1
ICU_02676,68,0,29.3,65.5,84.8,76.6,23.6,83.9,248.4,0.34,6.16,1,0,1,1
ICU_02175,95,1,52.7,93.6,168.8,107.2,16.8,97.0,143.2,2.95,3.53,22,0,0,0
ICU_02660,40,0,28.1,106.4,143.4,77.2,31.5,100.0,170.3,2.12,1.34,12,0,1,1
ICU_03267,55,0,25.8,89.7,80.9,72.8,20.9,100.0,182.1,0.34,27.84,15,0,1,1
ICU_02183,86,1,28.8,47.8,112.6,103.1,25.4,90.0,139.8,1.31,7.27,10,1,1,0
ICU_05325,61,0,,120.8,110.4,36.5,,,183.1,,,19,1,0,1
ICU_04354,69,0,40.1,101.6,95.8,88.3,14.9,100.0,195.4,0.3,1.0,14,1,1,1
ICU_05744,30,1,31.5,100.7,155.2,93.0,11.5,91.1,40.0,0.3,23.36,22,1,0,1
ICU_04673,43,1,31.0,97.4,111.7,100.7,6.0,94.3,163.5,0.77,4.91,21,1,1,1
ICU_01616,67,1,38.5,105.5,100.8,72.1,25.2,100.0,143.6,0.3,17.14,6,1,1,1
ICU_02460,63,1,29.5,59.4,127.9,41.7,12.6,97.0,130.0,0.3,8.66,14,0,0,0
ICU_00875,94,1,15.8,71.6,86.6,79.5,16.4,93.2,177.2,0.3,24.36,20,1,1,0
ICU_03201,69,1,27.1,93.9,159.1,80.1,14.7,100.0,181.9,0.3,6.49,12,1,2,0
ICU_00216,48,1,19.7,78.6,95.1,67.5,6.2,91.2,168.1,0.34,,4,0,0,0
ICU_02723,88,1,26.7,103.1,131.5,78.1,18.4,89.2,227.1,1.35,,8,0,3,1
ICU_02956,78,0,,73.7,88.4,60.8,,,90.7,,,8,1,3,1
ICU_04188,54,0,,58.9,136.8,60.7,,,122.1,,,6,0,2,0
ICU_03176,35,1,,75.4,138.7,65.5,,,160.8,,,6,1,1,1
ICU_02825,92,1,22.9,83.7,158.4,57.9,19.9,97.7,114.8,0.56,6.93,15,1,5,1
ICU_03607,81,0,23.8,73.9,77.4,58.0,7.0,99.8,190.0,1.12,5.04,8,0,1,1
ICU_03159,67,0,18.7,91.0,111.3,68.5,6.0,98.9,40.0,1.25,9.76,11,0,2,1
ICU_01498,80,0,51.9,92.7,156.1,90.2,26.0,95.9,167.8,0.44,12.99,13,0,0,0
ICU_05764,63,0,20.3,95.8,129.1,76.1,18.1,91.2,147.9,0.77,4.41,11,1,1,0
ICU_00343,52,0,38.2,121.1,130.9,58.5,26.4,89.8,59.5,0.68,29.99,15,1,2,0
ICU_00192,65,0,22.8,78.0,62.8,95.6,11.4,99.9,207.2,,,9,1,0,1
ICU_03903,45,1,26.4,92.1,113.6,57.6,13.7,79.9,106.1,1.24,5.12,13,1,2,1
ICU_00516,71,0,27.4,99.1,132.5,79.1,9.9,96.7,250.0,0.3,1.48,1,0,3,1
ICU_01230,51,1,34.7,69.5,136.8,126.4,23.3,89.9,133.4,2.68,21.33,2,1,5,1
ICU_04193,18,0,16.2,96.5,131.0,58.3,17.6,94.6,40.0,0.3,27.58,11,1,0,1
ICU_03397,88,1,,68.4,108.1,64.1,,,254.6,,,3,0,2,1
ICU_01241,58,0,35.2,82.7,109.9,49.6,23.9,90.8,131.7,0.74,17.99,24,0,5,1
ICU_02343,52,1,25.9,98.7,153.7,103.2,24.8,84.1,128.4,0.93,1.0,20,0,5,1
ICU_00407,59,1,30.7,54.0,164.9,92.2,14.8,96.0,52.1,3.09,1.43,16,0,4,1
ICU_03680,41,0,41.0,102.5,90.5,41.2,9.9,92.3,123.6,2.16,9.27,9,0,1,1
ICU_00610,73,0,31.5,74.4,69.1,94.7,20.1,88.9,180.3,0.69,10.97,18,0,1,1
ICU_04093,65,1,27.6,89.0,105.4,69.4,14.0,95.6,81.4,0.73,5.66,2,1,2,1
ICU_03965,68,0,29.8,116.2,61.3,67.1,6.4,95.6,126.3,10.71,9.65,13,0,1,0
ICU_04261,56,1,36.2,74.6,91.3,68.1,11.7,85.7,269.6,1.76,2.67,6,1,3,1
ICU_04032,41,1,19.9,100.2,137.6,66.9,16.1,89.2,307.4,6.19,3.85,4,0,5,0
ICU_00287,72,1,35.2,58.9,112.2,62.6,18.2,99.6,110.5,0.3,16.83,8,1,4,1
ICU_02733,46,1,13.9,80.1,117.4,52.4,11.5,100.0,98.9,2.14,,10,0,2,1
ICU_03283,77,0,,109.7,117.0,77.6,,,236.5,,,15,1,4,0
ICU_04975,37,1,23.1,105.2,143.4,30.0,17.0,83.4,196.1,1.79,1.0,8,0,2,1
ICU_05624,92,1,,86.2,158.4,66.4,,,125.6,,,19,1,1,0
ICU_05031,84,1,25.8,99.8,87.5,79.1,19.8,98.2,166.8,0.3,10.94,23,0,2,0
ICU_05867,49,0,24.2,90.2,77.6,76.7,32.4,84.6,90.0,0.81,18.27,6,0,0,1
ICU_01696,43,1,22.9,96.4,97.7,73.2,6.4,92.3,243.1,1.75,8.46,17,0,3,1
ICU_05280,50,1,,75.2,72.7,71.7,,,96.7,,,18,0,0,1
ICU_01806,66,1,21.6,79.5,113.3,59.3,18.7,91.0,259.7,0.8,10.22,13,1,1,0
ICU_00161,76,1,19.8,109.0,128.7,94.4,14.6,100.0,40.0,1.83,3.51,21,0,1,0
ICU_02743,72,1,23.5,86.9,101.8,90.1,25.8,92.1,119.7,0.37,7.49,19,0,1,1
ICU_01288,42,0,,91.7,147.3,85.2,,,141.8,,,8,0,0,0
ICU_01188,71,0,42.5,69.1,132.3,55.4,28.7,87.7,142.0,1.49,21.03,19,1,0,1
ICU_02166,47,1,18.1,91.4,117.9,71.6,31.7,91.3,40.4,2.7,6.19,24,0,2,1
ICU_03254,68,0,26.9,91.3,77.8,51.1,26.8,93.3,248.0,1.36,4.46,9,0,0,0
ICU_02209,61,1,20.5,82.5,96.1,55.9,22.8,100.0,199.9,0.3,14.97,14,1,3,0
ICU_02066,18,0,22.0,52.5,166.2,57.6,21.1,97.6,182.7,2.72,18.85,15,0,3,1
ICU_01451,92,0,18.9,77.5,141.2,60.8,19.3,90.1,154.5,1.6,11.99,19,1,3,0
ICU_02901,54,0,28.9,105.7,123.6,84.3,17.0,90.8,276.1,1.55,15.44,8,0,2,1
ICU_04739,74,1,33.3,66.7,142.7,69.2,10.4,95.8,211.6,0.93,1.64,9,1,1,1
ICU_01749,80,0,,91.5,131.3,96.9,,,110.2,,,14,0,1,1
ICU_05354,52,1,25.3,99.6,110.8,60.8,21.1,94.1,40.1,0.66,1.0,11,1,1,0
ICU_DUP_0078,46,0,27.7,67.6,122.5,69.0,15.7,95.9,194.1,2.61,,12,0,4,1
ICU_03258,83,0,,100.1,94.3,57.1,,,226.2,,,1,1,2,0
ICU_02652,71,1,21.5,136.0,65.4,52.2,22.4,96.2,45.3,,,6,0,5,0
ICU_02509,38,1,23.1,97.3,112.8,67.0,15.3,94.8,57.6,0.94,4.21,11,1,4,1
ICU_03185,85,0,38.6,138.1,118.5,67.8,24.1,90.5,173.7,1.43,36.51,9,0,1,0
ICU_04503,69,1,36.3,103.2,126.0,47.5,22.1,93.1,174.4,2.94,1.0,16,1,0,1
ICU_03063,52,0,,104.7,145.3,61.8,,,193.5,,,18,0,3,1
ICU_05419,40,0,,103.6,120.2,109.8,6.0,,139.5,,,18,1,4,0
ICU_00520,31,1,21.6,70.9,120.9,74.4,29.7,96.3,161.3,0.3,1.0,13,0,1,1
ICU_02043,64,0,19.0,87.1,92.2,48.7,8.2,93.1,145.9,1.6,17.87,3,0,3,1
ICU_03461,95,1,27.3,36.0,100.6,30.0,16.5,99.1,191.3,0.3,1.3,8,0,0,1
ICU_04712,69,0,46.5,97.9,125.0,89.4,28.7,96.2,197.5,2.03,16.52,10,1,0,0
ICU_00311,81,0,38.2,64.7,60.0,83.3,32.0,92.6,40.0,0.45,25.09,15,0,1,1
ICU_02192,95,1,24.4,86.8,108.7,100.0,14.6,100.0,192.5,0.3,7.01,3,1,1,1
ICU_04158,50,0,,68.4,157.3,97.2,,,83.0,,,18,1,2,1
ICU_04235,40,1,22.5,96.2,151.0,90.2,22.8,90.9,82.3,0.3,10.27,15,0,1,1
ICU_02864,69,1,39.0,100.0,126.2,75.1,16.9,95.8,82.3,0.3,8.03,6,0,2,0
ICU_01778,54,1,,130.6,91.6,81.3,,,158.1,,,2,1,0,0
ICU_04431,21,0,17.5,85.2,65.9,114.0,19.9,94.3,208.2,0.47,46.3,18,0,2,1
ICU_05065,58,0,18.9,63.1,140.3,72.7,18.9,100.0,160.2,0.36,7.4,12,1,0,1
ICU_04783,44,1,21.9,95.8,126.9,89.4,17.8,89.9,160.6,1.94,6.61,21,1,4,0
ICU_01947,61,1,32.2,114.1,143.9,58.9,17.6,91.1,154.5,1.03,6.28,1,1,2,1
ICU_05295,58,1,33.9,79.4,107.3,45.4,13.1,95.8,139.3,1.19,1.6,15,0,2,1
ICU_03292,84,1,35.8,79.4,103.3,67.1,23.7,91.5,229.7,1.51,4.65,3,1,2,1
ICU_03931,89,1,24.9,142.6,85.6,69.1,20.4,90.4,50.7,2.7,1.09,20,0,2,0
ICU_02425,71,1,33.8,86.3,127.1,35.4,20.5,100.0,198.6,2.09,1.69,9,0,2,1
ICU_00923,49,0,28.5,82.7,129.7,64.5,7.9,96.2,190.1,0.68,8.86,16,0,2,1
ICU_05440,51,1,30.5,89.4,92.0,68.7,24.4,98.2,74.4,0.3,23.62,10,1,3,1
ICU_01891,62,0,19.9,79.5,109.2,41.4,21.7,99.8,147.7,0.3,6.06,22,0,1,0
ICU_00155,49,1,34.3,80.2,135.7,74.3,24.4,93.4,85.5,5.31,1.0,0,1,0,1
ICU_05358,29,0,24.3,89.0,99.6,74.1,19.1,97.1,81.2,5.85,1.79,6,1,2,1
ICU_04139,62,0,28.8,85.0,123.6,41.0,27.9,98.0,204.3,1.46,,16,0,2,1
ICU_00026,41,1,36.9,51.5,91.1,68.5,17.1,100.0,246.9,0.65,1.26,1,1,0,1
ICU_01581,82,1,29.8,108.9,141.6,50.7,8.3,88.7,122.9,1.39,2.32,17,0,5,1
ICU_02609,84,0,26.8,88.7,116.0,93.6,22.4,97.0,141.9,,,5,0,3,1
ICU_03733,64,0,25.4,83.0,108.1,84.9,19.0,97.9,206.4,0.89,3.46,14,0,4,0
ICU_01962,71,0,32.4,101.2,143.0,70.8,9.3,94.4,127.2,1.96,5.82,10,1,0,0
ICU_02919,85,0,39.1,134.0,129.2,82.3,19.0,99.0,146.6,1.72,4.07,3,0,1,1
ICU_01509,88,1,25.0,96.3,147.1,58.1,11.3,84.3,186.9,0.32,9.56,14,1,3,0
ICU_04551,77,0,27.9,118.8,148.8,86.0,15.5,100.0,212.4,1.33,2.52,8,0,5,1
ICU_03069,74,1,23.7,105.9,60.0,44.2,23.1,100.0,40.0,0.76,,18,1,0,1
ICU_04461,95,0,34.8,82.5,128.3,74.3,23.4,100.0,144.1,0.69,8.7,7,0,0,1
ICU_05510,64,1,31.7,73.6,118.1,88.9,18.2,92.5,71.0,2.35,7.19,8,1,1,1
ICU_03775,70,1,22.4,123.6,130.8,91.8,17.7,97.7,158.1,1.22,2.85,7,1,3,0
ICU_01315,38,1,,99.2,60.0,94.5,,,154.1,,,23,1,0,1
ICU_05041,31,1,28.5,97.6,60.0,70.2,15.8,93.2,170.9,1.59,3.48,8,0,2,1
ICU_01092,75,1,28.4,92.9,86.8,88.6,6.0,87.0,117.5,1.52,23.91,8,0,2,1
ICU_03407,64,1,11.7,455.61331677920407,691.0744258422529,69.2,12.7,94.1,636.2001868944321,3.0703327619226104,8.23,8,0,1,1
ICU_05095,55,1,21.2,135.4,121.2,80.9,14.4,93.8,240.1,1.11,34.02,8,1,0,0
ICU_05477,61,0,29.0,78.4,98.4,30.0,15.9,90.3,174.1,1.81,16.71,18,0,2,1
ICU_01461,39,0,33.3,70.8,125.2,45.9,12.2,90.8,113.0,0.45,33.63,9,0,2,1
ICU_01056,61,1,26.4,79.1,164.2,59.9,18.7,94.5,201.0,0.67,1.33,24,0,0,1
ICU_05214,68,0,21.1,86.7,104.9,88.1,15.6,94.3,121.1,0.3,1.29,21,1,0,0
ICU_02912,48,1,26.5,40.6,132.2,51.7,6.0,97.6,140.9,0.3,7.61,10,0,1,1
ICU_02592,61,1,20.4,120.6,96.9,75.2,20.5,96.0,332.8,1.46,12.24,1,0,5,0
ICU_03445,41,1,20.5,129.6,104.1,80.5,19.0,100.0,277.0,0.79,16.11,6,1,0,1
ICU_00466,73,1,43.1,88.4,109.3,76.5,20.3,98.1,63.1,1.11,4.47,22,1,1,0
ICU_04222,61,1,32.8,48.6,102.1,75.1,13.6,97.0,227.1,0.32,4.46,0,0,0,1
ICU_03255,64,1,,81.1,179.2,66.4,24.0,,148.4,,,18,1,2,1
ICU_01649,95,0,,112.7,109.6,82.1,,,96.2,,,24,1,1,1
ICU_04693,71,1,30.8,90.0,87.1,64.1,22.0,87.0,109.5,0.3,2.07,11,0,1,0
ICU_03782,43,0,33.4,80.6,107.9,30.0,22.2,100.0,90.9,1.25,4.72,15,1,0,1
ICU_05636,95,1,25.4,75.0,126.6,68.9,21.6,97.1,137.4,0.3,1.0,3,1,5,1
ICU_01057,83,1,30.6,97.8,102.6,69.8,25.0,88.0,57.3,0.72,16.04,4,1,1,1
ICU_01707,95,0,33.2,106.7,114.9,36.0,13.3,86.7,188.8,0.3,9.71,6,1,5,0
ICU_05959,95,1,28.8,80.5,145.9,39.1,12.6,89.1,164.5,0.3,2.06,14,0,0,1
ICU_03825,83,1,24.8,61.4,100.5,55.9,19.7,95.6,192.9,0.69,4.94,23,1,3,0
ICU_03385,51,1,20.3,122.5,121.6,82.2,18.3,93.3,252.7,0.77,16.01,2,1,1,1
ICU_02724,95,0,29.1,80.9,101.2,43.5,19.9,96.8,171.3,1.01,6.0,20,0,1,0
ICU_00312,76,1,39.0,110.5,124.9,83.7,6.7,100.0,207.1,2.13,,24,0,5,1
ICU_01323,70,0,,62.1,143.3,100.8,,,40.0,,,7,0,1,0
ICU_02590,84,0,23.1,49.0,158.2,56.5,30.4,95.4,178.7,0.78,4.23,13,0,0,0
ICU_DUP_0066,74,1,12.8,127.9,102.5,58.6,15.6,97.7,160.1,0.3,10.42,20,1,0,0
ICU_02236,62,0,28.1,80.2,166.5,52.5,36.8,90.1,120.1,0.37,5.73,19,0,1,1
ICU_01363,44,1,23.0,57.5,131.0,60.9,21.8,99.1,99.5,1.32,11.64,24,0,0,1
ICU_02027,84,0,33.3,387.34499185494474,767.1763192485267,64.6,17.1,94.4,981.1022794653964,6.337914850238448,4.72,17,1,2,0
ICU_04084,85,1,36.2,68.5,138.7,61.1,17.3,100.0,101.3,1.83,6.1,15,0,2,0
ICU_01032,69,1,11.1,83.5,105.0,69.1,29.1,94.1,99.9,1.26,19.12,13,0,1,0
ICU_04344,50,0,21.8,99.0,91.4,53.1,35.7,97.4,127.8,1.29,4.33,6,0,0,0
ICU_01730,57,0,32.9,104.7,60.0,61.7,15.1,97.5,105.8,1.19,3.86,2,0,1,1
ICU_02704,66,1,24.3,93.9,108.8,72.9,13.9,93.6,214.3,2.73,4.94,5,1,1,1
ICU_02332,34,1,,105.9,161.2,74.0,,,146.8,,,22,0,0,1
ICU_01073,38,1,15.9,67.9,60.0,55.4,22.5,100.0,100.7,0.3,10.11,20,1,2,0
ICU_04803,49,1,13.4,153.1,154.0,66.6,10.9,90.0,150.4,1.45,6.6,18,0,2,1
ICU_03417,65,1,,142.4,151.2,90.5,,,261.7,,,18,0,2,0
ICU_01695,95,1,32.4,99.1,113.6,94.3,11.7,100.0,124.0,1.84,2.9,23,0,1,1
ICU_03524,51,0,26.4,73.2,101.9,71.7,17.0,99.9,130.4,0.33,13.71,5,0,1,0
ICU_05699,73,1,,99.3,100.6,69.2,,,230.3,,,15,1,1,0
ICU_01914,29,1,40.0,69.8,109.0,66.8,15.5,99.2,115.1,0.96,50.0,9,0,2,1
ICU_02432,61,1,21.4,94.5,150.9,98.1,27.0,97.8,132.6,2.5,1.29,14,0,2,0
ICU_05366,86,1,34.5,62.1,90.6,44.6,11.4,100.0,262.6,0.3,13.63,8,1,3,0
ICU_00468,52,1,,118.9,98.6,74.3,,,118.6,,,21,1,3,1
ICU_00317,56,0,16.8,85.7,181.5,68.4,28.8,92.4,52.4,0.64,2.93,2,1,4,1
ICU_03689,59,0,21.9,91.8,200.2,56.5,13.9,94.9,125.6,0.78,1.0,1,0,2,1
ICU_04793,66,1,36.1,69.6,74.0,55.3,15.0,95.8,111.6,0.66,8.59,2,1,4,1
ICU_03724,50,1,25.8,74.5,147.8,75.7,6.0,98.0,195.4,0.55,19.35,10,0,1,0
ICU_04002,62,1,38.8,105.7,95.8,79.1,10.2,92.1,179.2,2.04,8.64,17,1,1,1
ICU_03876,79,0,21.3,102.5,135.4,46.6,10.1,98.0,256.2,0.3,4.83,5,0,0,1
ICU_05627,79,1,38.5,74.2,153.7,73.6,21.6,93.2,65.4,0.3,22.96,8,1,0,1
ICU_04164,54,0,,67.5,72.9,106.2,17.5,,137.5,,,18,0,2,0
ICU_01152,50,0,34.2,94.4,139.3,45.1,13.4,93.2,206.5,2.27,8.22,14,0,1,1
ICU_05422,78,0,20.8,61.1,107.2,37.8,17.7,96.2,271.9,1.26,2.1,9,0,0,1
ICU_05428,48,1,32.4,106.8,116.4,71.2,15.7,97.7,218.9,0.56,6.71,21,0,1,1
ICU_02602,50,1,14.1,83.7,122.5,82.3,18.7,96.8,115.3,2.16,14.63,13,1,1,0
ICU_00960,73,0,32.3,86.1,137.8,72.2,18.0,100.0,147.8,2.05,39.61,14,1,2,0
ICU_01720,71,0,15.0,77.1,92.1,69.0,23.4,90.2,275.6,3.52,7.89,24,0,1,0
ICU_02246,45,1,30.5,117.7,100.7,80.5,10.6,92.7,124.9,2.61,6.31,10,0,0,1
ICU_04998,76,1,22.9,84.8,107.1,54.8,25.9,89.0,40.0,1.15,1.0,14,1,2,0
ICU_04587,78,0,23.6,66.5,125.3,44.6,15.7,100.0,40.0,3.46,1.54,1,0,2,1
ICU_03957,57,0,16.7,115.2,122.2,81.4,21.2,92.2,100.1,0.3,2.57,17,1,0,0
ICU_02653,80,1,25.6,92.5,140.6,80.1,17.8,94.4,161.7,0.52,10.55,7,0,1,0
ICU_00570,62,0,19.3,69.2,127.3,78.1,24.3,91.9,57.5,1.12,3.13,19,1,1,1
ICU_03845,76,0,,60.1,116.2,45.1,,,117.5,,,22,1,1,0
ICU_05920,84,1,16.3,112.2,60.0,76.9,6.0,93.5,106.0,0.38,14.31,24,1,1,0
ICU_05842,35,1,29.7,76.5,159.6,76.7,15.5,99.8,184.3,1.15,1.52,19,1,0,1
ICU_03102,91,1,30.9,45.5,130.6,48.6,20.5,93.2,111.7,0.39,3.64,17,0,4,0
ICU_01108,50,1,36.3,68.7,117.4,30.0,8.8,99.0,127.7,1.55,4.37,7,0,3,1
ICU_04596,57,0,15.5,95.0,83.4,73.4,11.3,94.1,111.5,0.38,24.95,5,0,0,1
ICU_04898,74,1,47.8,63.5,96.3,91.4,27.3,91.5,82.1,0.63,7.58,18,0,2,1
ICU_04074,53,1,31.5,68.6,81.7,71.0,12.3,95.7,180.2,0.66,13.38,24,0,0,0
ICU_02341,69,0,36.3,108.0,120.1,83.1,15.1,100.0,160.6,2.29,20.59,17,1,1,1
ICU_00651,82,1,20.4,87.7,166.6,54.4,8.0,92.9,247.0,1.99,3.04,13,1,1,0
ICU_05414,49,1,,104.9,83.3,56.0,,,79.5,,,17,0,0,1
ICU_05380,51,1,22.5,105.3,107.4,64.3,14.6,100.0,231.2,0.35,28.08,8,0,0,1
ICU_00634,43,0,,102.6,109.8,79.2,,,190.5,,,15,0,2,1
ICU_05394,36,1,17.5,115.6,60.0,93.3,15.3,94.3,213.2,0.88,12.39,21,0,3,1
ICU_00688,74,1,12.8,127.9,102.5,58.6,15.6,97.7,160.1,0.3,10.42,20,1,0,0
ICU_01093,62,1,23.3,95.1,116.5,84.1,17.1,93.5,127.1,0.3,1.25,23,1,1,1
ICU_01474,47,0,11.5,103.5,138.4,85.8,6.2,96.6,88.7,0.96,2.8,8,1,1,1
ICU_03221,75,1,24.8,64.3,126.9,97.5,25.8,98.0,160.9,1.17,11.04,9,0,0,0
ICU_03280,46,1,27.6,101.0,167.1,87.4,18.1,100.0,104.8,0.3,1.0,6,0,1,1
ICU_02302,55,0,17.5,96.8,85.1,60.9,16.9,100.0,106.7,1.89,3.21,18,1,1,0
ICU_01381,53,1,,103.6,116.0,51.9,,,184.9,,,5,0,5,1
ICU_01900,74,0,30.4,55.2,143.4,64.0,15.1,90.9,231.4,1.2,3.24,10,0,4,1
ICU_05146,59,1,20.6,105.7,118.6,66.7,20.0,92.0,164.6,0.62,2.55,3,0,3,1
ICU_04604,42,1,23.9,61.3,125.2,60.0,28.5,97.0,130.2,3.57,1.74,22,1,2,1
ICU_03204,44,0,10.9,71.7,160.0,66.2,21.7,91.9,115.6,0.3,8.93,15,0,1,1
ICU_00972,77,0,,89.7,92.0,60.2,,,155.6,,,12,0,3,0
ICU_04881,86,1,26.3,83.7,170.4,46.0,14.7,100.0,162.5,3.51,42.4,17,1,2,0
ICU_05621,29,0,28.2,405.4378772614562,675.1615743648632,87.7,26.9,96.5,516.3833750688987,2.955122993349947,2.67,23,1,1,1
ICU_01831,66,1,22.0,89.6,211.7,76.2,13.8,96.8,191.6,0.53,16.55,2,1,2,1
ICU_04821,58,1,25.4,98.3,108.7,44.3,15.3,89.7,237.6,0.5,7.54,19,0,1,0
ICU_04796,70,1,23.2,125.6,147.0,91.8,15.2,97.0,96.6,1.35,,16,0,2,1
ICU_00661,52,1,23.6,59.3,60.0,46.2,24.4,98.6,153.2,0.72,3.58,7,1,2,1
ICU_04936,62,0,19.2,77.2,123.8,92.3,24.0,93.2,92.6,4.54,7.76,2,1,5,1
ICU_05461,73,1,31.9,86.7,127.9,77.5,6.0,93.0,148.4,1.02,18.45,15,0,5,1
ICU_00637,63,1,15.2,104.7,128.0,85.8,17.0,94.3,140.0,0.99,15.89,16,0,1,1
ICU_00559,54,1,25.6,96.0,83.6,97.7,24.2,80.2,179.6,1.55,2.02,11,1,4,1
ICU_00650,95,1,24.1,102.8,149.7,71.5,16.3,88.7,261.5,1.41,1.0,3,0,2,0
ICU_05450,54,1,,75.2,104.8,81.4,,,118.5,,,8,0,3,1
ICU_02929,79,0,42.1,86.7,114.7,43.0,23.8,88.8,128.6,1.29,7.11,14,1,4,0
ICU_03190,54,1,32.6,115.4,135.2,68.6,13.4,97.3,127.8,0.59,9.26,22,0,4,1
ICU_03354,51,1,20.8,97.1,60.0,81.0,11.3,93.0,82.0,0.3,22.97,21,1,2,1
ICU_00672,55,0,29.7,837.8504927777041,747.8944157036069,63.0,21.6,92.6,377.94196073405215,4.968111557152787,15.66,21,1,3,1
ICU_02225,85,1,,84.9,162.3,35.9,,,106.7,,,19,1,0,0
ICU_05332,66,0,23.8,61.4,182.3,71.9,8.3,97.3,115.0,1.25,5.95,3,1,0,1
ICU_03533,39,1,34.0,116.3,91.2,71.3,20.9,92.4,190.9,0.53,10.16,24,0,1,1
ICU_DUP_0046,59,1,30.5,100.8,171.6,43.6,11.1,94.7,133.4,1.03,1.32,1,0,1,1
ICU_02549,95,0,24.9,108.4,124.8,67.2,11.9,94.1,180.6,3.36,16.68,19,0,1,1
ICU_00947,49,1,27.2,135.1,126.8,41.9,15.6,89.0,122.3,1.12,1.0,9,1,0,1
ICU_05972,74,0,26.4,119.9,83.6,68.0,23.4,95.6,162.8,0.3,7.1,5,1,1,1
ICU_04110,82,0,41.3,70.2,115.4,46.9,16.0,86.0,108.3,1.49,5.56,15,0,0,1
ICU_03920,95,1,32.9,64.5,195.2,69.6,19.6,85.7,250.1,0.96,43.03,15,1,1,0
ICU_03546,74,1,17.8,92.0,134.3,66.0,8.4,100.0,159.7,0.3,1.51,13,1,3,0
ICU_00383,52,0,29.3,72.2,133.6,47.4,16.2,100.0,271.2,0.3,2.62,17,0,2,1
ICU_00635,32,0,22.2,79.4,73.6,53.9,18.6,90.0,160.7,1.49,5.29,3,0,1,1
ICU_05263,69,1,27.3,103.0,112.9,90.2,18.8,89.5,192.3,2.52,5.04,21,0,2,0
ICU_02890,64,0,33.5,84.9,131.8,62.1,13.5,100.0,212.6,1.31,2.09,8,0,0,1
ICU_00742,50,1,23.7,86.5,63.3,73.5,7.0,94.8,141.0,0.69,31.16,10,1,4,1
ICU_04120,51,0,,75.5,103.5,62.5,,,181.2,,,10,0,0,1
ICU_05532,85,1,31.5,83.0,121.7,54.7,6.0,100.0,247.0,0.3,4.24,3,0,1,1
ICU_04224,37,1,,55.9,101.4,62.7,,,77.0,,,3,0,1,1
ICU_03627,75,1,35.0,77.2,127.2,60.5,21.5,91.5,111.8,1.12,29.15,21,1,0,0
ICU_02149,32,1,32.2,89.5,185.2,61.4,18.9,99.7,193.6,0.31,1.0,24,0,1,1
ICU_05427,61,1,10.8,80.0,136.9,68.2,19.3,99.7,146.8,0.47,7.81,3,0,0,1
ICU_01411,72,1,18.3,75.4,169.5,86.7,15.4,85.8,179.5,1.04,16.21,21,0,1,1
ICU_00224,53,0,28.3,82.0,103.1,66.2,18.3,94.2,99.6,0.3,20.33,5,1,4,0
ICU_02383,61,0,21.1,90.2,140.6,105.9,22.9,91.1,102.1,1.0,50.0,5,0,0,1
ICU_03824,49,1,33.2,115.9,135.6,86.7,13.8,96.6,142.8,1.15,11.34,21,0,2,0
ICU_05717,57,0,21.8,91.9,127.4,77.6,16.9,92.1,219.5,0.3,39.63,6,0,1,0
ICU_05607,55,1,,55.6,93.3,85.0,,,280.4,,,16,0,3,1
ICU_01120,81,0,21.4,73.8,117.4,65.1,6.5,100.0,40.0,0.3,2.67,19,1,1,0
ICU_01283,79,1,22.6,73.0,138.8,64.2,13.8,87.6,87.5,0.73,1.16,12,0,3,0
ICU_01304,71,1,,81.6,95.1,68.5,,,72.1,,,20,1,2,0
ICU_02374,82,0,32.0,104.7,80.7,77.2,24.9,95.3,246.8,0.98,2.3,16,1,2,1
ICU_00636,76,0,,94.3,140.4,85.1,,,257.4,,,20,1,3,0
ICU_05872,68,1,40.8,81.6,91.5,70.2,18.9,86.8,139.2,0.88,4.15,7,0,0,1
ICU_03093,69,0,27.2,121.3,121.2,113.9,17.6,98.9,128.6,2.42,35.84,8,0,0,0
ICU_01391,49,1,,100.5,110.1,78.4,,,40.0,,,0,1,2,1
ICU_00467,75,0,26.7,71.6,100.7,100.7,12.6,82.5,57.9,0.96,1.51,2,1,0,0
ICU_02758,41,1,16.6,90.7,115.7,88.8,21.2,100.0,282.4,0.78,10.11,6,1,0,1
ICU_04232,51,0,42.3,66.4,60.0,58.3,32.8,86.9,171.6,1.49,2.62,14,0,5,0
ICU_00541,41,0,21.0,85.2,92.3,70.2,8.2,95.4,243.1,0.3,3.02,23,0,1,1
ICU_02869,84,0,31.1,126.7,148.8,68.9,7.7,91.0,146.1,4.42,32.33,4,0,1,1
ICU_01406,36,0,17.3,100.1,87.4,75.4,24.4,100.0,165.9,0.3,6.3,22,1,2,0
ICU_02814,94,1,22.8,73.5,109.7,64.4,27.4,95.1,226.9,2.03,19.42,10,0,3,1
ICU_05800,67,0,11.6,63.9,132.0,76.9,9.5,100.0,115.0,1.99,15.13,11,1,0,1
ICU_04020,95,0,18.0,130.3,159.9,40.1,26.0,100.0,53.6,0.9,20.12,20,0,0,0
ICU_01310,61,0,33.9,70.1,75.1,71.6,20.6,96.2,134.8,0.82,16.33,10,0,4,0
ICU_04625,84,0,27.6,98.5,103.0,49.5,6.0,98.8,143.0,0.41,8.5,12,0,0,1
ICU_02142,65,0,34.7,115.8,98.0,57.5,15.8,96.3,147.6,1.2,3.71,18,1,0,0
ICU_00948,61,0,36.6,124.6,139.7,77.3,23.1,89.2,73.7,0.74,6.14,12,1,0,1
ICU_03442,64,0,34.7,68.2,88.2,83.9,17.0,93.3,40.0,1.06,21.05,7,0,5,1
ICU_01359,65,1,,120.1,83.9,77.8,,,123.0,,,3,0,0,0
ICU_02639,69,1,23.5,101.0,93.3,106.1,19.8,96.0,40.0,0.59,4.61,2,0,0,1
ICU_05126,57,0,24.2,151.9,115.4,101.8,20.6,96.8,51.3,0.98,1.72,21,1,1,0
ICU_04629,69,1,21.4,81.2,168.6,80.9,21.7,100.0,60.5,0.51,43.78,20,0,0,1
ICU_02898,56,1,23.2,79.7,132.1,81.9,14.9,94.9,127.3,0.3,7.86,24,0,1,0
ICU_05573,55,0,14.2,52.7,123.6,30.6,21.6,96.5,69.8,0.3,13.54,9,0,0,1
ICU_00234,95,0,36.5,88.7,101.2,81.4,16.9,98.8,118.3,0.47,9.65,17,0,1,0
ICU_DUP_0069,46,0,12.6,56.2,109.3,78.2,15.5,100.0,120.5,0.78,7.97,23,0,4,1
ICU_02809,52,0,,89.0,110.1,72.9,,,110.4,,,16,1,4,0
ICU_00741,38,1,20.5,118.2,149.0,41.1,15.3,96.8,141.5,1.55,1.0,1,0,2,1
ICU_05685,35,0,32.7,72.0,72.1,52.7,20.5,98.3,166.1,0.37,5.43,3,0,4,1
ICU_04964,50,0,,62.8,67.6,42.9,,,133.7,,,4,1,0,1
ICU_02494,39,1,32.6,72.0,143.6,80.2,24.1,100.0,242.0,1.82,18.34,2,0,0,1
ICU_04405,77,1,,119.8,97.5,91.8,,,135.0,,,21,0,0,1
ICU_05630,48,1,17.8,67.0,130.1,86.2,14.2,92.6,99.1,0.3,6.68,19,0,4,0
ICU_01097,26,1,25.7,105.3,66.2,57.2,18.1,97.0,132.7,0.49,8.18,11,0,1,1
ICU_01848,79,0,26.8,85.9,174.2,98.1,25.8,97.2,64.5,1.15,13.34,7,1,4,1
ICU_03321,45,1,28.0,73.8,97.8,55.4,26.1,100.0,81.2,1.96,9.57,19,1,1,1
ICU_00125,95,1,28.6,98.4,80.6,68.9,25.6,99.0,138.5,0.88,1.55,23,0,2,0
ICU_01373,32,1,,83.4,130.0,99.8,,,264.2,,,19,1,1,0
ICU_01313,72,0,34.0,85.1,118.9,82.7,10.7,100.0,217.3,0.3,8.52,3,0,2,1
ICU_00992,57,0,25.3,78.8,131.2,75.1,26.8,95.7,163.5,0.3,1.0,17,0,1,1
ICU_04610,63,0,12.6,33.1,172.8,84.9,26.8,88.3,40.3,1.51,,8,0,3,0
ICU_01921,75,1,31.9,123.5,114.5,65.1,15.5,96.7,150.4,1.29,2.06,11,1,1,1
ICU_01570,76,1,26.0,85.4,111.8,54.8,25.2,95.8,196.5,2.33,4.8,4,0,0,1
ICU_03659,95,0,17.7,104.5,154.4,76.1,14.8,95.3,40.5,1.67,3.82,15,1,1,0
ICU_03746,22,1,24.2,94.5,129.7,61.7,13.0,92.7,197.6,3.13,1.0,22,1,2,1
ICU_03032,70,1,33.9,130.9,68.0,39.5,25.6,95.5,178.2,0.6,8.82,23,1,2,1
ICU_02500,72,0,21.5,85.1,142.6,72.3,15.9,100.0,159.4,0.92,13.88,18,0,2,0
ICU_03052,56,1,18.9,101.2,141.2,60.1,24.3,94.4,164.5,0.41,10.73,19,0,0,1
ICU_02923,60,1,27.3,105.2,132.4,50.4,12.2,100.0,146.2,1.53,1.0,14,0,1,1
ICU_03992,26,0,13.9,93.8,162.9,106.4,14.0,93.7,126.6,0.77,5.91,5,0,1,1
ICU_03490,56,1,26.3,90.1,91.9,72.4,18.7,90.3,220.4,0.63,2.43,18,1,1,1
ICU_05071,58,0,23.8,79.4,104.9,84.7,28.9,95.2,173.6,0.3,18.96,10,1,0,1
ICU_04439,71,1,28.5,67.6,107.9,85.2,17.1,82.0,139.9,1.01,1.81,11,0,5,1
ICU_05560,43,1,17.7,80.5,175.9,89.8,32.0,100.0,194.5,3.11,2.6,8,0,0,1
ICU_04177,67,1,21.6,82.2,83.9,81.5,16.5,90.5,269.2,1.47,5.5,21,0,0,0
ICU_01405,48,0,36.8,113.7,86.2,72.6,12.6,96.0,40.0,0.91,7.78,14,0,4,1
ICU_04953,79,0,15.4,69.2,131.7,64.1,18.2,90.7,205.5,0.83,6.82,1,0,0,1
ICU_04752,57,1,21.1,87.9,152.6,79.3,7.3,84.3,171.1,0.3,1.46,17,0,1,0
ICU_05024,95,0,43.9,107.1,120.4,61.8,9.4,92.7,96.6,0.37,1.76,0,0,2,1
ICU_05978,66,1,27.8,65.9,104.5,59.6,20.8,91.3,61.8,2.92,17.63,17,1,1,0
ICU_02340,74,1,35.2,110.5,127.7,88.4,17.7,100.0,141.8,0.3,1.0,2,0,2,1
ICU_00757,65,1,24.5,71.5,69.4,91.1,26.0,96.1,213.7,1.96,9.89,23,1,0,1
ICU_00139,39,1,37.4,75.1,93.3,104.5,27.8,90.9,158.0,0.37,3.78,23,1,3,1
ICU_03318,82,1,32.4,57.7,129.4,48.9,13.6,92.8,67.4,3.33,2.79,16,0,2,0
ICU_03736,53,0,19.1,125.6,165.7,70.5,28.7,89.0,52.9,2.03,5.66,4,0,2,1
ICU_01624,95,1,26.7,47.3,140.3,58.6,16.9,95.7,72.5,2.31,4.28,6,0,0,1
ICU_00022,63,1,,110.6,78.4,94.4,,,246.2,,,13,1,2,1
ICU_04150,60,1,33.0,111.0,105.2,93.0,14.2,91.9,74.5,0.52,1.16,10,1,2,1
ICU_00632,59,1,23.1,117.4,120.9,98.5,16.6,93.8,152.8,2.62,24.38,11,1,0,0
ICU_00364,74,0,27.2,115.2,120.3,75.9,14.3,100.0,177.3,0.3,6.46,11,0,0,1
ICU_03198,55,0,25.0,89.1,102.1,91.6,22.4,95.3,133.2,2.07,5.87,16,0,1,1
ICU_02718,51,0,23.8,74.9,98.0,73.8,9.2,96.8,202.5,1.18,1.0,21,1,0,1
ICU_04991,74,1,28.9,104.3,145.7,65.1,21.2,93.2,194.0,0.3,21.18,2,1,2,0
ICU_02516,63,0,18.3,100.1,84.0,66.0,16.3,94.4,91.8,0.3,10.47,5,1,3,1
ICU_00210,72,1,23.6,53.4,128.5,85.7,18.7,97.0,80.1,2.16,14.48,8,0,1,1
ICU_00171,47,1,15.0,106.3,121.7,46.7,9.8,94.5,112.2,0.74,11.24,1,1,2,0
ICU_03347,90,1,25.5,100.7,86.4,79.1,20.7,100.0,183.6,0.79,12.43,13,1,0,0
ICU_01329,72,1,22.6,39.8,122.4,58.8,16.7,92.8,169.1,0.5,3.31,15,0,0,1
ICU_01691,53,0,25.5,84.0,119.9,77.6,19.4,88.2,121.3,1.24,11.3,5,1,0,1
ICU_04746,64,1,26.7,81.1,142.7,82.1,15.9,96.7,191.2,0.32,2.8,18,1,1,0
ICU_04062,44,0,,57.7,171.4,80.9,,,113.4,,,13,1,4,1
ICU_03527,95,0,23.0,74.0,140.2,85.1,14.9,92.5,154.1,2.13,10.7,3,0,0,1
ICU_05622,45,0,20.7,54.8,95.6,61.0,22.7,93.9,51.7,0.3,1.0,20,0,1,1
ICU_02223,58,1,41.1,563.621809624297,701.2794082046888,36.7,23.2,98.1,278.15928871000546,2.584023754520226,9.28,12,0,0,1
ICU_04630,34,0,22.4,120.2,83.1,79.2,22.6,87.4,125.3,0.3,4.01,20,1,2,1
ICU_05588,83,1,29.3,69.2,91.4,81.5,6.4,89.0,150.1,0.95,2.31,11,1,2,0
ICU_02190,33,0,,86.8,65.5,74.3,,,84.6,,,9,1,1,1
ICU_01452,66,1,30.7,110.1,122.8,99.6,6.6,95.4,228.1,0.75,29.96,0,1,1,1
ICU_00922,64,1,22.1,84.2,126.5,78.1,13.8,89.5,184.7,0.3,2.4,2,0,2,1
ICU_02872,24,0,28.4,66.8,108.6,60.7,12.5,94.9,119.8,0.3,5.77,7,0,1,1
ICU_00247,50,0,27.2,72.4,141.7,55.7,14.1,93.8,255.7,2.34,5.15,9,0,2,1
ICU_02214,53,1,44.3,111.2,109.2,58.3,23.3,90.3,219.4,0.63,3.55,2,1,4,1
ICU_05727,57,1,20.6,86.6,88.3,84.7,14.5,98.8,104.7,0.3,1.87,17,1,0,1
ICU_04593,22,1,22.4,81.9,80.0,86.5,11.6,91.7,63.4,1.36,9.3,6,0,3,0
ICU_05824,51,0,20.5,32.9,77.2,68.7,25.2,88.8,154.8,1.22,26.33,7,0,0,1
ICU_01008,80,1,22.8,100.8,136.4,79.0,9.7,92.5,214.1,1.42,,14,0,1,1
ICU_03199,69,0,15.8,109.3,60.0,73.0,24.8,100.0,227.6,0.38,1.42,2,1,0,1
ICU_05274,54,1,,84.8,140.1,76.2,,,88.4,,,23,0,1,1
ICU_04181,52,1,21.9,91.7,148.5,45.6,26.0,100.0,84.7,0.3,2.43,4,0,4,1
ICU_00208,71,0,26.5,85.1,139.5,41.7,27.1,100.0,97.7,0.74,20.28,0,0,3,1
ICU_04413,18,1,21.6,116.6,128.1,30.0,14.7,94.1,93.5,0.34,1.0,5,1,1,1
ICU_03183,56,0,26.3,117.3,117.1,49.4,27.1,91.5,172.8,0.36,1.0,21,1,0,0
ICU_03408,57,1,23.0,98.8,86.8,75.8,19.5,94.7,40.0,2.49,1.0,8,1,0,1
ICU_02782,40,1,23.6,50.8,97.0,59.8,18.9,94.0,95.1,0.8,1.0,5,0,4,1
ICU_04615,56,1,24.1,94.9,63.9,69.6,13.1,96.5,259.1,0.33,17.43,5,1,0,1
ICU_05319,71,1,37.9,86.4,106.3,70.8,18.9,94.2,104.2,1.84,5.46,11,0,4,0
ICU_03169,54,1,23.0,74.6,130.0,57.5,17.6,100.0,101.5,0.72,8.3,3,0,3,1
ICU_02735,52,1,31.1,104.3,176.2,80.3,14.7,93.5,217.8,1.9,10.03,10,0,3,0
ICU_01458,85,0,19.9,91.2,83.7,84.0,24.0,100.0,202.2,1.64,18.15,10,1,2,1
ICU_05345,92,0,34.0,54.0,137.0,83.7,12.1,95.4,120.0,0.38,3.46,12,1,0,0
ICU_01201,54,0,,52.7,142.1,47.2,,,143.8,,,21,0,0,0
ICU_03685,46,1,29.0,54.2,122.1,81.5,25.5,100.0,178.7,0.3,13.05,17,1,2,1
ICU_04455,67,1,27.0,56.2,135.0,70.6,19.1,91.5,166.0,0.3,1.67,22,0,0,1
ICU_04233,71,1,,781.7619080375334,952.8754684260539,67.0,,,731.289861402212,,,0,1,2,1
ICU_02973,95,1,15.3,69.2,126.6,65.4,21.3,96.6,104.2,1.37,14.07,15,1,0,1
ICU_03030,18,1,18.1,120.1,106.1,80.3,18.6,94.4,146.1,0.83,7.37,6,1,0,1
ICU_03055,46,0,,511.1044789866645,1044.4394350892815,69.0,,,1466.437398066903,,,12,0,4,1
ICU_02712,70,1,29.6,62.2,130.3,74.4,9.6,84.9,85.6,0.33,15.17,14,0,1,1
ICU_01610,56,1,21.0,73.9,120.9,60.6,22.8,93.7,222.3,0.83,26.99,8,0,1,1
ICU_05666,74,1,26.8,79.3,151.6,82.2,14.6,86.4,212.4,2.63,4.18,12,1,0,1
ICU_00865,55,0,27.4,92.6,106.0,81.3,20.3,88.6,61.9,0.55,11.07,21,1,1,0
ICU_00905,62,1,10.2,95.0,112.6,65.9,7.6,97.0,110.8,2.68,4.22,24,0,2,0
ICU_04223,83,1,26.8,67.0,124.1,70.7,20.3,100.0,153.1,1.36,5.89,11,1,0,1
ICU_00737,79,1,25.4,100.9,60.0,91.6,17.7,86.4,92.6,0.3,1.0,4,1,2,1
ICU_02150,58,0,28.7,141.0,140.7,57.1,13.1,97.7,227.6,0.45,12.34,18,0,5,1
ICU_01600,58,1,22.3,74.3,145.7,67.7,11.3,87.0,187.3,0.3,8.91,23,0,0,1
ICU_00760,51,1,24.3,96.4,149.1,82.3,13.5,97.9,97.9,1.03,21.18,7,0,2,1
ICU_03238,65,1,35.9,112.9,103.0,65.2,24.9,96.3,162.7,0.3,10.91,15,1,3,1
ICU_01088,57,1,40.4,112.2,138.5,74.7,18.0,93.1,186.2,0.52,5.71,7,1,1,1
ICU_05404,46,1,27.9,84.6,160.2,92.8,26.8,89.0,201.3,2.08,12.05,0,1,1,1
ICU_00154,67,0,,78.5,117.1,85.9,,,100.7,,,7,1,3,1
ICU_02257,54,0,23.3,74.7,145.9,73.5,8.7,100.0,96.7,0.3,11.1,13,1,0,1
ICU_02441,86,1,,86.0,110.0,56.6,,,49.5,,,21,1,0,0
ICU_04083,27,1,33.6,63.3,113.1,70.0,13.7,93.0,181.4,3.95,1.76,10,0,3,1
ICU_04787,50,0,32.4,101.8,139.1,72.4,14.2,88.7,40.0,2.26,8.39,4,0,4,1
ICU_01963,73,0,24.9,59.3,128.1,98.6,25.9,96.2,142.6,0.92,13.09,5,0,2,1
ICU_01157,95,1,25.1,84.7,145.0,77.8,24.1,97.2,55.3,1.57,6.99,11,0,1,1
ICU_05063,37,0,29.9,92.7,125.4,83.9,16.1,93.4,202.3,1.18,2.19,20,0,2,0
ICU_01981,37,1,,141.9,98.9,87.2,19.0,97.5,45.3,,,22,1,1,1
ICU_00769,94,0,25.8,125.9,154.7,30.0,21.1,93.0,226.5,0.36,21.17,1,0,0,1
ICU_02319,42,1,18.6,77.9,89.2,84.2,18.2,92.9,99.5,2.15,4.5,5,1,1,1
ICU_00015,51,1,21.2,104.6,85.1,73.7,16.0,90.2,124.2,0.71,13.83,3,1,0,1
ICU_02456,51,0,23.3,523.8286747186154,643.085358189106,63.6,22.6,97.9,2256.210084549492,11.334249492377586,26.66,0,0,3,0
ICU_00814,80,0,36.6,49.6,141.9,52.0,25.0,94.9,262.7,4.94,,23,1,1,1
ICU_05761,71,1,,109.0,90.3,78.9,,,92.8,,,14,1,2,1
ICU_05658,86,0,17.9,83.6,86.6,55.8,15.8,100.0,137.8,2.5,4.19,15,0,2,0
ICU_02677,33,0,31.5,123.3,138.9,89.4,13.9,100.0,160.0,3.16,10.95,20,1,2,0
ICU_02254,39,1,32.9,83.8,115.0,67.0,13.0,91.2,118.6,2.45,2.28,3,0,5,1
ICU_02002,47,1,20.3,84.5,128.3,84.4,15.3,94.8,120.1,0.84,2.49,23,0,4,0
ICU_00338,69,1,20.8,57.0,130.8,55.3,7.0,94.0,132.2,0.3,3.61,12,0,3,0
ICU_04358,72,1,28.5,136.4,111.4,127.9,28.5,100.0,212.7,1.25,21.55,8,1,5,1
ICU_DUP_0064,62,1,20.2,76.7,134.2,63.4,18.1,94.2,81.9,0.64,2.64,8,1,3,0
ICU_02633,67,0,22.0,82.7,91.3,114.8,18.8,97.5,164.3,2.03,9.44,20,0,0,0
ICU_01782,34,1,28.5,58.8,122.9,53.4,23.0,89.6,44.6,2.98,,5,1,1,1
ICU_01462,58,1,,65.4,60.0,56.4,,,84.5,,,14,0,3,1
ICU_01113,70,1,,84.2,143.1,77.1,,,238.2,,,9,0,2,0
ICU_03614,74,1,28.9,92.4,65.9,109.0,11.4,94.1,140.6,4.52,2.33,13,1,0,1
ICU_00811,54,0,24.0,99.3,147.4,49.2,20.7,100.0,73.5,0.36,4.55,6,0,4,0
ICU_04617,18,1,22.1,87.6,118.7,51.1,21.1,100.0,121.1,0.3,1.88,2,0,0,1
ICU_01709,44,0,,84.2,92.7,79.2,,,89.4,,,12,0,0,1
ICU_05413,77,1,41.7,102.0,128.8,90.2,18.1,94.0,154.9,2.16,48.85,0,0,0,1
ICU_00307,51,0,37.0,101.6,87.6,47.4,27.4,100.0,210.2,5.53,21.32,7,1,0,1
ICU_04246,64,1,16.4,86.2,113.8,60.3,13.8,90.2,204.1,0.3,4.74,18,1,1,1
ICU_00684,40,0,25.3,71.2,126.2,66.7,18.1,85.1,57.2,2.07,18.31,8,0,3,0
ICU_05248,76,1,19.6,93.9,123.8,101.4,16.2,88.0,56.9,1.66,1.0,23,0,3,1
ICU_01207,50,1,,51.7,99.1,69.2,,,153.6,,,15,0,2,1
ICU_02231,76,1,31.6,103.4,96.3,98.4,18.7,94.2,136.4,0.3,2.45,8,0,0,1
ICU_04934,53,1,21.5,99.0,84.5,63.8,25.1,97.3,85.8,1.77,4.18,15,1,1,0
ICU_04407,55,1,23.4,94.8,92.1,95.7,9.6,96.3,121.8,2.11,2.01,9,1,5,1
ICU_03945,78,1,28.8,70.8,160.8,77.8,14.0,84.6,245.1,0.58,4.81,4,0,5,0
ICU_00090,63,0,19.5,98.1,98.8,82.5,18.0,98.1,70.6,2.07,7.61,19,1,2,1
ICU_05107,62,0,28.5,98.5,135.0,96.6,23.1,92.3,139.2,0.49,20.92,20,1,0,1
ICU_01813,78,1,16.4,75.5,91.2,92.9,11.8,91.7,117.0,1.16,12.47,20,1,2,1
ICU_01351,29,1,,124.9,136.6,92.4,,,231.6,,,6,1,1,0
ICU_02210,39,0,43.3,126.8,129.2,94.0,19.1,89.2,152.8,0.53,1.0,24,1,1,1
ICU_02522,68,1,36.1,55.8,100.8,57.8,22.4,94.3,131.8,1.14,2.17,20,0,0,0
ICU_02384,62,1,24.9,109.1,130.9,87.3,13.5,94.0,109.7,2.64,1.0,4,1,1,1
ICU_02866,46,1,33.0,77.1,98.6,51.2,28.0,99.2,163.9,1.37,2.29,22,1,0,1
ICU_03387,63,0,20.6,52.6,60.0,83.7,16.3,96.7,121.4,0.3,5.64,14,1,2,1
ICU_00114,58,0,25.0,99.2,162.5,82.3,15.8,100.0,84.7,3.36,1.0,13,0,5,1
ICU_02585,50,1,28.5,83.2,128.1,77.9,6.0,89.1,141.6,0.96,4.06,4,0,0,0
ICU_02262,84,0,25.7,91.8,81.1,50.5,13.7,100.0,170.0,1.29,5.58,9,1,2,0
ICU_01911,95,0,35.5,62.8,92.4,96.8,24.6,91.1,170.3,2.39,24.55,14,0,4,0
ICU_05384,77,0,28.0,106.4,141.7,57.9,20.9,95.3,210.2,0.53,1.03,1,0,1,0
ICU_02145,88,1,33.8,61.7,95.1,82.0,16.3,99.5,224.0,2.01,13.51,4,1,1,0
ICU_00641,92,1,,88.6,119.1,52.0,,,162.6,,,23,0,2,0
ICU_00189,34,0,24.7,96.2,97.0,49.7,9.1,89.1,179.7,3.07,6.28,11,0,4,1
ICU_05000,54,1,25.1,106.7,112.8,78.2,9.4,97.4,189.2,0.37,2.86,21,0,1,0
ICU_03982,95,1,28.6,49.6,122.6,95.1,18.0,90.4,144.1,1.77,22.77,9,1,2,1
ICU_02429,55,0,18.5,93.9,115.7,88.1,23.7,93.0,156.8,0.46,,23,1,0,1
ICU_02511,71,1,,86.6,142.8,81.4,,,215.7,,,9,1,3,0
ICU_01331,83,0,,113.8,144.9,88.3,10.1,90.1,250.0,,,22,0,1,1
ICU_01176,31,1,21.5,72.7,140.6,67.3,21.4,92.4,189.6,1.3,18.76,19,1,3,1
ICU_05600,58,0,28.4,82.1,117.1,72.5,22.6,96.8,242.4,0.33,4.4,18,1,0,1
ICU_02947,18,1,35.0,84.4,124.5,47.1,9.6,95.7,102.1,0.34,1.0,10,1,0,1
ICU_01281,59,0,33.9,81.7,102.8,91.1,8.3,99.8,151.4,3.2,1.57,12,1,5,1
ICU_DUP_0062,75,1,18.4,70.8,103.5,78.7,24.3,94.6,95.6,1.81,18.97,8,1,1,1
ICU_01655,56,1,,576.1842002259012,1008.824443076484,64.4,,,785.9201555169418,,,14,1,2,0
ICU_03679,60,0,31.1,61.6,125.5,58.0,12.3,97.7,104.6,0.3,5.43,23,1,5,1
ICU_02644,42,0,30.4,102.8,65.6,65.3,14.0,98.9,130.2,0.69,4.22,23,0,2,0
ICU_00339,51,1,17.7,85.9,102.8,41.1,31.2,92.5,204.2,0.63,8.73,21,1,3,1
ICU_00199,41,1,17.3,81.9,118.0,30.0,15.7,85.5,88.3,0.59,2.43,19,1,1,1
ICU_05773,46,0,12.7,45.8,163.3,75.5,13.6,97.4,129.3,2.33,4.03,17,0,4,0
ICU_02779,70,1,,79.5,93.5,93.8,,,86.0,,,18,0,0,1
ICU_04858,64,0,30.2,120.1,127.6,75.7,6.0,92.1,131.3,1.61,9.89,24,0,0,0
ICU_02292,63,0,22.3,53.4,169.1,79.5,30.1,100.0,45.1,0.54,1.46,11,1,4,1
ICU_00563,56,1,31.1,57.8,65.3,55.8,18.4,96.5,118.7,0.88,,14,0,1,0
ICU_03456,81,0,15.4,102.9,130.8,65.5,20.3,93.4,120.7,0.3,26.49,3,1,2,1
ICU_03420,51,1,35.5,91.2,113.8,63.7,17.2,87.1,100.3,0.69,12.28,18,1,1,0
ICU_03223,74,0,31.8,597.4980372492552,982.1314420773899,69.4,10.4,97.6,1770.3510550348733,4.521737584479509,6.28,16,0,0,1
ICU_00087,67,1,23.9,87.7,132.4,66.7,24.6,89.7,200.2,2.08,6.88,11,0,1,0
ICU_05566,81,0,29.8,100.1,89.3,77.1,10.9,99.8,40.0,0.3,1.0,17,0,2,1
ICU_05865,51,0,25.1,90.8,102.3,68.3,32.1,99.5,167.0,0.7,5.85,18,1,1,1
ICU_03383,80,1,,128.8,123.7,46.7,22.5,,124.9,,,19,1,5,0
ICU_04918,86,0,18.4,78.8,103.8,71.8,22.7,92.1,80.8,0.58,14.74,17,1,1,0
ICU_05525,50,0,25.6,65.8,136.4,97.3,6.6,90.9,145.3,0.31,4.77,24,0,0,1
ICU_02928,90,0,30.5,81.2,141.5,84.7,22.7,93.7,121.3,0.3,1.85,13,1,3,0
ICU_00575,22,1,17.6,58.7,118.9,54.9,16.0,95.3,228.3,2.78,,21,0,0,1
ICU_01332,58,1,26.3,79.9,86.1,92.3,17.0,97.4,171.7,1.68,10.68,24,1,2,1
ICU_02606,51,1,23.9,129.0,111.9,49.8,13.3,91.9,281.1,0.3,8.95,13,0,1,0
ICU_05197,55,1,29.3,94.4,135.1,94.1,22.5,91.1,67.9,0.3,22.55,1,1,0,1
ICU_02764,66,1,40.6,101.6,128.3,76.0,21.3,92.3,40.0,2.48,46.53,24,0,5,0
ICU_00607,39,1,24.7,97.3,149.2,69.9,11.3,99.9,107.5,6.1,,24,0,2,1
ICU_05484,19,0,20.2,69.2,140.0,73.6,19.2,95.8,149.1,0.3,10.35,5,0,0,0
ICU_05519,34,1,,108.7,80.7,88.1,,,120.3,,,0,1,1,1
ICU_01436,57,1,14.9,85.1,119.9,76.9,17.8,100.0,90.1,0.57,1.0,24,0,0,1
ICU_02169,70,1,24.0,79.2,98.5,66.0,20.1,95.0,199.9,0.35,2.59,16,1,1,1
ICU_01162,36,0,33.5,75.6,116.5,111.6,8.1,100.0,273.5,0.3,1.0,19,1,3,1
ICU_03796,59,1,,64.9,140.9,53.3,,,117.9,,,10,1,2,0
ICU_03783,40,0,,92.2,62.7,49.4,,,140.1,,,4,1,2,1
ICU_04283,79,0,39.5,94.0,60.0,57.9,13.5,97.3,134.2,1.29,3.02,13,0,2,0
ICU_02756,65,0,,76.4,102.7,65.0,,,154.6,,,20,1,2,1
ICU_01246,62,1,26.4,58.0,125.8,65.9,21.7,92.3,155.3,2.36,5.98,22,0,0,0
ICU_01801,60,1,28.0,52.6,121.9,65.9,22.7,99.0,106.9,1.52,1.0,17,1,4,1
ICU_01266,59,1,24.0,67.6,146.7,62.8,17.5,94.9,88.9,2.08,5.83,4,0,4,1
ICU_05805,64,0,18.1,89.9,160.5,60.9,23.6,93.8,133.5,2.84,3.0,19,0,1,0
ICU_00774,73,1,19.2,89.9,102.3,75.0,29.4,100.0,161.0,0.3,4.52,24,0,0,0
ICU_05137,75,0,14.6,106.4,135.2,82.5,12.4,97.2,197.6,0.3,28.67,0,1,0,1
ICU_03909,48,0,19.3,98.5,102.1,72.0,15.1,95.9,100.8,1.23,19.25,1,0,3,1
ICU_04275,60,0,31.6,84.7,170.8,62.5,20.1,97.6,290.2,0.3,1.0,18,1,1,0
ICU_01269,84,0,30.5,99.7,107.6,104.6,15.3,96.6,117.1,0.3,4.09,14,1,5,0
ICU_00281,73,0,34.2,61.0,82.0,78.9,6.3,100.0,154.5,0.3,12.08,12,0,0,1
ICU_04906,53,1,,69.4,153.6,100.7,,,88.0,,,18,0,2,1
ICU_05757,56,1,24.2,62.3,164.6,80.4,25.9,90.4,158.5,0.3,4.2,5,0,1,1
ICU_01362,64,0,,82.8,132.3,58.3,,,141.8,,,16,0,2,0
ICU_05654,46,1,40.8,64.7,147.3,86.5,27.3,96.9,157.0,0.3,8.5,0,1,1,1
ICU_02570,62,1,29.7,84.0,144.0,84.8,19.9,92.1,124.7,0.64,6.91,21,0,1,0
ICU_01466,92,0,38.6,72.3,139.1,64.0,14.2,90.1,40.0,1.65,3.02,24,1,1,0
ICU_01213,78,1,11.6,90.1,105.2,71.4,18.6,93.2,95.0,0.97,13.08,9,1,0,0
ICU_00489,77,0,,105.4,72.1,85.3,,,106.4,,,15,0,2,0
ICU_01793,74,0,23.7,105.7,161.2,59.9,21.4,93.0,46.2,4.43,3.31,13,1,1,0
ICU_03754,49,1,31.6,146.1,161.3,91.1,22.7,94.4,59.6,1.67,1.0,14,0,1,0
ICU_02351,73,0,56.1,109.4,142.9,79.8,23.1,94.5,194.4,0.89,14.02,3,0,2,1
ICU_03451,39,1,24.4,81.9,120.5,72.2,19.0,85.5,174.4,2.92,4.93,20,1,0,0
ICU_03128,63,1,31.7,92.3,73.9,82.9,20.5,91.2,212.4,0.3,3.09,22,0,1,1
ICU_02181,55,0,22.7,91.4,149.8,88.1,28.5,88.1,249.7,0.41,9.13,16,1,1,1
ICU_03570,56,1,,107.7,139.6,94.3,,,187.6,,,2,1,0,1
ICU_01978,48,0,26.8,74.2,88.5,76.8,6.0,94.1,124.0,0.34,1.0,14,0,3,1
ICU_01361,72,0,26.2,49.3,113.2,69.8,10.8,98.6,188.5,2.05,1.9,5,1,0,1
ICU_04584,58,1,47.2,75.6,121.0,79.8,20.3,91.9,128.5,0.45,,20,1,5,0
ICU_01895,55,1,,93.5,162.9,31.2,,,90.0,,,16,0,0,1
ICU_04507,66,0,,61.6,145.1,77.2,18.7,,286.0,,,18,1,1,0
ICU_05025,39,1,30.2,74.0,86.2,48.3,26.4,100.0,140.4,0.3,13.96,4,0,1,1
ICU_04797,26,0,51.0,43.7,124.8,54.7,18.9,97.5,133.4,1.82,1.24,15,1,0,1
ICU_DUP_0052,74,1,24.5,103.4,144.5,65.0,17.9,86.9,40.0,0.3,6.66,7,0,3,0
ICU_04925,52,0,26.7,92.7,114.6,96.4,16.8,98.2,152.2,0.43,16.81,7,1,2,0
ICU_DUP_0005,45,0,12.8,52.5,149.4,92.3,26.1,92.9,96.3,5.11,12.45,15,0,0,1
ICU_03923,32,0,32.4,73.5,98.5,88.6,12.6,92.3,54.4,2.45,9.48,15,0,2,0
ICU_01582,43,1,29.8,64.3,118.3,74.5,18.5,93.2,123.0,0.8,50.0,13,1,4,1
ICU_01415,78,0,19.0,94.6,155.0,65.9,19.4,100.0,130.8,1.37,14.88,22,0,0,0
ICU_01697,49,0,28.2,103.4,106.9,69.6,22.3,97.9,93.4,0.3,13.39,5,0,0,1
ICU_00713,69,1,19.0,142.5,106.6,85.1,25.4,95.7,144.5,1.9,26.57,3,0,0,1
ICU_05193,51,0,19.6,103.1,130.5,34.3,27.5,99.7,109.3,0.99,8.98,17,0,0,1
ICU_02596,51,0,26.3,97.8,109.5,88.3,16.6,93.2,171.6,0.3,9.15,2,1,5,1
ICU_02922,58,1,29.1,79.1,111.9,69.5,24.6,90.9,139.6,0.44,30.87,24,0,3,0
ICU_03495,95,0,41.1,85.3,141.3,92.3,17.7,100.0,130.4,0.3,1.94,24,1,2,0
ICU_01554,57,1,30.7,100.2,150.5,86.3,26.7,89.9,144.4,1.15,10.79,9,0,4,1
ICU_03296,92,1,21.0,112.2,110.7,83.0,27.9,94.2,69.8,3.75,1.11,9,1,2,1
ICU_02293,47,0,,63.4,150.6,52.5,,,176.7,,,7,1,2,1
ICU_03228,76,1,30.1,69.8,92.8,60.6,15.8,97.9,69.0,0.33,25.01,22,0,0,1
ICU_03466,54,0,32.2,95.6,96.3,49.7,25.8,93.7,101.4,0.44,6.59,8,1,2,1
ICU_03126,27,0,26.0,91.6,99.3,44.2,23.7,100.0,212.8,1.4,2.79,22,0,1,1
ICU_00555,54,1,,102.9,143.2,58.3,,,198.1,,,16,0,0,1
ICU_00005,57,0,22.6,74.7,129.3,128.5,16.8,84.0,205.6,1.51,6.4,24,0,2,1
ICU_03780,59,1,40.9,98.1,143.4,90.2,24.7,93.6,107.1,0.3,14.07,6,0,1,0
ICU_02498,76,0,14.1,83.2,105.3,95.6,19.3,90.2,111.9,0.65,6.65,4,0,2,1
ICU_05683,62,0,31.3,869.3652459673181,925.6643826376056,91.2,18.2,95.2,507.331553631188,2.0349674351880087,3.32,16,0,2,0
ICU_04878,49,0,22.5,82.4,169.0,30.0,16.5,94.3,162.2,3.36,34.37,9,0,3,0
ICU_05149,67,1,22.8,67.8,96.4,59.5,11.8,93.2,204.1,0.96,1.0,8,1,2,1
ICU_00477,67,1,28.6,75.1,149.3,74.2,15.8,93.7,40.0,0.96,12.98,15,1,3,0
ICU_05669,86,1,30.6,80.6,110.6,78.3,26.8,100.0,144.6,0.3,4.22,0,1,5,0
ICU_00616,63,0,24.3,122.5,165.1,84.9,7.4,97.4,98.4,0.98,5.97,6,0,2,1
ICU_04866,65,1,20.5,109.9,94.2,43.1,19.0,97.2,107.9,0.37,1.78,3,1,0,1
ICU_01075,53,1,34.1,60.0,109.7,104.6,16.3,95.5,135.8,0.68,1.0,2,1,0,0
ICU_04956,58,0,22.3,110.4,155.7,83.6,17.7,91.1,200.0,0.87,,1,1,2,1
ICU_05044,76,0,27.6,103.9,119.0,88.4,13.6,88.5,98.4,1.94,21.65,5,1,0,0
ICU_05136,70,1,37.6,49.7,150.2,71.5,8.0,98.8,79.5,1.3,2.84,8,0,1,1
ICU_DUP_0063,79,0,27.3,84.2,140.0,65.6,20.8,84.2,188.0,1.47,,15,0,0,0
ICU_04811,27,0,,60.7,153.2,51.3,,,200.5,,,14,1,2,1
ICU_00215,75,1,22.5,40.0,84.6,76.3,29.1,91.4,259.5,0.8,1.0,10,0,3,1
ICU_03875,83,1,28.8,112.6,154.7,74.7,19.7,94.0,114.2,0.65,5.04,2,0,1,0
ICU_01804,29,1,26.7,74.4,94.1,112.1,12.9,95.4,187.5,1.21,7.23,20,1,2,1
ICU_04665,59,1,33.4,80.9,100.6,74.5,16.6,92.0,93.5,0.77,4.2,6,0,2,1
ICU_04544,68,0,38.8,86.2,94.2,47.3,18.2,94.8,111.3,2.99,2.33,2,0,1,1
ICU_02191,70,1,14.1,97.4,122.1,39.1,28.1,87.2,44.3,1.99,3.41,9,0,1,1
ICU_02464,77,1,24.0,85.4,122.0,58.5,27.3,99.9,138.2,0.3,2.99,13,1,3,1
ICU_05361,64,0,33.1,64.3,137.3,64.8,13.7,93.8,235.8,0.43,9.5,11,0,1,1
ICU_01877,58,1,30.0,59.3,84.2,53.1,24.0,93.5,205.1,1.66,17.49,6,1,0,1
ICU_03582,95,1,22.8,136.1,133.7,64.8,6.0,90.2,194.8,0.3,3.83,18,0,3,0
ICU_00335,59,0,28.6,93.6,101.7,63.7,10.8,95.1,120.0,0.9,1.08,24,0,3,1
ICU_00165,69,0,30.2,46.7,127.5,66.7,21.7,94.5,185.5,1.71,31.49,20,0,0,1
ICU_02506,95,0,25.4,90.5,166.9,87.6,6.8,100.0,195.3,2.22,9.62,1,1,2,0
ICU_02042,52,0,35.0,92.1,114.5,60.5,16.0,95.5,150.5,0.3,,16,1,0,1
ICU_00557,54,0,16.9,55.8,146.7,90.4,24.1,94.5,175.4,1.61,7.7,8,0,2,1
ICU_00625,52,1,25.8,41.0,126.8,47.5,27.9,91.3,194.5,1.04,2.52,22,0,0,1
ICU_00293,77,0,,80.4,147.0,64.4,,,251.2,,,5,1,4,0
ICU_02569,57,0,14.0,77.3,66.6,86.6,11.8,100.0,201.7,0.34,2.95,5,0,2,0
ICU_02935,88,1,29.3,101.0,92.1,44.5,19.9,94.9,172.6,0.3,1.89,17,1,4,0
ICU_01043,61,0,25.4,96.7,68.6,63.1,18.5,99.0,164.0,3.03,2.57,15,1,2,1
ICU_03665,39,0,33.8,98.9,97.9,100.2,30.2,93.2,85.1,0.3,1.0,4,1,3,1
ICU_01489,84,0,23.0,53.0,155.2,62.7,18.6,100.0,95.6,0.36,5.56,15,1,1,0
ICU_02260,69,1,35.0,101.7,76.2,86.7,15.9,98.1,178.9,0.3,18.56,19,0,2,1
ICU_DUP_0023,93,0,27.8,74.4,146.5,78.6,30.5,93.7,150.9,1.19,,21,0,3,0
ICU_00075,76,1,32.4,38.4,136.1,97.2,21.2,90.6,364.7,0.4,3.68,22,1,5,0
ICU_01633,80,1,27.9,94.8,140.1,71.6,20.2,100.0,43.3,1.52,17.49,10,1,0,1
ICU_04706,87,1,18.2,47.8,96.7,65.3,23.4,100.0,147.7,2.37,50.0,9,0,0,1
ICU_03017,18,1,23.2,55.6,124.6,80.4,25.2,85.6,40.0,1.57,19.95,5,1,0,1
ICU_01523,44,1,26.6,112.1,121.3,90.6,9.9,95.1,157.6,2.08,19.84,6,1,2,1
ICU_02127,82,1,27.4,59.1,106.8,73.5,17.9,96.4,100.4,1.2,1.24,7,0,0,1
ICU_01966,58,0,34.6,611.7164991947947,1177.9305301055442,65.9,14.3,95.5,497.05078163730104,2.6326635950451016,6.18,8,0,1,1
ICU_01419,71,0,26.2,87.2,155.4,37.0,6.7,98.1,141.7,0.38,2.38,1,1,2,1
ICU_05563,75,0,,91.1,128.9,78.7,,,171.1,,,16,1,0,0
ICU_01354,51,1,28.5,66.7,147.0,73.9,16.5,95.6,40.0,0.37,12.11,20,1,1,0
ICU_04118,53,0,,111.8,131.5,60.8,,,242.3,,,12,0,2,0
ICU_01902,83,1,15.6,71.2,141.5,59.7,14.5,97.5,161.5,1.56,3.34,15,1,4,0
ICU_05829,86,1,22.1,53.3,141.4,34.0,12.0,100.0,67.8,0.88,21.91,12,1,5,0
ICU_00804,54,0,22.4,73.9,110.1,57.4,12.8,91.6,131.2,0.81,1.75,0,0,3,1
ICU_01049,86,0,32.2,111.5,127.6,69.9,22.7,90.9,100.7,0.32,,5,1,0,0
ICU_02069,78,0,21.1,108.9,133.9,54.5,8.6,96.1,193.6,1.21,1.57,21,0,2,1
ICU_03396,71,0,26.4,95.8,155.4,89.7,18.4,89.8,122.7,0.32,4.09,8,0,3,0
ICU_03683,84,0,19.7,77.2,112.6,79.1,28.3,100.0,40.0,0.3,14.78,21,1,3,0
ICU_01644,42,0,20.5,73.1,110.6,65.6,13.3,91.0,103.9,1.4,5.7,22,1,2,1
ICU_03275,86,1,23.2,89.3,164.2,57.1,10.7,100.0,96.1,1.04,19.03,22,0,0,0
ICU_05796,95,0,20.5,102.8,163.3,72.6,19.4,100.0,155.3,1.74,9.3,9,0,0,1
ICU_04430,29,1,26.5,83.1,97.2,88.9,18.5,98.2,122.2,1.56,1.0,12,0,0,1
ICU_02226,87,0,15.6,49.8,124.4,33.4,15.3,100.0,139.7,0.3,7.18,4,0,2,1
ICU_02211,72,0,27.2,98.5,178.9,85.2,19.0,94.3,182.6,1.32,19.55,10,0,2,1
ICU_03881,65,1,,91.6,93.9,49.4,,,98.1,,,1,0,1,1
ICU_02458,70,1,31.0,79.1,96.0,50.0,25.0,99.6,167.9,0.45,,19,1,1,1
ICU_01493,65,1,26.5,108.5,108.6,59.5,15.9,100.0,274.0,0.31,,3,1,2,1
ICU_00959,70,1,,109.5,140.2,75.1,,,48.8,,,22,0,4,1
ICU_04699,53,1,36.4,65.9,60.0,99.8,6.0,100.0,130.6,0.3,8.96,9,1,0,0
ICU_05741,44,1,43.5,117.1,130.1,65.0,18.9,98.0,222.7,1.16,16.42,21,0,1,1
ICU_00795,80,1,14.4,105.0,80.9,74.8,21.1,94.0,163.7,0.45,2.59,0,1,4,0
ICU_05974,70,0,25.8,79.0,121.8,91.0,13.6,87.7,128.9,0.37,,0,0,1,1
ICU_05489,55,0,38.1,81.2,73.8,90.8,19.8,97.5,145.9,0.6,7.46,21,0,2,0
ICU_03112,56,1,19.2,54.8,76.9,82.4,19.3,98.7,107.6,1.1,1.5,1,0,0,1
ICU_05299,67,1,26.4,102.1,169.7,50.6,25.6,100.0,59.5,1.29,,8,0,0,1
ICU_05545,31,0,,82.0,137.1,74.5,,,217.6,,,2,0,2,0
ICU_01706,74,1,24.1,71.8,131.7,61.0,14.6,95.1,54.5,1.34,10.61,7,0,4,1
ICU_00521,71,0,18.5,72.8,120.7,72.7,13.1,100.0,56.0,0.3,10.37,4,1,0,1
ICU_04935,71,0,16.0,74.0,60.0,62.4,20.0,90.7,40.0,1.57,5.54,18,0,0,1
ICU_02804,60,0,20.0,82.8,96.1,76.0,17.6,100.0,155.4,4.75,1.0,13,0,2,1
ICU_00525,29,0,,96.1,91.0,67.4,,,58.1,,,20,1,1,1
ICU_02399,63,1,19.9,87.3,117.2,44.9,12.6,94.4,40.0,0.3,11.26,15,1,2,0
ICU_05087,71,1,13.7,77.6,60.0,81.7,6.5,91.4,268.6,3.69,1.22,20,1,0,0
ICU_05458,43,1,20.8,70.6,92.5,104.0,17.3,96.1,184.6,1.38,14.82,6,0,1,1
ICU_02838,95,0,31.6,77.5,60.0,86.9,17.1,89.4,153.5,0.66,46.94,4,0,1,0
ICU_05647,90,0,15.3,77.0,111.7,68.8,20.2,100.0,248.3,1.35,23.9,17,0,2,1
ICU_00772,73,1,31.0,84.3,124.1,89.5,23.2,94.9,238.1,6.4,,9,0,1,0
ICU_02497,56,0,,91.7,76.8,53.7,,,163.8,,,7,0,5,1
ICU_01375,58,1,24.6,87.6,125.3,82.7,7.8,97.7,165.4,0.31,1.0,15,1,2,1
ICU_00116,61,1,,105.5,160.3,54.2,,,62.0,,,4,1,1,1
ICU_03308,93,0,27.3,80.3,147.5,81.7,7.4,93.6,89.9,1.74,20.81,19,0,0,0
ICU_02095,60,1,38.0,112.4,107.3,69.3,15.1,97.0,40.0,0.3,,17,0,2,0
ICU_00657,61,0,24.6,88.1,126.2,106.3,14.5,96.9,146.3,0.87,13.14,23,0,1,1
ICU_00042,59,0,16.1,130.9,113.2,58.3,17.9,97.5,184.6,0.36,5.52,19,0,2,0
ICU_05908,92,1,45.7,95.3,97.0,110.7,23.3,95.0,153.7,1.26,2.86,9,0,4,0
ICU_04070,72,1,20.0,45.0,150.3,51.1,31.5,97.7,120.0,0.83,12.52,19,0,2,1
ICU_05942,62,0,33.4,61.7,117.2,61.2,17.6,91.8,40.0,1.12,1.44,14,0,3,1
ICU_05860,84,0,24.9,91.0,123.9,91.1,26.2,92.7,80.2,0.54,8.02,17,0,0,1
ICU_05016,24,0,20.6,458.50363400243685,773.1415262589014,52.3,18.8,93.1,1654.964945212091,2.530234016181634,8.24,19,0,0,1
ICU_00878,61,0,23.7,106.8,128.6,70.4,6.0,100.0,193.8,0.92,5.11,8,0,3,1
ICU_05013,57,1,29.1,81.5,168.8,56.6,16.2,98.1,164.0,0.3,1.0,7,0,0,1
ICU_00220,95,1,39.1,78.8,97.4,79.0,19.8,100.0,55.5,0.65,2.2,0,0,0,1
ICU_02418,69,1,,45.4,149.0,51.6,,,262.5,,,21,0,1,1
ICU_01015,65,1,22.6,106.7,136.9,94.9,13.8,93.9,165.0,2.71,10.0,9,0,2,1
ICU_05791,18,0,25.2,78.0,166.0,69.7,21.4,94.7,68.7,1.77,1.66,3,0,1,1
ICU_01728,68,1,24.4,81.3,60.7,88.9,10.1,100.0,152.1,0.53,1.0,21,1,0,1
ICU_05884,35,0,,112.0,92.2,67.7,,,151.8,,,17,0,3,1
ICU_04818,73,1,29.1,100.8,134.4,68.5,24.7,94.8,193.8,0.51,1.55,2,1,2,1
ICU_03070,39,0,31.8,84.2,69.1,54.6,16.2,95.9,140.7,0.3,7.2,16,0,2,1
ICU_03805,71,0,26.3,95.8,127.4,56.4,10.8,88.0,178.4,2.29,5.06,24,1,2,1
ICU_01506,74,0,40.5,74.8,136.9,58.9,12.2,100.0,146.4,0.74,13.11,13,0,0,1
ICU_02131,62,1,21.0,81.9,90.4,94.3,16.7,99.2,167.6,1.98,4.24,13,1,1,1
ICU_05448,67,0,27.2,104.9,128.7,57.2,12.0,90.1,132.1,1.8,4.61,21,0,1,1
ICU_01380,74,1,17.2,106.6,70.4,65.1,23.2,93.8,40.0,0.3,7.15,21,0,3,1
ICU_05480,95,1,21.6,101.6,126.2,57.0,22.1,94.7,69.3,2.73,1.62,19,1,1,0
ICU_04300,54,0,20.8,82.7,71.6,64.6,15.7,93.1,197.5,1.4,3.44,13,1,1,1
ICU_05290,90,1,45.5,78.3,82.5,91.2,17.8,90.7,101.9,0.69,28.03,5,0,2,1
ICU_03404,69,1,42.2,101.9,106.8,87.1,14.0,100.0,88.8,3.3,,1,1,3,1
ICU_00278,63,0,30.2,88.4,138.3,69.6,22.1,94.5,70.5,0.3,4.19,23,1,0,1
ICU_01612,77,0,23.2,84.4,119.6,91.0,22.7,86.1,75.4,0.3,1.0,17,1,2,1
ICU_04482,46,0,25.5,83.2,114.9,76.1,18.9,94.7,78.8,1.0,1.0,14,1,2,1
ICU_05705,24,1,31.9,76.3,183.3,81.0,16.8,96.5,184.4,0.33,1.0,12,0,1,1
ICU_05840,68,1,35.4,100.0,149.4,79.7,19.9,100.0,172.7,0.97,41.68,15,1,4,0
ICU_04205,50,0,22.4,92.4,99.6,65.3,15.3,100.0,197.2,0.66,1.0,12,1,0,1
ICU_02763,50,1,,126.2,89.6,41.0,7.9,99.8,69.2,,,6,0,0,1
ICU_00320,63,1,23.1,78.9,96.5,78.3,18.1,88.8,40.0,0.91,25.41,19,0,0,1
ICU_00968,61,1,,67.0,140.7,52.7,,,89.1,,,13,0,2,1
ICU_00488,92,0,54.7,49.5,154.0,91.4,9.9,94.6,218.6,0.3,1.0,17,0,1,0
ICU_02819,27,1,20.1,102.7,142.6,80.1,20.6,89.2,88.2,1.86,4.51,9,0,0,1
ICU_02377,38,1,24.2,70.0,119.1,53.0,9.8,97.4,215.1,1.35,10.99,4,1,1,0
ICU_04089,55,1,,113.3,93.2,58.4,,,195.2,,,4,0,3,1
ICU_03012,38,0,22.6,93.9,100.6,58.3,18.5,98.4,145.8,2.07,20.12,11,1,2,1
ICU_02655,77,1,15.8,56.2,106.6,82.6,28.5,95.4,93.3,0.3,4.33,15,1,1,0
ICU_03081,64,0,31.2,59.6,117.4,66.1,21.3,97.3,180.9,0.32,1.98,21,0,2,1
ICU_04373,64,0,33.1,82.0,87.5,57.8,19.2,98.7,159.1,0.3,17.61,18,1,1,1
ICU_00850,50,1,24.2,78.4,120.5,86.4,15.5,100.0,57.4,0.73,1.0,7,0,1,1
ICU_01930,39,0,25.0,98.7,83.6,65.4,12.6,94.5,107.2,0.83,2.94,11,1,0,1
ICU_02810,59,0,51.5,73.0,113.2,71.7,28.6,96.5,80.7,0.73,1.0,12,1,0,1
ICU_04731,61,0,24.3,74.0,129.6,68.9,22.2,94.1,176.5,0.35,2.39,12,0,4,1
ICU_01408,56,0,30.8,78.2,139.5,84.6,18.0,97.8,99.1,1.28,1.53,10,0,4,1
ICU_01249,33,0,32.0,76.7,125.2,76.9,17.3,93.7,166.3,3.82,15.54,10,1,0,0
ICU_04841,63,0,23.2,137.9,101.7,72.5,14.9,100.0,84.2,0.55,1.0,23,1,1,0
ICU_03843,37,1,,110.3,106.6,73.5,,,232.3,,,20,0,1,1
ICU_04215,72,1,19.4,49.3,115.7,71.0,20.0,92.2,40.0,0.3,50.0,9,0,1,1
ICU_01208,36,1,29.2,109.5,108.1,94.2,25.2,96.0,74.4,1.85,12.46,7,0,2,1
ICU_02080,62,0,20.3,55.0,118.7,84.8,25.4,94.2,159.0,0.3,3.82,5,1,1,0
ICU_03356,63,1,23.9,112.5,119.9,81.0,13.4,90.2,85.4,0.54,5.21,3,0,1,1
ICU_05401,54,0,,70.1,124.8,89.2,,,165.8,,,7,1,2,1
ICU_02093,41,0,25.1,84.8,60.0,66.3,22.2,100.0,48.8,0.61,11.49,17,1,0,1
ICU_03214,75,1,40.0,47.2,96.1,61.4,18.5,96.1,144.1,0.3,46.84,20,0,1,1
ICU_05524,46,1,,117.2,69.6,93.3,,,117.9,,,8,1,2,1
ICU_02092,73,1,36.9,57.3,155.5,72.7,23.4,90.0,157.3,1.64,1.84,6,0,2,1
ICU_05385,62,0,21.1,88.5,75.7,58.9,18.2,93.1,137.2,0.93,,23,1,0,1
ICU_02739,77,1,21.6,57.3,127.0,96.3,22.5,89.9,122.0,1.13,13.58,17,0,1,1
ICU_01216,49,1,22.4,130.8,186.5,73.4,15.6,89.0,262.7,2.19,33.02,21,1,0,1
ICU_02389,80,1,26.0,121.8,105.5,76.1,24.5,97.6,40.0,3.63,18.27,24,0,2,0
ICU_02070,79,1,23.4,116.8,106.8,78.9,20.0,100.0,145.3,0.3,2.97,19,0,4,1
ICU_05816,47,1,30.7,90.0,98.6,74.2,16.4,92.8,40.0,0.98,3.24,17,1,1,1
ICU_01119,80,0,30.7,1143.542541845443,455.80424909824,53.2,17.1,98.3,1192.6693521023865,5.233236658264191,18.88,24,0,2,0
ICU_00131,63,0,32.9,86.8,141.8,83.9,17.0,92.6,127.6,0.3,6.63,9,0,3,1
ICU_02204,44,0,,94.1,101.1,84.6,,,110.7,,,8,1,4,0
ICU_05375,75,1,28.0,120.4,61.4,58.2,14.9,100.0,177.1,0.58,1.0,3,0,2,1
ICU_03723,29,0,41.4,90.0,130.3,93.9,16.3,97.8,146.0,1.79,4.37,5,0,0,1
ICU_00911,65,1,31.4,76.3,169.9,112.0,10.4,97.2,124.1,0.66,11.32,12,0,3,1
ICU_03901,59,0,20.1,644.1891417352256,1165.6125251255223,85.8,17.3,100.0,1438.2000817232558,3.597692813085113,7.87,4,1,2,1
ICU_00567,43,0,20.5,111.7,152.1,69.7,11.3,91.3,169.9,1.34,1.0,23,0,1,1
ICU_02158,85,1,22.0,92.2,158.3,74.5,11.2,99.2,288.7,0.31,8.62,14,0,4,0
ICU_03067,62,1,27.6,73.7,60.0,67.9,19.9,88.4,159.9,1.47,9.9,19,0,4,1
ICU_04375,73,0,22.7,133.1,148.5,66.7,19.8,94.5,163.6,0.62,,9,0,1,0
ICU_DUP_0035,55,1,26.6,76.7,179.8,81.5,10.2,100.0,181.7,0.3,7.62,1,1,0,0
ICU_04182,46,1,23.1,113.6,114.5,80.2,10.3,98.9,166.5,0.45,4.32,13,1,0,1
ICU_00115,67,1,27.6,93.4,119.0,85.1,29.4,93.9,168.6,1.62,6.88,4,1,1,1
ICU_02849,52,0,32.8,106.8,125.9,34.2,21.9,98.6,181.9,1.39,12.92,8,0,1,0
ICU_04829,43,0,,105.1,72.0,70.6,,,76.2,,,14,1,3,0
ICU_02162,70,1,23.3,99.8,116.4,71.5,9.5,98.2,96.4,0.3,16.05,1,1,3,1
ICU_01617,48,1,23.6,138.6,89.7,98.4,18.2,100.0,173.3,1.05,1.0,24,0,2,1
ICU_03180,79,1,31.2,55.8,118.8,50.3,25.1,100.0,109.0,2.86,6.86,4,0,4,0
ICU_03761,61,1,36.6,109.2,165.4,86.3,16.6,93.2,54.1,0.76,10.51,16,0,3,0
ICU_00054,80,1,25.8,64.1,90.4,62.4,15.6,98.5,136.9,0.3,1.0,23,1,2,0
ICU_05731,62,0,30.1,962.6919718729671,607.6684883890488,98.2,11.5,95.7,1158.287545407746,4.625265287038255,16.68,23,0,3,1
ICU_05928,83,0,,90.1,141.3,55.1,,,127.1,,,6,0,4,1
ICU_01243,43,1,20.8,74.0,107.3,100.3,6.0,99.5,141.1,0.86,4.17,24,1,1,1
ICU_00432,57,1,36.5,115.8,89.9,98.2,14.4,92.3,160.0,0.3,9.76,24,1,1,0
ICU_05946,51,1,46.9,91.7,131.5,91.3,15.5,97.3,213.9,2.21,29.34,5,0,1,1
ICU_02658,65,1,25.9,88.0,128.9,97.0,15.5,97.3,72.6,0.45,9.34,13,0,1,0
ICU_03400,70,1,13.3,89.0,154.9,69.8,12.5,85.4,99.7,0.3,1.96,13,1,0,0
ICU_04963,67,1,,69.8,148.2,97.6,,,40.0,,,9,1,1,1
ICU_03168,60,0,31.0,112.0,124.4,72.3,8.4,94.2,140.2,0.31,3.2,21,1,2,1
ICU_04705,59,0,22.8,88.1,116.9,65.0,20.0,93.9,169.9,0.68,15.01,12,0,0,0
ICU_02101,45,1,33.2,122.2,164.4,79.5,13.7,97.3,42.6,0.3,1.0,16,0,2,1
ICU_03563,83,1,19.6,681.0606331639148,818.1194068429973,59.6,15.2,94.5,1495.5523266266348,,,6,1,1,1
ICU_03358,70,0,35.7,90.7,128.1,65.6,22.5,85.9,188.2,0.31,21.76,17,0,1,0
ICU_01536,71,1,28.4,107.2,126.7,92.8,15.0,85.8,113.8,0.53,4.02,23,0,0,0
ICU_03061,56,0,,63.0,175.8,74.3,,,129.7,,,6,0,1,0
ICU_04135,55,1,31.9,437.51312456897745,1541.8366313456177,84.8,30.6,95.8,1004.0269748469615,2.9016678626733334,4.2,12,0,0,1
ICU_05929,69,1,,86.8,112.6,98.5,14.2,,120.8,,,22,0,4,0
ICU_03182,42,1,43.6,95.1,133.5,77.8,18.7,100.0,127.7,0.41,7.64,6,0,2,1
ICU_03425,81,1,,67.2,146.5,45.5,,,197.3,,,20,0,0,0
ICU_01317,56,1,23.9,67.8,85.2,63.5,18.4,100.0,172.9,0.49,1.0,9,0,1,1
ICU_04715,61,1,31.8,144.5,60.0,68.6,22.5,100.0,159.7,0.59,13.13,13,1,2,0
ICU_02773,34,1,28.2,100.1,73.7,47.1,23.5,95.3,116.1,0.3,16.0,3,0,0,1
ICU_00545,47,1,30.1,86.1,146.4,58.1,23.0,89.3,189.6,1.9,26.45,6,0,1,1
ICU_00238,50,1,26.9,71.5,99.1,76.1,22.2,92.6,164.4,0.4,6.69,10,1,0,1
ICU_02116,57,0,20.8,99.3,82.6,76.5,24.8,91.7,78.9,1.06,17.93,22,0,3,1
ICU_05804,83,0,,78.7,92.7,84.9,,,191.8,,,19,0,0,0
ICU_01263,45,0,16.4,72.3,88.5,69.1,23.2,91.4,120.8,1.55,16.72,0,0,0,1
ICU_04912,76,0,30.0,73.5,118.2,97.4,30.3,91.8,64.9,1.93,11.77,2,1,1,1
ICU_04947,37,1,26.5,83.4,140.1,91.3,13.9,91.5,40.0,0.7,4.18,22,0,1,1
ICU_00940,38,0,22.4,50.9,74.0,60.9,16.1,87.5,95.8,0.43,15.44,0,1,2,1
ICU_00337,56,0,25.2,97.1,137.5,59.9,9.8,100.0,63.8,0.57,20.58,24,0,2,1
ICU_00329,73,1,28.6,81.8,101.5,73.9,14.4,94.8,137.3,2.45,1.0,2,0,0,0
ICU_03644,47,1,,66.2,127.3,35.1,,,188.3,,,0,1,0,1
ICU_01992,83,0,13.0,74.4,145.0,80.4,16.3,99.3,202.4,2.47,3.96,17,1,2,1
ICU_00031,95,0,35.0,62.5,111.6,65.3,11.5,86.5,212.2,2.22,11.89,8,0,2,0
ICU_02433,58,0,33.2,105.0,115.6,58.2,12.1,92.7,59.6,0.3,4.29,18,1,2,1
ICU_02582,61,1,18.6,85.6,116.9,71.9,12.2,97.5,212.4,2.29,27.59,22,0,3,0
ICU_00382,23,1,30.0,57.0,76.3,30.0,19.9,87.9,81.7,1.47,26.95,4,1,1,1
ICU_00438,31,1,29.3,93.6,133.3,89.4,19.6,88.7,127.7,0.7,1.0,14,1,4,1
ICU_02435,55,1,26.8,77.9,136.2,67.8,10.1,86.0,203.1,3.22,36.62,19,1,0,0
ICU_01775,38,0,32.5,54.4,96.9,82.7,15.2,88.2,188.7,0.3,2.29,6,1,3,1
ICU_04810,75,1,19.1,101.7,164.5,76.9,10.8,93.9,83.1,1.8,6.91,12,0,1,1
ICU_05271,95,0,32.6,127.5,87.7,39.0,22.5,93.5,51.2,0.3,18.21,19,1,3,1
ICU_00903,85,1,,114.2,98.6,35.8,,,114.4,,,11,1,2,1
ICU_01180,65,0,29.9,57.4,73.5,51.6,17.8,92.7,145.9,,,17,1,1,0
ICU_05138,49,0,20.2,69.4,145.0,91.9,23.3,96.2,212.0,1.41,4.03,10,0,4,0
ICU_05565,74,1,21.5,100.2,155.0,83.8,8.1,93.5,175.7,2.2,29.77,19,1,0,1
ICU_00011,53,0,25.4,77.8,121.3,76.5,12.5,98.3,177.6,4.15,7.25,0,1,0,1
ICU_00691,82,1,26.8,103.2,150.4,71.4,18.9,91.0,190.7,0.3,3.43,18,0,3,1
ICU_03787,46,0,42.9,86.6,123.2,91.6,21.2,88.9,172.9,0.95,1.23,17,0,0,0
ICU_04345,62,1,27.5,120.9,109.3,60.1,32.9,90.9,60.6,0.87,12.96,20,0,2,0
ICU_03900,51,0,25.6,81.9,126.0,58.4,10.9,97.0,43.2,0.3,2.53,15,0,1,1
ICU_01181,87,1,20.8,73.9,107.4,66.0,9.3,92.8,92.5,1.32,2.72,2,1,1,1
ICU_02990,89,0,27.9,87.1,125.7,58.3,17.9,100.0,40.0,0.71,11.54,7,1,3,0
ICU_04957,81,1,34.2,84.5,129.3,65.0,21.1,97.5,158.4,0.43,5.05,13,1,2,0
ICU_02019,39,1,25.3,95.8,133.1,67.3,19.1,95.8,102.6,0.74,1.52,18,1,4,1
ICU_00000,70,0,19.3,88.3,64.1,75.6,14.4,94.8,231.1,0.46,7.92,12,0,3,0
ICU_00681,41,1,31.6,76.2,138.8,92.6,23.9,86.9,161.7,0.9,9.35,12,0,2,1
ICU_00533,40,1,22.4,58.9,147.8,92.1,12.6,93.6,69.3,3.42,2.33,2,1,4,0
ICU_01270,81,0,25.8,102.9,120.1,93.7,13.8,93.3,200.0,0.3,23.23,7,0,4,1
ICU_04447,63,1,19.9,77.2,161.8,96.9,23.9,85.2,81.4,0.97,1.0,1,1,0,1
ICU_01319,58,0,44.4,88.8,99.5,94.0,16.7,91.3,73.3,0.66,8.37,18,1,1,1
ICU_01683,67,1,17.1,99.2,111.7,58.8,22.1,92.7,108.9,0.3,13.55,22,0,4,1
ICU_05060,56,0,19.5,81.0,74.4,106.5,15.3,90.4,311.4,0.57,9.73,15,1,4,1
ICU_01693,37,1,31.9,63.4,100.1,123.0,18.2,100.0,164.6,0.3,1.0,19,0,1,0
ICU_05859,50,1,20.2,60.6,92.3,56.6,23.5,93.8,80.1,1.37,21.12,22,0,3,1
ICU_04206,70,0,,79.5,111.5,85.3,,,100.1,,,22,0,1,1
ICU_DUP_0002,89,0,36.4,133.7,121.6,96.5,13.9,92.0,63.8,1.73,20.37,13,0,2,1
ICU_05307,46,1,25.1,69.8,130.9,46.8,15.7,89.7,175.0,0.82,3.21,2,1,3,1
ICU_00844,64,1,23.4,96.7,127.5,74.5,24.4,88.5,195.3,1.9,1.72,12,1,1,0
ICU_04930,81,0,34.6,59.4,105.6,78.2,19.6,100.0,238.5,0.88,14.56,21,1,0,0
ICU_01272,42,1,,82.7,110.5,51.7,,,186.8,,,20,1,0,1
ICU_04282,82,1,,84.3,148.5,70.7,,,289.2,,,24,1,1,0
ICU_05120,37,1,46.2,100.3,62.8,62.9,14.4,98.6,231.8,1.22,1.0,15,1,3,1
ICU_04540,43,0,28.3,118.7,143.8,67.2,15.1,94.8,211.2,1.7,,7,1,0,1
ICU_05556,63,0,17.6,91.4,131.0,61.9,16.9,96.3,145.0,0.31,10.18,18,0,1,0
ICU_04421,42,0,29.9,80.4,108.6,53.9,17.9,100.0,67.2,0.3,11.81,1,1,2,0
ICU_03635,66,0,38.8,109.8,104.1,97.2,33.6,91.5,222.7,2.14,5.83,0,1,0,1
ICU_00855,51,1,33.3,112.4,111.7,64.0,9.9,90.8,262.5,0.3,3.95,7,1,2,0
ICU_04996,74,1,32.8,75.1,144.8,77.0,10.8,87.0,203.4,0.94,23.85,3,0,2,1
ICU_01122,73,0,32.2,372.26376748702216,1065.7531587887324,96.9,26.7,97.5,1402.2053538183266,6.2891708155258135,13.16,21,0,1,1
ICU_01938,81,0,35.7,74.4,116.3,81.8,19.6,85.0,122.6,2.55,21.89,0,1,1,0
ICU_00441,61,0,29.0,98.1,125.9,52.3,17.0,100.0,103.1,1.25,11.26,16,1,3,1
ICU_01467,69,1,38.6,96.3,138.0,63.2,12.7,97.1,158.4,0.33,1.65,17,1,2,1
ICU_02005,65,0,22.8,98.1,107.4,50.5,6.9,97.9,187.2,2.13,1.0,1,1,0,1
ICU_05690,63,0,16.2,96.5,188.6,86.4,14.0,88.5,142.1,2.43,4.74,12,0,2,1
ICU_01327,59,1,24.8,73.7,125.1,98.1,14.1,99.5,283.3,0.3,1.0,4,1,1,0
ICU_01816,23,1,18.5,104.2,107.9,68.0,14.9,96.8,157.5,0.75,1.0,6,0,0,1
ICU_03639,70,0,50.2,77.7,107.7,95.9,17.5,100.0,182.1,0.96,1.06,8,0,1,1
ICU_01041,53,0,21.9,96.3,105.8,58.2,21.3,100.0,133.4,1.02,4.06,16,0,2,1
ICU_05202,64,0,22.3,66.4,93.9,63.9,11.7,99.3,235.3,1.07,2.89,10,0,0,1
ICU_02362,34,0,25.2,94.3,93.5,82.7,22.6,97.1,131.1,3.6,13.82,16,0,0,1
ICU_03809,76,0,26.3,132.4,157.9,93.4,21.7,96.5,40.0,1.67,25.64,18,1,1,1
ICU_05958,53,0,32.0,89.4,75.5,80.9,9.0,89.1,54.0,0.3,1.0,5,0,3,1
ICU_04907,41,0,25.5,100.5,116.2,95.2,8.7,99.4,261.0,4.16,3.94,11,0,1,1
ICU_00049,30,1,22.1,97.7,163.3,45.3,10.8,89.2,160.7,3.17,6.22,12,0,2,1
ICU_00697,39,0,19.6,106.0,80.2,55.9,24.7,99.8,173.4,0.75,25.94,15,0,0,1
ICU_05494,69,0,34.7,79.0,126.3,64.1,22.2,95.7,40.0,1.81,7.69,19,1,2,0
ICU_00462,49,0,31.1,71.5,91.0,46.3,13.5,93.3,157.5,2.41,9.48,7,1,2,1
ICU_05089,49,1,,124.6,68.5,75.9,,,145.3,,,3,0,0,0
ICU_03854,55,1,37.2,47.7,93.8,59.3,20.4,90.1,190.1,3.46,1.08,18,0,3,1
ICU_05615,18,1,12.6,104.5,69.9,32.6,27.0,93.5,169.8,4.77,2.68,19,0,0,1
ICU_05015,52,0,,85.5,106.6,83.1,,,148.0,,,14,1,0,1
ICU_04400,70,0,,53.3,150.9,70.5,,,110.3,,,5,1,3,0
ICU_01675,56,0,37.4,39.9,148.6,60.4,29.6,94.8,119.6,1.13,1.49,9,1,0,1
ICU_DUP_0030,27,1,28.7,132.0,115.8,70.2,14.5,97.0,202.1,2.27,16.12,22,0,0,1
ICU_04495,92,1,23.8,102.4,108.5,77.8,28.2,98.8,97.3,1.0,4.8,15,1,1,0
ICU_01470,83,1,36.2,82.8,89.4,110.9,23.0,93.7,123.4,0.3,4.92,17,0,2,0
ICU_DUP_0070,58,0,17.9,71.5,117.1,92.9,15.5,93.7,132.8,0.3,34.73,19,1,4,0
ICU_01185,78,1,,73.7,115.0,95.2,,,179.2,,,19,1,4,0
ICU_00203,80,0,20.3,742.6631864022412,381.7834844177826,47.9,14.5,91.5,270.909701021293,7.78220214479377,43.24,20,0,2,0
ICU_03528,29,0,39.6,99.6,97.5,46.5,17.2,94.0,40.0,0.55,1.09,1,1,2,1
ICU_02105,91,0,,116.9,151.3,70.2,,,114.8,,,13,1,2,1
ICU_00790,69,1,28.9,78.3,132.0,78.3,31.0,98.6,179.5,2.26,6.83,15,0,0,1
ICU_04289,72,1,30.8,108.7,168.3,77.0,15.5,92.2,104.1,3.88,14.23,6,1,0,1
ICU_04845,71,1,12.5,107.0,89.5,31.5,20.8,100.0,60.4,0.33,18.79,24,0,1,0
ICU_04784,95,1,10.2,70.6,151.6,78.2,19.8,91.1,51.9,7.45,1.0,9,1,1,0
ICU_01551,58,0,17.9,71.5,117.1,92.9,15.5,93.7,132.8,0.3,34.73,19,1,4,0
ICU_03638,59,1,23.2,107.2,112.0,56.3,24.2,83.9,159.7,0.7,12.76,8,0,0,1
ICU_02290,93,1,,87.0,188.9,65.1,,,270.9,,,11,0,3,1
ICU_02213,53,1,18.8,81.9,138.2,77.5,32.0,95.9,85.9,0.77,2.47,3,0,0,1
ICU_01631,46,1,29.0,89.3,123.5,104.3,12.3,98.9,155.8,0.68,3.9,17,0,0,1
ICU_04920,91,1,,130.7,144.4,91.1,,,215.4,,,13,0,5,0
ICU_00962,65,0,31.2,128.1,126.0,90.4,25.9,100.0,185.7,1.37,9.47,6,1,1,1
ICU_03224,67,0,,64.6,60.0,71.9,,,184.3,,,21,1,2,1
ICU_01595,43,1,35.5,97.5,170.0,61.4,18.7,89.7,137.3,1.71,11.12,12,0,4,1
ICU_04376,19,0,23.8,80.1,168.3,74.7,16.8,95.2,336.2,1.23,4.65,21,1,3,1
ICU_00105,69,0,29.9,105.9,131.3,69.3,19.6,98.3,201.9,,,13,1,2,1
ICU_02882,51,0,28.4,112.6,105.5,76.8,23.9,97.2,227.0,0.43,1.0,11,0,3,1
ICU_02909,84,1,16.8,158.7,129.9,82.7,28.1,100.0,195.2,4.64,8.49,16,0,3,0
ICU_00458,52,1,12.3,109.9,121.9,35.8,13.0,87.8,149.9,0.3,6.54,9,1,4,0
ICU_03248,66,1,32.2,129.5,123.1,42.2,10.4,97.2,202.4,0.3,1.7,8,0,1,0
ICU_00680,74,0,33.0,80.2,126.9,66.6,16.5,99.3,120.5,0.31,18.25,16,1,2,0
ICU_02134,55,1,28.9,51.7,127.4,61.7,12.7,99.8,181.3,0.74,1.31,4,1,0,1
ICU_05367,56,1,51.9,99.0,114.4,87.6,21.1,85.8,121.1,0.3,7.97,16,0,0,1
ICU_04641,64,1,21.5,77.1,101.2,68.9,26.9,86.3,88.7,1.84,5.21,12,0,1,1
ICU_00122,87,1,22.6,97.5,130.0,69.6,21.0,94.2,184.7,0.51,12.59,17,0,2,0
ICU_03999,68,0,25.8,119.8,129.9,95.0,20.2,98.8,131.2,2.65,23.03,22,0,0,1
